Workbook

Sheet 2018 raw
A1: idBeneficiaire | B1: montant | C1: nomBénéficiaire | D1: referenceDecision | E1: dateConvention | F1: objet | G1: nature | H1: conditionsVerse ment | I1: datesPériodeVersement | J1: idRAE | K1: notification UE | L1: pourcenta geSubvent ion
A2: PUBLICATION DU 28/02/2018
A3: ADIL (asso. départ. pour information sur logement) | B3: 97 740,00 | C3: 305378234 | D3: 2017/739_2017-11-24 | E3: 43069 | F3: fonctionnement | G3: aide en numéraire | H3: échelonné | I3: 2017-11-30_2018-05-30 | J3: sans objet | K3: non | L3: 1
A4: COMPAGNONS BATISSEURS | B4: 95 932,00 | C4: 488566613 | D4: 2017/837_2017-12-22 | E4: 43091 | F4: actions de formation | G4: aide en numéraire | H4: échelonné | I4: 2017-12-22_2018-06-22 | J4: sans objet | K4: non | L4: 1
A5: FABRIQUE POLA | B5: 114 000,00 | C5: 444337588 | D5: 2017/747_2017-11-24 | E5: 43112 | F5: fonctionnement 2017 | G5: aide en numéraire | H5: échelonné | I5: 2018-01-12_2018-07-12 | J5: sans objet | K5: non | L5: 1
A6: UNML (UNION NATIONALE DES MISSIONS LOCALES) | B6: 5 000,00 | C6: 434066577 | D6: 2017/686_2017-11-24 | E6: 43077 | F6: fonctionnement | G6: aide en numéraire | H6: échelonné | I6: 2017-12-08_2018-06-08 | J6: sans objet | K6: non | L6: 1
A7: ADMAA (ASSO DEFENSE MUSIQUES ALTERNATIVES) | B7: 40 000,00 | C7: 489563072 | D7: 2017/348_2017-05-19 | E7: 43133 | F7: été métropolitain 2017 | G7: aide en numéraire | H7: échelonné | I7: 2018-02-02_2018-08-08 | J7: sans objet | K7: non | L7: 1
A8: PUBLICATION DU 26/04/2018
A9: COS PERSONNEL Bordeaux Metropole | B9: 1 680 000,00 | C9: 483013405 | D9: 2017/810_2017-12-22 | E9: 43091 | F9: fonctionnement | G9: aide en numéraire | H9: échelonné | I9: 2017-12-22_2018-06-22 | J9: sans objet | K9: non | L9: 1
A10: UFASEC | B10: 10 870,00 | C10: 789105954 | D10: 2017/800_2017-22-12 | E10: 43091 | F10: fonctionnement | G10: aide en numéraire | H10: 1 versement | I10: 2017-12-22_2018-06-22 | J10: sans objet | K10: non | L10: 1
A11: ARTS & LOISIRS D'ARLAC | B11: 7 900,00 | C11: 306040312 | D11: 2017/603_2017-11-24 | E11: 43130 | F11: fonctionnement | G11: aide en numéraire | H11: échelonné | I11: 2018-01-30_2018-07-30 | J11: sans objet | K11: non | L11: 1
A12: CIJA | B12: 32 000,00 | C12: 306564279 | D12: 2018/001_2018-01-26 | E12: 43126 | F12: fonctionnement | G12: aide en numéraire | H12: échelonné | I12: 2018-01-26_2018-26-07 | J12: sans objet | K12: non | L12: 1
A13: MÉMOIRE DE BORDEAUX | B13: 96 187,50 | C13: 342215456 | D13: 2018/002_2018-01-26 | E13: 43126 | F13: fonctionnement | G13: aide en numéraire | H13: échelonné | I13: 2018-01-26_2018-07-26 | J13: sans objet | K13: non | L13: 1
A14: AURBA | B14: 4 372 007,00 | C14: 781814488 | D14: 2017/833_2017-12-22 | E14: 43136 | F14: fonctionnement | G14: aide en numéraire | H14: échelonné | I14: 2018-02-05_2018-07-05- | J14: sans objet | K14: non | L14: 1
A15: UBM | B15: 77 000,00 | C15: 418921409 | D15: 2017/801_2017-12-22 | E15: 43143 | F15: fonctionnement | G15: aide en numéraire | H15: échelonné | I15: 2018-02-12_2018-08-02 | J15: sans objet | K15: non | L15: 1
A16: JIB (JUMPING INTERNATIONAL DE BORDEAUX) | B16: 34 000,00 | C16: 420252348 | D16: 2018/003_2018-01-26 | E16: 43160 | F16: 22e salon du cheval | G16: aide en numéraire | H16: échelonné | I16: 2018-03-01_2018-09-01 | J16: sans objet | K16: non | L16: 1
A17: CSDL (caisse sociale de dév local) | B17: 38 000,00 | C17: 419009105 | D17: 2017/204_2017-04-14 | E17: 43161 | F17: fonctionnement | G17: aide en numéraire | H17: échelonné | I17: 2018-03-02_2018-09-02 | J17: sans objet | K17: non | L17: 1
A18: PAIN ET PARTAGE SAS | B18: 60 000,00 | C18: 832333181 | D18: 2018/005_2018-01-26 | E18: 43161 | F18: aide à l'investissement | G18: aide en numéraire | H18: échelonné | I18: 2018-03-02_2018-09-02 | J18: sans objet | K18: non | L18: 1
A19: FABRIQUE POLA | B19: 114 000,00 | C19: 444337588 | D19: 2018/41_2018-01-26 | E19: 43172 | F19: fonctionnement | G19: aide en numéraire | H19: échelonné | I19: 2018-03-13_2018-10-13 | J19: sans objet | K19: non | L19: 1
A20: MUSIQUES DE NUIT DIFFUSION | B20: 35 000,00 | C20: 341693190 | D20: 2018-42_2018-01-26 | E20: 43174 | F20: Festival afro new bell | G20: aide en numéraire | H20: échelonné | I20: 2018-03-15_2018-09-15 | J20: sans objet | K20: non | L20: 1
A21: idBeneficiaire | B21: montant | C21: nomBénéficiaire | D21: referenceDecision | E21: dateConvention | F21: objet | G21: nature | H21: conditionsVerse ment | I21: datesPériodeVersement | J21: idRAE | K21: notification UE | L21: pourcenta geSubvent ion
A22: ASSO EUROPEENNE DU FILM ANIMATION | B22: 150 000,00 | C22: 509079794 | D22: 2018/49_2018-02-16 | E22: 43185 | F22: Cartoon movie | G22: aide en numéraire | H22: échelonné | I22: 2018-03-26_2018-09-26 | J22: sans objet | K22: non | L22: 1
A23: PUBLICATION du 03/07/2018
A24: UNIS CITES | B24: 49 000,00 | C24: 398191569 | D24: 2017/736_2018-01-17 | E24: 43124 | F24: fonctionnement | G24: aide en numéraire | H24: échelonné | I24: 2018-01-24_2018-07-24 | J24: sans objet | K24: non | L24: 1
A25: STADE BORDELAIS ASPTT | B25: 65 000,00 | C25: 781843594 | D25: 2017/184_2018-03-23 | E25: 43182 | F25: marathon 2018 | G25: aide en numéraire | H25: échelonné | I25: 2018-03-23_2018-09-23 | J25: sans objet | K25: non | L25: 1
A26: SEMER LE DOUTE | B26: 15 000,00 | C26: 533896825 | D26: 2018/182_2018-03-23 | E26: 43222 | F26: FIFIB le coureur 2018 | G26: aide en numéraire | H26: échelonné | I26: 2018-05-02_2018-11-02 | J26: sans objet | K26: non | L26: 1
A27: SUPERCOOP SAS | B27: 24 176,00 | C27: 825241318 | D27: 2018/103_2018-03-23 | E27: 43208 | F27: fonctionnement | G27: aide en numéraire | H27: échelonné | I27: 2018-04-18_2018-10-18 | J27: sans objet | K27: non | L27: 1
A28: ALEC agence locale de l'énergie | B28: 137 000,00 | C28: 495009441 | D28: 2018/278_2018-04-27 | E28: 43235 | F28: fonctionnement | G28: aide en numéraire | H28: échelonné | I28: 2018-05-15_2018-11-15 | J28: sans objet | K28: non | L28: 1
A29: BORDEAUX OPEN AIR | B29: 10 000,00 | C29: 821354933 | D29: 2018/283_2018-04-27 | E29: 43244 | F29: été métropolitain | G29: aide en numéraire | H29: échelonné | I29: 2018-05-24_2018-11-24 | J29: sans objet | K29: non | L29: 1
A30: IDDAC | B30: 17 500,00 | C30: 383890233 | D30: 2018/177_2018-03-23 | E30: 43248 | F30: journées juniors dév.durable (JDD) | G30: aide en numéraire | H30: échelonné | I30: 2018-05-28_2018-11-28 | J30: sans objet | K30: non | L30: 1
A31: TRAFIC | B31: 10 000,00 | C31: 789632254 | D31: 2018/283_2018-04-27 | E31: 43250 | F31: été métropolitain | G31: aide en numéraire | H31: échelonné | I31: 2018-05-30_2018-11-30 | J31: sans objet | K31: non | L31: 1
A32: ARIANE PRODUCTIONS | B32: 9 610,00 | C32: 438794034 | D32: 2018/283_2018-04-27 | E32: 43244 | F32: été métropolitain | G32: aide en numéraire | H32: échelonné | I32: 2018-05-24_2018-11-24 | J32: sans objet | K32: non | L32: 1
A33: CSDL (caisse sociale dév local) | B33: 38 000,00 | C33: 419009105 | D33: 2018/208-2018-04-27 | E33: 43252 | F33: ESS | G33: aide en numéraire | H33: échelonné | I33: 2018-06-01_2018-12-01 | J33: sans objet | K33: non | L33: 1
A34: IDDAC | B34: 17 000,00 | C34: 383890233 | D34: 2018/283_2018-04-27 | E34: 43252 | F34: été métropolitain | G34: aide en numéraire | H34: échelonné | I34: 2018-06-01_2018-12-01 | J34: sans objet | K34: non | L34: 1
A35: ATIS | B35: 42 750,00 | C35: 522896091 | D35: 2018/208-2018-04-27 | E35: 43255 | F35: ESS | G35: aide en numéraire | H35: échelonné | I35: 2018-06-04_2018-12-04 | J35: sans objet | K35: non | L35: 1
... A43: THE DESK | B43: 11 000,00 | C43: 824274781 | D43: 2018/283_2018-04-27 | E43: 43252 | F43: été métropolitain | G43: aide en numéraire | H43: échelonné | I43: 2018-06-01_2018-12-01 | J43: sans objet | K43: non | L43: 1
A44: idBeneficiaire | B44: montant | C44: nomBénéficiaire | D44: referenceDecision | E44: dateConvention | F44: objet | G44: nature | H44: conditionsVerse ment | I44: datesPériodeVersement | J44: idRAE | K44: notification UE | L44: pourcenta geSubvent ion
A45: SEMER LE DOUTE | B45: 26 000,00 | C45: 533896825 | D45: 2018/284_2018-04-27 | E45: 43257 | F45: contrat codev | G45: aide en numéraire | H45: échelonné | I45: 2018-06-06_2018-12-06 | J45: sans objet | K45: non | L45: 1
A46: LETTRES DU MONDE | B46: 5 000,00 | C46: 452274798 | D46: 2018/283_2018-04-27 | E46: 43250 | F46: été métropolitain | G46: aide en numéraire | H46: échelonné | I46: 2018-05-30_2018-11-30 | J46: sans objet | K46: non | L46: 1
A47: L'IRREGULIERE | B47: 8 000,00 | C47: 833920077 | D47: 2018/283_2018-04-27 | E47: 43257 | F47: été métropolitain | G47: aide en numéraire | H47: échelonné | I47: 2018-06-06_2018-12-06 | J47: sans objet | K47: non | L47: 1
A48: ADMAA (ASSO DEFENSE MUSIQUES ALTERNATIVES) | B48: 20 000,00 | C48: 489563072 | D48: 2018/283_2018-04-27 | E48: 43255 | F48: été métropolitain | G48: aide en numéraire | H48: échelonné | I48: 2018-06-04_2018-12-04 | J48: sans objet | K48: non | L48: 1
A49: RICOCHET SONORE | B49: 15 000,00 | C49: 809102510 | D49: 2018/283_2018-04-27 | E49: 43262 | F49: été métropolitain | G49: aide en numéraire | H49: échelonné | I49: 2018-06-11_2018-12-11 | J49: sans objet | K49: non | L49: 1
A50: ESCALES LITTERAIRES BX AQUITAINE | B50: 150 000,00 | C50: 344264759 | D50: 2018/284_2018-04-27 | E50: 43259 | F50: escales du livre | G50: aide en numéraire | H50: échelonné | I50: 2018-06-08_2018-12-08 | J50: sans objet | K50: non | L50: 1
A51: DATCHA | B51: 8 000,00 | C51: 811411560 | D51: 2018/283_2018-04-27 | E51: 43263 | F51: été metropolitain | G51: aide en numéraire | H51: échelonné | I51: 2018-06-12_2018-12-12 | J51: sans objet | K51: non | L51: 1
A52: MECHANIC CROUS | B52: 12 600,00 | C52: 798365870 | D52: 2018/283_2018-04-27 | E52: 43264 | F52: été metropolitain | G52: aide en numéraire | H52: échelonné | I52: 2018-06-13_2019-12-13 | J52: sans objet | K52: non | L52: 1
A53: ARC EN REVE | B53: 407 253,00 | C53: 321237034 | D53: 2018/161_2018-03-23 | E53: 43259 | F53: fonctionnement | G53: aide en numéraire | H53: échelonné | I53: 2018-06-08_2018-12-08 | J53: sans objet | K53: non | L53: 1
A54: AQUITAINE ACTIVE | B54: 33 250,00 | C54: 451546097 | D54: 2018/207-2018-04-27 | E54: 43266 | F54: ESS | G54: aide en numéraire | H54: échelonné | I54: 2018-06-15_2018-12-15 | J54: sans objet | K54: non | L54: 1
A55: LE POEME EN VOLUME | B55: 5 000,00 | C55: 810971283 | D55: 2018/283_2018-04-27 | E55: 43269 | F55: été métropolitain | G55: aide en numéraire | H55: échelonné | I55: 2018-06-18_2018-12-18 | J55: sans objet | K55: non | L55: 1
A56: AMANIEU DE BOULIAC | B56: 6 500,00 | C56: 422839365 | D56: 2018/284_2018-04-27 | E56: 43269 | F56: codev les médiévales | G56: aide en numéraire | H56: échelonné | I56: 2018-06-18_2018-12-18 | J56: sans objet | K56: non | L56: 1
... A65: ATIS | B65: 20 000,00 | C65: 522896091 | D65: 2018/196_2018-04-27 | E65: 43271 | F65: Startup du territoire | G65: aide en numéraire | H65: échelonné | I65: 2018-06-20_2018-12-20 | J65: sans objet | K65: non | L65: 1
A66: idBeneficiaire | B66: montant | C66: nomBénéficiaire | D66: referenceDecision | E66: dateConvention | F66: objet | G66: nature | H66: conditionsVerse ment | I66: datesPériodeVersement | J66: idRAE | K66: notification UE | L66: pourcenta geSubvent ion
A67: ARC SUD DEVELOPPEMENT | B67: 47 500,00 | C67: 421985235 | D67: 2018/206-2018-04-27 | E67: 43271 | F67: fonctionnement | G67: aide en numéraire | H67: échelonné | I67: 2018-06-20_2018-12-20 | J67: sans objet | K67: non | L67: 1
A68: INVEST IN BORDEAUX | B68: 332 775,00 | C68: 409199817 | D68: 2018/283-2018-04-27 | E68: 43271 | F68: fonctionnement | G68: aide en numéraire | H68: échelonné | I68: 2018-06-20_2018-12-20 | J68: sans objet | K68: non | L68: 1
A69: PETRONILLE | B69: 5 800,00 | C69: 438269631 | D69: 2018/283-2018-04-27 | E69: 43270 | F69: été métropolitain | G69: aide en numéraire | H69: échelonné | I69: 2018-06-19_2018-12-19 | J69: sans objet | K69: non | L69: 1
A70: ADIEU PANURGE | B70: 7 190,00 | C70: 828195339 | D70: 2018/283-2018-04-27 | E70: 43264 | F70: été métropolitain | G70: aide en numéraire | H70: échelonné | I70: 2018-06-13_2018-12-13 | J70: sans objet | K70: non | L70: 1
A71: MUSIQUE DE NUIT DIFFUSION | B71: 40 000,00 | C71: 341693190 | D71: 2018/283-2018-04-27 | E71: 43269 | F71: été métropolitain | G71: aide en numéraire | H71: échelonné | I71: 2018-06-18_2018-12-18 | J71: sans objet | K71: non | L71: 1
A72: FESTIVAL DES ARTS DE BORDEAUX FAB | B72: 160 000,00 | C72: 420089567 | D72: 2018/284_2018-04-27 | E72: 43269 | F72: codev festival | G72: aide en numéraire | H72: échelonné | I72: 2018-06-18_2018-12-18 | J72: sans objet | K72: non | L72: 1
A73: ESPRIT DE CORPS | B73: 20 000,00 | C73: 420089567 | D73: 2018/284_2018-04-27 | E73: 43269 | F73: codev festival Pouce | G73: aide en numéraire | H73: échelonné | I73: 2018-06-18_2018-12-18 | J73: sans objet | K73: non | L73: 1
A74: CHAHUTS | B74: 35 000,00 | C74: 402652853 | D74: 2018/284_2018-04-27 | E74: 43269 | F74: codev festival | G74: aide en numéraire | H74: échelonné | I74: 2018-06-18_2018-12-18 | J74: sans objet | K74: non | L74: 1
A75: MUSIQUE DE NUIT DIFFUSION | B75: 25 000,00 | C75: 341693190 | D75: 2018/284_2018-04-27 | E75: 43269 | F75: codev festival Hauts de Garonne | G75: aide en numéraire | H75: échelonné | I75: 2018-06-18_2018-12-18 | J75: sans objet | K75: non | L75: 1
A76: ACTIMAGE | B76: 2 100,00 | C76: 750447567 | D76: 2018/283-2018-04-27 | E76: 43279 | F76: été métropolitain | G76: aide en numéraire | H76: échelonné | I76: 2018-06-28_2018-12-28 | J76: sans objet | K76: non | L76: 1
A77: HAUTS DE GARONNE | B77: 45 000,00 | C77: 349753467 | D77: 2018/205_2018-04-27 | E77: 43279 | F77: fonctionnement | G77: aide en numéraire | H77: échelonné | I77: 2018-06-28_2018-12-28 | J77: sans objet | K77: non | L77: 1
A78: PASSAGE A L'ART | B78: 15 200,00 | C78: 484382189 | D78: 2018/284_2018-04-27 | E78: 43279 | F78: codev Regard 9 | G78: aide en numéraire | H78: échelonné | I78: 2018-06-28_2018-12-28 | J78: sans objet | K78: non | L78: 1
... A80: MELI MEL ARTS | B80: 8 000,00 | C80: 524259363 | D80: 2018/284_2018-04-27 | E80: 43283 | F80: codev festival | G80: aide en numéraire | H80: échelonné | I80: 2018-07-02_2019-01-02 | J80: sans objet | K80: non | L80: 1
A81: PUBLICATION du 18/09/2018
A82: COOP ALPHA | B82: 54 000,00 | C82: 48237148100029 | D82: 2018/208-2018-04-27 | E82: 43264 | F82: ESS soutien 2018 | G82: aide en numéraire | H82: échelonné | I82: 2018-06-13_2018-12-13 | J82: sans objet | K82: non | L82: 1
A83: BORDEAUX GRANDS EVENEMENTS | B83: 200 000,00 | C83: 48875025800011 | D83: 2018/200-2018-04-27 | E83: 43285 | F83: fête du vin 2018 | G83: aide en numéraire | H83: échelonné | I83: 2018-07-04_2019-01-04 | J83: sans objet | K83: non | L83: 1
A84: AQUITAINE ACTIVE | B84: 41 000,00 | C84: 45154697000010 | D84: 2018/208-2018-04-27 | E84: 43286 | F84: ESS soutien investissement | G84: aide en numéraire | H84: échelonné | I84: 2018-07-05_2019-01-05 | J84: sans objet | K84: non | L84: 1
A85: ADMAA (ASSO DEFENSE MUSIQUES ALTERNATIVES) | B85: 15 000,00 | C85: 48956307200020 | D85: 2018/353-2018-06-15 | E85: 43287 | F85: codev Festival Relâche | G85: aide en numéraire | H85: échelonné | I85: 2018-07-06_2019-01-06 | J85: sans objet | K85: non | L85: 1
A86: ASSOCIATION FESTIVAL ODP | B86: 40 000,00 | C86: 82343035000012 | D86: 2018/353-2018-06-15 | E86: 43280 | F86: codev Festival ODP | G86: aide en numéraire | H86: échelonné | I86: 2018-06-29_2018-12-29 | J86: sans objet | K86: non | L86: 1
A87: GLUTAMINE | B87: 10 000,00 | C87: 82982336800016 | D87: 2018/178_2018-03-23 | E87: 43263 | F87: action haute qualité de vie | G87: aide en numéraire | H87: échelonné | I87: 2018-06-12_2018-12-12 | J87: sans objet | K87: non | L87: 1
A88: idBeneficiaire | B88: montant | C88: nomBénéficiaire | D88: referenceDecision | E88: dateConvention | F88: objet | G88: nature | H88: conditionsVerse ment | I88: datesPériodeVersement | J88: idRAE | K88: notification UE | L88: pourcenta geSubvent ion
A89: TALENCE INNOVATION SUD DEVELOPP. | B89: 42 700,00 | C89: 42971672300011 | D89: 2018/204-2018-04-27 | E89: 43299 | F89: actions 2018 | G89: aide en numéraire | H89: échelonné | I89: 2018-07-18_2018-01-18 | J89: sans objet | K89: non | L89: 1
A90: MOM'OUEST | B90: 10 000,00 | C90: 82213407800010 | D90: 2018/302-2018-06-15 | E90: 43299 | F90: investissement | G90: aide en numéraire | H90: échelonné | I90: 2018-07-18_2018-01-18 | J90: sans objet | K90: non | L90: 1
A91: LES ARTS AU MUR | B91: 15 000,00 | C91: 43434085700037 | D91: 2018/284_2018-04-27 | E91: 43300 | F91: fonctionnement | G91: aide en numéraire | H91: échelonné | I91: 2018-07-19_2018-01-19 | J91: sans objet | K91: non | L91: 1
A92: LES RESTAURANTS DU CŒUR | B92: 25 000,00 | C92: 37954994200025 | D92: 2018/303-2018-06-15 | E92: 43299 | F92: fonctionnement | G92: aide en numéraire | H92: échelonné | I92: 2018-07-18_2018-01-18 | J92: sans objet | K92: non | L92: 1
A93: IUFM | B93: 10 000,00 | C93: 75198395800024 | D93: 2018/178_2018-03-23 | E93: 43276 | F93: transition énergétique | G93: aide en numéraire | H93: échelonné | I93: 2018-06-25_2018-12-25 | J93: sans objet | K93: non | L93: 1-
A94: GRAINE AQUITAINE | B94: 52 500,00 | C94: 38956456800027 | D94: 2018/280_2018-04-27 | E94: 43252 | F94: juniors développement durable | G94: aide en numéraire | H94: échelonné | I94: 2018-06-01_2018-12-01 | J94: sans objet | K94: non | L94: 1
A95: ETU RECUP | B95: 3 000,00 | C95: 80127165100011 | D95: 2018/178_2018-03-23 | E95: 43301 | F95: animation maison éco citoyenne | G95: aide en numéraire | H95: échelonné | I95: 2018-07-20_2018-01-20 | J95: sans objet | K95: non | L95: 1
A96: ADEM | B96: 58 000,00 | C96: 39811228400011 | D96: 2018/468_2018-07-06 | E96: 43319 | F96: Décastar | G96: aide en numéraire | H96: échelonné | I96: 2018-08-07_2019-02-07 | J96: sans objet | K96: non | L96: 1
A97: CYCLES ET MANIVELLES | B97: 55 000,00 | C97: 80077623900017 | D97: 2018/347-2018-06-15 | E97: 43318 | F97: actions mobilité | G97: aide en numéraire | H97: échelonné | I97: 2018-08-06_2019-02-06 | J97: sans objet | K97: non | L97: 1
A98: COMPAGNONS BATISSEURS | B98: 10 000,00 | C98: 48856661300037 | D98: 2018/40_2018-01-26 | E98: 43285 | F98: plateforme SOLIBAT | G98: aide en numéraire | H98: échelonné | I98: 2018-07-04_2019-01-04 | J98: sans objet | K98: non | L98: 1
A99: BORDEAUX TECHNOWEST | B99: 420 000,00 | C99: 37781852100025 | D99: 2018/368-2018-07-06 | E99: 43306 | F99: fonctionnement | G99: aide en numéraire | H99: échelonné | I99: 2018-07-25_2019-01-25 | J99: sans objet | K99: non | L99: 1
A100: BORDEAUX UNITEC | B100: 139 000,00 | C100: 37796404400038 | D100: 2018/367-2018-07-06 | E100: 43306 | F100: programme d'actions | G100: aide en numéraire | H100: échelonné | I100: 2018-07-25_2019-01-25 | J100: sans objet | K100: non | L100: 1
A101: CREAC DE BEGLES | B101: 9 000,00 | C101: 37809063300017 | D101: 2018/367-2018-06-15 | E101: 43306 | F101: programme d'actions | G101: aide en numéraire | H101: échelonné | I101: 2018-07-25_2019-01-25 | J101: sans objet | K101: non | L101: 1
A102: ETU RECUP | B102: 13 538,00 | C102: 80127165100011 | D102: 2018/40_2018-01-26 | E102: 43298 | F102: ressourcerie Campus | G102: aide en numéraire | H102: échelonné | I102: 2018-07-17_2019-01-17 | J102: sans objet | K102: non | L102: 1
A103: L'EPHEMERE | B103: 5 000,00 | C103: 82138441900015 | D103: 2018/40_2018-01-26 | E103: 43298 | F103: programme d'actions | G103: aide en numéraire | H103: échelonné | I103: 2018-07-17_2019-01-17 | J103: sans objet | K103: non | L103: 1
A104: VELO CITE | B104: 28 000,00 | C104: 43288382500031 | D104: 2018/450-2018-07-06 | E104: 43304 | F104: fonctionnement | G104: aide en numéraire | H104: échelonné | I104: 2018-07-23_2019-01-23 | J104: sans objet | K104: non | L104: 1
A105: VELO CITE | B105: 55 000,00 | C105: 43288382500031 | D105: 2018/347-2018-06-15 | E105: 43304 | F105: MAMMA maison métropolitaine mobilité alternative | G105: aide en numéraire | H105: échelonné | I105: 2018-07-23_2019-01-23 | J105: sans objet | K105: non | L105: 1
... A109: LES PETITS DEBROUILLARDS | B109: 7 000,00 | C109: 41087071100083 | D109: 2018/460-2018-07-06 | E109: 43312 | F109: contrat de ville | G109: aide en numéraire | H109: échelonné | I109: 2018-07-31_2019-01-31 | J109: sans objet | K109: non | L109: 1
A110: idBeneficiaire | B110: montant | C110: nomBénéficiaire | D110: referenceDecision | E110: dateConvention | F110: objet | G110: nature | H110: conditionsVerse ment | I110: datesPériodeVersement | J110: idRAE | K110: notification UE | L110: pourcenta geSubvent ion
A111: SEW & LAINE | B111: 4 000,00 | C111: 53454877100037 | D111: 2018/460-2018-07-06 | E111: 43311 | F111: contrat de ville | G111: aide en numéraire | H111: 1 versement | I111: 2018-07-30_2019-01-30 | J111: sans objet | K111: non | L111: 1
A112: CAISSE SOCIALE DEV. LOCAL CSDL | B112: 3 500,00 | C112: 41900910500018 | D112: 2018/460-2018-07-06 | E112: 43335 | F112: contrat de ville | G112: aide en numéraire | H112: 1 versement | I112: 2018-08-23_2019-02-23 | J112: sans objet | K112: non | L112: 1
A113: ADIE | B113: 5 000,00 | C113: 35221687300211 | D113: 2018/460-2018-07-06 | E113: 43312 | F113: contrat de ville | G113: aide en numéraire | H113: 1 versement | I113: 2018-07-31_2019-01-31 | J113: sans objet | K113: non | L113: 1
A114: ADI NOUVELLE AQUITAINE | B114: 24 000,00 | C114: 82033673300010 | D114: 2018/375-2018-07-06 | E114: 43339 | F114: programme d'actions | G114: aide en numéraire | H114: 1 versement | I114: 2018-08-27_2019-02-27 | J114: sans objet | K114: non | L114: 1
A115: DIGITAL AQUITAINE | B115: 25 000,00 | C115: 80961975200011 | D115: 2018/370-2018-07-06 | E115: 43334 | F115: fonctionnement | G115: aide en numéraire | H115: échelonné | I115: 2018-08-22_2019-02-22 | J115: sans objet | K115: non | L115: 1
A116: FACE | B116: 15 000,00 | C116: 39856806300059 | D116: 2018/178_2018-03-23 | E116: 43339 | F116: université d'été | G116: aide en numéraire | H116: échelonné | I116: 2018-08-27_2019-02-27 | J116: sans objet | K116: non | L116: 1
A117: MAISON DE L'EMPLOI DE BX | B117: 230 000,00 | C117: 49058526200069 | D117: 2018/99_2018-03-23 | E117: 43182 | F117: fonctionnement | G117: aide en numéraire | H117: échelonné | I117: 2018-03-23_2018-09-23 | J117: sans objet | K117: non | L117: 1
A118: AFEPT | B118: 60 000,00 | C118: 30016423300037 | D118: 2018/100_2018-03-23 | E118: 43182 | F118: fonctionnement | G118: aide en numéraire | H118: échelonné | I118: 2018-03-23_2018-09-23 | J118: sans objet | K118: non | L118: 1
A119: AGENCE DEVELOP. TOURISTIQUE GDE | B119: 180 000,00 | C119: 78184375000048 | D119: 2018/50_2018-02-16 | E119: 43182 | F119: fonctionnement | G119: aide en numéraire | H119: échelonné | I119: 2018-03-23_2018-09-23 | J119: sans objet | K119: non | L119: 1
...

Sheet etape1
A1: idBeneficiaire | B1: montant | E1: nomBénéficiaire | F1: referenceDecision | G1: dateConvention | H1: objet | I1: nature | J1: conditionsVerse ment | K1: datesPériodeVersement | L1: idRAE | M1: notification UE | N1: pourcenta geSubvent ion
A2: idBeneficiaire | B2: montant | C2: =substitute(SUBSTITUTE(B2," ",""),",",".") -> montant | E2: nomBénéficiaire | F2: referenceDecision | G2: dateConvention | H2: objet | I2: nature | J2: conditionsVerse ment | K2: datesPériodeVersement | L2: idRAE | M2: notification UE | N2: pourcenta geSubvent ion
A3: idBeneficiaire | B3: montant | C3: =substitute(SUBSTITUTE(B3," ",""),",",".") -> montant | E3: nomBénéficiaire | F3: referenceDecision | G3: dateConvention | H3: objet | I3: nature | J3: conditionsVerse ment | K3: datesPériodeVersement | L3: idRAE | M3: notification UE | N3: pourcenta geSubvent ion
A4: idBeneficiaire | B4: montant | C4: =substitute(SUBSTITUTE(B4," ",""),",",".") -> montant | E4: nomBénéficiaire | F4: referenceDecision | G4: dateConvention | H4: objet | I4: nature | J4: conditionsVerse ment | K4: datesPériodeVersement | L4: idRAE | M4: notification UE | N4: pourcenta geSubvent ion
A5: idBeneficiaire | B5: montant | C5: =substitute(SUBSTITUTE(B5," ",""),",",".") -> montant | E5: nomBénéficiaire | F5: referenceDecision | G5: dateConvention | H5: objet | I5: nature | J5: conditionsVerse ment | K5: datesPériodeVersement | L5: idRAE | M5: notification UE | N5: pourcenta geSubvent ion
A6: idBeneficiaire | B6: montant | C6: =substitute(SUBSTITUTE(B6," ",""),",",".") -> montant | E6: nomBénéficiaire | F6: referenceDecision | G6: dateConvention | H6: objet | I6: nature | J6: conditionsVerse ment | K6: datesPériodeVersement | L6: idRAE | M6: notification UE | N6: pourcenta geSubvent ion
A7: idBeneficiaire | B7: montant | C7: =substitute(SUBSTITUTE(B7," ",""),",",".") -> montant | E7: nomBénéficiaire | F7: referenceDecision | G7: dateConvention | H7: objet | I7: nature | J7: conditionsVerse ment | K7: datesPériodeVersement | L7: idRAE | M7: notification UE | N7: pourcenta geSubvent ion
A8: idBeneficiaire | B8: montant | C8: =substitute(SUBSTITUTE(B8," ",""),",",".") -> montant | E8: nomBénéficiaire | F8: referenceDecision | G8: dateConvention | H8: objet | I8: nature | J8: conditionsVerse ment | K8: datesPériodeVersement | L8: idRAE | M8: notification UE | N8: pourcenta geSubvent ion
A9: idBeneficiaire | B9: montant | C9: =substitute(SUBSTITUTE(B9," ",""),",",".") -> montant | E9: nomBénéficiaire | F9: referenceDecision | G9: dateConvention | H9: objet | I9: nature | J9: conditionsVerse ment | K9: datesPériodeVersement | L9: idRAE | M9: notification UE | N9: pourcenta geSubvent ion
A10: LA MECANIQUE GENERALE | B10: 9 900,00 | C10: =substitute(SUBSTITUTE(B10," ",""),",",".") -> 9900.00 | E10: 824698500 | F10: 2018/283_2018-04-27 | G10: 43266 | H10: fonctionnement | I10: aide en numéraire | J10: échelonné | K10: 2018-06-15_2018-12-15 | L10: sans objet | M10: non | N10: 1
A11: ADIL (asso. départ. pour information sur logement) | B11: 97 740,00 | C11: =substitute(SUBSTITUTE(B11," ",""),",",".") -> 97740.00 | D11: 97740 | E11: 305378234 | F11: 2017/739_2017-11-24 | G11: 43069 | H11: fonctionnement | I11: aide en numéraire | J11: échelonné | K11: 2017-11-30_2018-05-30 | L11: sans objet | M11: non | N11: 1
A12: MÉMOIRE DE BORDEAUX | B12: 96 187,50 | C12: =substitute(SUBSTITUTE(B12," ",""),",",".") -> 96187.50 | D12: 96187.5 | E12: 342215456 | F12: 2018/002_2018-01-26 | G12: 43126 | H12: fonctionnement | I12: aide en numéraire | J12: échelonné | K12: 2018-01-26_2018-07-26 | L12: sans objet | M12: non | N12: 1
A13: ARIANE PRODUCTIONS | B13: 9 610,00 | C13: =substitute(SUBSTITUTE(B13," ",""),",",".") -> 9610.00 | D13: 9610 | E13: 438794034 | F13: 2018/283_2018-04-27 | G13: 43244 | H13: été métropolitain | I13: aide en numéraire | J13: échelonné | K13: 2018-05-24_2018-11-24 | L13: sans objet | M13: non | N13: 1
A14: COMPAGNONS BATISSEURS | B14: 95 932,00 | C14: =substitute(SUBSTITUTE(B14," ",""),",",".") -> 95932.00 | D14: 95932 | E14: 488566613 | F14: 2017/837_2017-12-22 | G14: 43091 | H14: actions de formation | I14: aide en numéraire | J14: échelonné | K14: 2017-12-22_2018-06-22 | L14: sans objet | M14: non | N14: 1
A15: LETTRES DU MONDE | B15: 9 500,00 | C15: =substitute(SUBSTITUTE(B15," ",""),",",".") -> 9500.00 | D15: 9500 | E15: 45227479800035 | F15: 2018/587_2018-09-28 | G15: 43406 | H15: manifestation création littéraire | I15: aide en numéraire | J15: échelonné | K15: 2018-11-02_2019-05-02 | L15: sans objet | M15: non | N15: 1
A16: AEROSPACE VALLEY | B16: 90 000,00 | C16: =substitute(SUBSTITUTE(B16," ",""),",",".") -> 90000.00 | D16: 90000 | E16: 48428452600072 | F16: 2018/487_2018-09-28 | G16: 43417 | H16: fonctionnement | I16: aide en numéraire | J16: échelonné | K16: 2018-11-13_2019-05-13 | L16: sans objet | M16: non | N16: 1
A17: CREAC DE BEGLES | B17: 9 000,00 | C17: =substitute(SUBSTITUTE(B17," ",""),",",".") -> 9000.00 | D17: 9000 | E17: 37809063300017 | F17: 2018/367-2018-06-15 | G17: 43306 | H17: programme d'actions | I17: aide en numéraire | J17: échelonné | K17: 2018-07-25_2019-01-25 | L17: sans objet | M17: non | N17: 1
A18: CCIB | B18: 9 000,00 | C18: =substitute(SUBSTITUTE(B18," ",""),",",".") -> 9000.00 | D18: 9000 | E18: 13002285800019 | F18: 2018/380_2018-07-06 | G18: 43342 | H18: Manacom | I18: aide en numéraire | J18: échelonné | K18: 2018-08-30_2019-02-30 | L18: sans objet | M18: non | N18: 1
A19: ADAV 33 | B19: 87 400,00 | C19: =substitute(SUBSTITUTE(B19," ",""),",",".") -> 87400.00 | D19: 87400 | E19: 30091783800025 | F19: 2018/579_2018-09-28 | G19: 43385 | H19: fonctionnement | I19: aide en numéraire | J19: échelonné | K19: 2018-10-12_2019-04-12 | L19: sans objet | M19: non | N19: 1
A20: CCIB | B20: 8 500,00 | C20: =substitute(SUBSTITUTE(B20," ",""),",",".") -> 8500.00 | D20: 8500 | E20: 13002285800018 | F20: 2018/380_2018-07-06 | G20: 43342 | H20: Ronde de Gironde | I20: aide en numéraire | J20: échelonné | K20: 2018-08-30_2019-02-30 | L20: sans objet | M20: non | N20: 1
A21: L'IRREGULIERE | B21: 8 000,00 | C21: =substitute(SUBSTITUTE(B21," ",""),",",".") -> 8000.00 | D21: 8000 | E21: 833920077 | F21: 2018/283_2018-04-27 | G21: 43257 | H21: été métropolitain | I21: aide en numéraire | J21: échelonné | K21: 2018-06-06_2018-12-06 | L21: sans objet | M21: non | N21: 1
A22: DATCHA | B22: 8 000,00 | C22: =substitute(SUBSTITUTE(B22," ",""),",",".") -> 8000.00 | D22: 8000 | E22: 811411560 | F22: 2018/283_2018-04-27 | G22: 43263 | H22: été metropolitain | I22: aide en numéraire | J22: échelonné | K22: 2018-06-12_2018-12-12 | L22: sans objet | M22: non | N22: 1
... A150: MOM'OUEST | B150: 10 000,00 | C150: =substitute(SUBSTITUTE(B150," ",""),",",".") -> 10000.00 | D150: 10000 | E150: 82213407800010 | F150: 2018/302-2018-06-15 | G150: 43299 | H150: investissement | I150: aide en numéraire | J150: échelonné | K150: 2018-07-18_2018-01-18 | L150: sans objet | M150: non | N150: 1
A151: IUFM | B151: 10 000,00 | C151: =substitute(SUBSTITUTE(B151," ",""),",",".") -> 10000.00 | D151: 10000 | E151: 75198395800024 | F151: 2018/178_2018-03-23 | G151: 43276 | H151: transition énergétique | I151: aide en numéraire | J151: échelonné | K151: 2018-06-25_2018-12-25 | L151: sans objet | M151: non | N151: 1-
A152: COMPAGNONS BATISSEURS | B152: 10 000,00 | C152: =substitute(SUBSTITUTE(B152," ",""),",",".") -> 10000.00 | D152: 10000 | E152: 48856661300037 | F152: 2018/40_2018-01-26 | G152: 43285 | H152: plateforme SOLIBAT | I152: aide en numéraire | J152: échelonné | K152: 2018-07-04_2019-01-04 | L152: sans objet | M152: non | N152: 1
A153: PUBLICATION DU 26/04/2018 | C153: =substitute(SUBSTITUTE(B153," ",""),",",".")
A154: PUBLICATION du 03/07/2018 | C154: =substitute(SUBSTITUTE(B154," ",""),",",".")
A155: PUBLICATION du 18/09/2018 | C155: =substitute(SUBSTITUTE(B155," ",""),",",".")
A156: PUBLICATION du 20 novembre 2018 | C156: =substitute(SUBSTITUTE(B156," ",""),",",".")
A157: PUBLICATION DU 28/02/2018 | C157: =substitute(SUBSTITUTE(B157," ",""),",",".")

Sheet etape2
A1: idBeneficiaire | B1: montant | C1: nomBénéficiaire | D1: referenceDecision | E1: dateConvention | F1: objet | G1: nature | H1: conditionsVerse ment | I1: datesPériodeVersement | J1: idRAE | K1: notification UE | L1: pourcenta geSubvent ion
A2: AURBA | B2: 4372007 | C2: 781814488 | D2: 2017/833_2017-12-22 | E2: 43136 | F2: fonctionnement | G2: aide en numéraire | H2: échelonné | I2: 2018-02-05_2018-07-05- | J2: sans objet | K2: non | L2: 1
A3: OTCM Office Tourisme & Congrès Métropolitains | B3: 3000000 | C3: 78180455400017 | D3: 2018/48_2018-02-16 | E3: 43145 | F3: fonctionnement | G3: aide en numéraire | H3: échelonné | I3: 2018-02-14_2018-08-14 | J3: sans objet | K3: non | L3: 1
A4: COS PERSONNEL Bordeaux Metropole | B4: 1680000 | C4: 483013405 | D4: 2017/810_2017-12-22 | E4: 43091 | F4: fonctionnement | G4: aide en numéraire | H4: échelonné | I4: 2017-12-22_2018-06-22 | J4: sans objet | K4: non | L4: 1
A5: BORDEAUX TECHNOWEST | B5: 420000 | C5: 37781852100025 | D5: 2018/368-2018-07-06 | E5: 43306 | F5: fonctionnement | G5: aide en numéraire | H5: échelonné | I5: 2018-07-25_2019-01-25 | J5: sans objet | K5: non | L5: 1
A6: ARC EN REVE | B6: 407253 | C6: 321237034 | D6: 2018/161_2018-03-23 | E6: 43259 | F6: fonctionnement | G6: aide en numéraire | H6: échelonné | I6: 2018-06-08_2018-12-08 | J6: sans objet | K6: non | L6: 1
A7: INVEST IN BORDEAUX | B7: 332775 | C7: 409199817 | D7: 2018/283-2018-04-27 | E7: 43271 | F7: fonctionnement | G7: aide en numéraire | H7: échelonné | I7: 2018-06-20_2018-12-20 | J7: sans objet | K7: non | L7: 1
A8: CAP SCIENCES | B8: 320000 | C8: 39988425300036 | D8: 2018/359_2018-07-06 | E8: 43353 | F8: fonctionnement | G8: aide en numéraire | H8: échelonné | I8: 2018-09-10_2019-03-10 | J8: sans objet | K8: non | L8: 1
A9: MAISON DE L'EMPLOI DE BX | B9: 230000 | C9: 49058526200069 | D9: 2018/99_2018-03-23 | E9: 43182 | F9: fonctionnement | G9: aide en numéraire | H9: échelonné | I9: 2018-03-23_2018-09-23 | J9: sans objet | K9: non | L9: 1
A10: BORDEAUX GRANDS EVENEMENTS | B10: 200000 | C10: 48875025800011 | D10: 2018/200-2018-04-27 | E10: 43285 | F10: fête du vin 2018 | G10: aide en numéraire | H10: échelonné | I10: 2018-07-04_2019-01-04 | J10: sans objet | K10: non | L10: 1
A11: FRENCHTECH | B11: 180000 | C11: 818313264 | D11: 2018/195_2018-04-27 | E11: 43271 | F11: fonctionnement | G11: aide en numéraire | H11: échelonné | I11: 2018-06-20_2018-12-20 | J11: sans objet | K11: non | L11: 1
A12: AGENCE DEVELOP. TOURISTIQUE GDE | B12: 180000 | C12: 78184375000048 | D12: 2018/50_2018-02-16 | E12: 43182 | F12: fonctionnement | G12: aide en numéraire | H12: échelonné | I12: 2018-03-23_2018-09-23 | J12: sans objet | K12: non | L12: 1
A13: FESTIVAL DES ARTS DE BORDEAUX FAB | B13: 160000 | C13: 420089567 | D13: 2018/284_2018-04-27 | E13: 43269 | F13: codev festival | G13: aide en numéraire | H13: échelonné | I13: 2018-06-18_2018-12-18 | J13: sans objet | K13: non | L13: 1
... A110: MOM'OUEST | B110: 10000 | C110: 82213407800010 | D110: 2018/302-2018-06-15 | E110: 43299 | F110: investissement | G110: aide en numéraire | H110: échelonné | I110: 2018-07-18_2018-01-18 | J110: sans objet | K110: non | L110: 1
A111: IUFM | B111: 10000 | C111: 75198395800024 | D111: 2018/178_2018-03-23 | E111: 43276 | F111: transition énergétique | G111: aide en numéraire | H111: échelonné | I111: 2018-06-25_2018-12-25 | J111: sans objet | K111: non | L111: 1-
A112: COMPAGNONS BATISSEURS | B112: 10000 | C112: 48856661300037 | D112: 2018/40_2018-01-26 | E112: 43285 | F112: plateforme SOLIBAT | G112: aide en numéraire | H112: échelonné | I112: 2018-07-04_2019-01-04 | J112: sans objet | K112: non | L112: 1
A113: ARIANE PRODUCTIONS | B113: 9610 | C113: 438794034 | D113: 2018/283_2018-04-27 | E113: 43244 | F113: été métropolitain | G113: aide en numéraire | H113: échelonné | I113: 2018-05-24_2018-11-24 | J113: sans objet | K113: non | L113: 1
A114: LETTRES DU MONDE | B114: 9500 | C114: 45227479800035 | D114: 2018/587_2018-09-28 | E114: 43406 | F114: manifestation création littéraire | G114: aide en numéraire | H114: échelonné | I114: 2018-11-02_2019-05-02 | J114: sans objet | K114: non | L114: 1
A115: CREAC DE BEGLES | B115: 9000 | C115: 37809063300017 | D115: 2018/367-2018-06-15 | E115: 43306 | F115: programme d'actions | G115: aide en numéraire | H115: échelonné | I115: 2018-07-25_2019-01-25 | J115: sans objet | K115: non | L115: 1
A116: CCIB | B116: 9000 | C116: 13002285800019 | D116: 2018/380_2018-07-06 | E116: 43342 | F116: Manacom | G116: aide en numéraire | H116: échelonné | I116: 2018-08-30_2019-02-30 | J116: sans objet | K116: non | L116: 1
A117: CCIB | B117: 8500 | C117: 13002285800018 | D117: 2018/380_2018-07-06 | E117: 43342 | F117: Ronde de Gironde | G117: aide en numéraire | H117: échelonné | I117: 2018-08-30_2019-02-30 | J117: sans objet | K117: non | L117: 1
A118: L'IRREGULIERE | B118: 8000 | C118: 833920077 | D118: 2018/283_2018-04-27 | E118: 43257 | F118: été métropolitain | G118: aide en numéraire | H118: échelonné | I118: 2018-06-06_2018-12-06 | J118: sans objet | K118: non | L118: 1
A119: DATCHA | B119: 8000 | C119: 811411560 | D119: 2018/283_2018-04-27 | E119: 43263 | F119: été metropolitain | G119: aide en numéraire | H119: échelonné | I119: 2018-06-12_2018-12-12 | J119: sans objet | K119: non | L119: 1
A120: MELI MEL ARTS | B120: 8000 | C120: 524259363 | D120: 2018/284_2018-04-27 | E120: 43283 | F120: codev festival | G120: aide en numéraire | H120: échelonné | I120: 2018-07-02_2019-01-02 | J120: sans objet | K120: non | L120: 1
A121: PRINC'ESS | B121: 8000 | C121: 83176796700019 | D121: 2018/302-2018-06-15 | E121: 43353 | F121: invest. immobilier | G121: aide en numéraire | H121: échelonné | I121: 2018-09-10_2019-03-10 | J121: sans objet | K121: non | L121: 1
A122: ARTS & LOISIRS D'ARLAC | B122: 7900 | C122: 306040312 | D122: 2017/603_2017-11-24 | E122: 43130 | F122: fonctionnement | G122: aide en numéraire | H122: échelonné | I122: 2018-01-30_2018-07-30 | J122: sans objet | K122: non | L122: 1
A123: ECOSITE DU BOURGAILH | B123: 7700 | C123: 444932446 | D123: 2018/294_2018-04-27 | E123: 43257 | F123: été métropolitain | G123: aide en numéraire | H123: échelonné | I123: 2018-06-06_2018-12-06 | J123: sans objet | K123: non | L123: 1
... A143: COOP ALPHA | B143: 1500 | C143: 48237148100029 | D143: 2018/40_2018-01-26 | E143: 43368 | F143: appel ZZ zéro déchets | G143: aide en numéraire | H143: 1 versement | I143: 2018-09-25_2019-03-25 | J143: sans objet | K143: non | L143: 1
A144: LA MECANIQUE GENERALE | C144: 824698500 | D144: 2018/283_2018-04-27 | E144: 43266 | F144: fonctionnement | G144: aide en numéraire | H144: échelonné | I144: 2018-06-15_2018-12-15 | J144: sans objet | K144: non | L144: 1

Sheet 2019 raw
A1: datepublication | B1: nomAttribuant | C1: idAttribuant | D1: dateConvention | E1: referenceDecision | F1: nomBénéficiaire | G1: idBeneficiaire | H1: objet | I1: montant | J1: nature | K1: conditionsVerse ment | L1: datesPériodeVersement | M1: idRAE | N1: notificationU E | O1: pourcentageS ubvention
A2: 43502 | B2: BORDEAUX METROPOLE | C2: 24330031600011 | D2: 43382 | E2: 2018/040 | F2: GIHP INSERT PERS HAND | G2: 31231100400039 | H2: Zéro déchets | I2: 5000 | J2: aide en numéraire | K2: unique | L2: 2018-10-09/2019-04-09 | M2: sans objet | N2: non | O2: 1
A3: 43502 | B3: BORDEAUX METROPOLE | C3: 24330031600011 | D3: 43298 | E3: 2018/288 | F3: ASSO LEONARD DE VINCI | G3: 40285022600018 | H3: Big Data | I3: 25000 | J3: aide en numéraire | K3: échelonné | L3: 2018-07-17/2019-01-17 | M3: sans objet | N3: non | O3: 1
A4: 43502 | B4: BORDEAUX METROPOLE | C4: 24330031600011 | D4: 43413 | E4: 2018/573 | F4: ADIL 33 | G4: 30537823400036 | H4: Fonctionnement | I4: 97740 | J4: aide en numéraire | K4: échelonné | L4: 2018-11-09/2019-05-09 | M4: sans objet | N4: non | O4: 1
A5: 43502 | B5: BORDEAUX METROPOLE | C5: 24330031600011 | D5: 43171 | E5: 2017/799 | F5: BMSL | G5: 39484466600013 | H5: Fonctionnement | I5: 88000 | J5: aide en numéraire | K5: échelonné | L5: 2018-03-12/2018-09-12 | M5: sans objet | N5: non | O5: 1
A6: 43502 | B6: BORDEAUX METROPOLE | C6: 24330031600011 | D6: 43363 | E6: 2018/40 | F6: TERRE D'ADELE | G6: 48782378300013 | H6: Zéro déchets | I6: 10000 | J6: aide en numéraire | K6: unique | L6: 2018-09-20/2019-03-20 | M6: sans objet | N6: non | O6: 1
A7: 43502 | B7: BORDEAUX METROPOLE | C7: 24330031600011 | D7: 43444 | E7: 2018/597 | F7: NANTES SUMMERCAMP | G7: 81195928700012 | H7: SOFILM | I7: 225000 | J7: aide en numéraire | K7: échelonné | L7: 2018-12-10/2019-06-10 | M7: sans objet | N7: non | O7: 1
A8: 43502 | B8: BORDEAUX METROPOLE | C8: 24330031600011 | D8: 43454 | E8: 2018/570 | F8: SOLIHA SOLIDAIRE HABITAT | G8: 78184854400032 | H8: Fonctionnement | I8: 216000 | J8: aide en numéraire | K8: échelonné | L8: 2018-12-20/2019-06-20 | M8: sans objet | N8: non | O8: 1
A9: 43502 | B9: BORDEAUX METROPOLE | C9: 24330031600011 | D9: 43452 | E9: 2018/601 | F9: LE LIVRE VERT | G9: 79493089100013 | H9: investissement | I9: 15000 | J9: aide en numéraire | K9: échelonné | L9: 2018-12-18/2019-06-18 | M9: sans objet | N9: non | O9: 1
A10: 43502 | B10: BORDEAUX METROPOLE | C10: 24330031600011 | D10: 43482 | E10: 2018/678 | F10: CARREFOURS POUR L'EMPLOI | G10: 43294548300035 | H10: Fonctionnement | I10: 18000 | J10: aide en numéraire | K10: échelonné | L10: 2019-01-17/2019-07-17 | M10: sans objet | N10: non | O10: 1
A11: 43502 | B11: BORDEAUX METROPOLE | C11: 24330031600011 | D11: 43489 | E11: 2018/578 | F11: WIMOOV GIRONDE | G11: 42213614300068 | H11: plateforme mobilité | I11: 55000 | J11: aide en numéraire | K11: échelonné | L11: 2019-01-24/2019-07-24 | M11: sans objet | N11: non | O11: 1
A12: 43502 | B12: BORDEAUX METROPOLE | C12: 24330031600011 | D12: 43480 | E12: 2018/649 | F12: AGENCE QUALITE CONSTRUCTION AQC | G12: 32721569500047 | H12: Bien construire | I12: 49000 | J12: aide en numéraire | K12: échelonné | L12: 2019-01-15/2019-07-15 | M12: sans objet | N12: non | O12: 1
A13: 43502 | B13: BORDEAUX METROPOLE | C13: 24330031600011 | D13: 43367 | E13: 2015/488 | F13: SIMOREP ET CIE | G13: 32852574600017 | H13: investissement projet butterfly | I13: 400000 | J13: aide en numéraire | K13: échelonné | L13: 2018-09-24/2019-03-24 | M13: sans objet | N13: non | O13: 1
... A26: 43557 | B26: BORDEAUX METROPOLE | C26: 24330031600011 | D26: 43532 | E26: 2019/65 | F26: OFFICE TOURISME & CONGRES BORDEAUX | G26: 78180455400017 | H26: Fonctionnement | I26: 3000000 | J26: aide en numéraire | K26: échelonné | L26: 2019-03-08/2019-09-08 | M26: sans objet | N26: non | O26: 1
A27: datepublication | B27: nomAttribuant | C27: idAttribuant | D27: dateConvention | E27: referenceDecision | F27: nomBénéficiaire | G27: idBeneficiaire | H27: objet | I27: montant | J27: nature | K27: conditionsVerse ment | L27: datesPériodeVersement | M27: idRAE | N27: notificationU E | O27: pourcentageS ubvention
A28: 43557 | B28: BORDEAUX METROPOLE | C28: 24330031600011 | D28: 43532 | E28: 2019/69 | F28: LE LAB | G28: 84217399900017 | H28: investissement travaux Lormont | I28: 7000 | J28: aide en numéraire | K28: échelonné | L28: 2019-03-08/2019-09-08 | M28: sans objet | N28: non | O28: 1
A29: 43557 | B29: BORDEAUX METROPOLE | C29: 24330031600011 | D29: 43535 | E29: 2019/53 | F29: ESPRIT DE CORPS | G29: 42008956700036 | H29: festival POUCE | I29: 20000 | J29: aide en numéraire | K29: échelonné | L29: 2019-03-11/2019-09-11 | M29: sans objet | N29: non | O29: 1
A30: 43557 | B30: BORDEAUX METROPOLE | C30: 24330031600011 | D30: 43532 | E30: 2019/63 | F30: AFEPT | G30: 30016423300029 | H30: Fonctionnement | I30: 58000 | J30: aide en numéraire | K30: échelonné | L30: 2019-03-08/2019-09-08 | M30: sans objet | N30: non | O30: 1
A31: 43557 | B31: BORDEAUX METROPOLE | C31: 24330031600011 | D31: 43500 | E31: 2019/53 | F31: PARALLELES ATTITUDE DIFFUSION | G31: 35011886500017 | H31: carnaval des 2 rives | I31: 15000 | J31: aide en numéraire | K31: échelonné | L31: 2019-02-04/2019-08-04 | M31: sans objet | N31: non | O31: 1
A32: 43557 | B32: BORDEAUX METROPOLE | C32: 24330031600011 | D32: 43518 | E32: 2019/53 | F32: CHAHUTS | G32: 40265285300069 | H32: LES ARTS DE LA PAROLE | I32: 35000 | J32: aide en numéraire | K32: échelonné | L32: 2019-02-22/2019-08-22 | M32: sans objet | N32: non | O32: 1
A33: 43557 | B33: BORDEAUX METROPOLE | C33: 24330031600011 | D33: 43508 | E33: 2019/53 | F33: MUSIQUES DE NUIT DIFFUSION | G33: 34169319000033 | H33: festival Hauts de garonne | I33: 25000 | J33: aide en numéraire | K33: échelonné | L33: 2019-02-12/2019-08-12 | M33: sans objet | N33: non | O33: 1
A34: 43557 | B34: BORDEAUX METROPOLE | C34: 24330031600011 | D34: 43441 | E34: 2018/664 | F34: MUSIQUES DE NUIT DIFFUSION | G34: 34169319000033 | H34: journées afro contemporaines | I34: 33250 | J34: aide en numéraire | K34: échelonné | L34: 2018-12-07/2019-06-07 | M34: sans objet | N34: non | O34: 1
A35: 43557 | B35: BORDEAUX METROPOLE | C35: 24330031600011 | D35: 43523 | E35: 43647 | F35: JUMPING INTERNATIONAL | G35: 42052348000016 | H35: Jumping | I35: 34000 | J35: aide en numéraire | K35: échelonné | L35: 2019-02-27/2019-08-27 | M35: sans objet | N35: non | O35: 1
A36: 43557 | B36: BORDEAUX METROPOLE | C36: 24330031600011 | D36: 43521 | E36: 2019/53 | F36: LES ARTS AU MUR | G36: 43434085700037 | H36: Arthothèque | I36: 15000 | J36: aide en numéraire | K36: échelonné | L36: 2019-02-25/2019-08-25 | M36: sans objet | N36: non | O36: 1
A37: 43557 | B37: BORDEAUX METROPOLE | C37: 24330031600011 | D37: 43530 | E37: 2019/45 | F37: AURBA | G37: 78181448800040 | H37: Fonctionnement | I37: 4372000 | J37: aide en numéraire | K37: échelonné | L37: 2019-03-06/2019-09-06 | M37: sans objet | N37: non | O37: 1
A38: 43557 | B38: BORDEAUX METROPOLE | C38: 24330031600011 | D38: 43530 | E38: 2019/53 | F38: ASSO FESTIVAL ODP | G38: 82343035000012 | H38: Festival ODP codev | I38: 40000 | J38: aide en numéraire | K38: échelonné | L38: 2019-03-06/2019-09-06 | M38: sans objet | N38: non | O38: 1
A39: 43557 | B39: BORDEAUX METROPOLE | C39: 24330031600011 | D39: 43531 | E39: 2019/64 | F39: MAISON EMPLOI INSERT ECO ENTREP. | G39: 49058526200069 | H39: Fonctionnement | I39: 230000 | J39: aide en numéraire | K39: échelonné | L39: 2019-03-07/2019-09-07 | M39: sans objet | N39: non | O39: 1
A40: 43557 | B40: BORDEAUX METROPOLE | C40: 24330031600011 | D40: 43532 | E40: 2019/92 | F40: ALEC | G40: 49500944100033 | H40: déploiement PCAET | I40: 82800 | J40: aide en numéraire | K40: échelonné | L40: 2019-03-08/2019-09-08 | M40: sans objet | N40: non | O40: 1
A41: 43557 | B41: BORDEAUX METROPOLE | C41: 24330031600011 | D41: 43514 | E41: 2019/66 | F41: AGENCE DEVELOPPEMENT TOURISTIQUE | G41: 78184375000048 | H41: Fonctionnement | I41: 180000 | J41: aide en numéraire | K41: échelonné | L41: 2019-02-18/2019-08-18 | M41: sans objet | N41: non | O41: 1
A42: 43557 | B42: BORDEAUX METROPOLE | C42: 24330031600011 | D42: 43511 | E42: 2019/77 | F42: MÉMOIRE DE BORDEAUX | G42: 34221545600043 | H42: Fonctionnement | I42: 91379 | J42: aide en numéraire | K42: échelonné | L42: 2019-02-15/2019-08-15 | M42: sans objet | N42: non | O42: 1
A43: 43557 | B43: BORDEAUX METROPOLE | C43: 24330031600011 | D43: 43514 | E43: 2019/60 | F43: ASSO.EUROPEENNE DU FILM ANIMATION | G43: 50907979400012 | H43: CARTOON MOVIE | I43: 150000 | J43: aide en numéraire | K43: échelonné | L43: 2019-02-18/2019-08-18 | M43: sans objet | N43: non | O43: 1
A44: 43636 | B44: BORDEAUX METROPOLE | C44: 24330031600011 | D44: 43557 | E44: 2019/68 | F44: LA PLANCHE | G44: 84474944000013 | H44: Investissement tiers lieu | I44: 27500 | J44: aide en numéraire | K44: échelonné | L44: 2019-04-02/2019-10-02 | M44: sans objet | N44: non | O44: 1
A45: 43636 | B45: BORDEAUX METROPOLE | C45: 24330031600011 | D45: 43556 | E45: 2019/172 | F45: ADEM | G45: 39811228400011 | H45: DECASTAR | I45: 58000 | J45: aide en numéraire | K45: échelonné | L45: 2019-04-01/2019-10-01 | M45: sans objet | N45: non | O45: 1
A46: 43636 | B46: BORDEAUX METROPOLE | C46: 24330031600011 | D46: 43574 | E46: 2019/106 | F46: CCI BORDEAUX GIRONDE | G46: 13002285800018 | H46: Fonds de soutien aux commerçants | I46: 500000 | J46: aide en numéraire | K46: échelonné | L46: 2019-04-19/2019-10-19 | M46: sans objet | N46: non | O46: 1
A47: 43636 | B47: BORDEAUX METROPOLE | C47: 24330031600011 | D47: 43579 | E47: 2018/578 | F47: SAMPE France | G47: 48428659600032 | H47: Action journées techniques | I47: 5000 | J47: aide en numéraire | K47: échelonné | L47: 2019-04-24/2019-10-24 | M47: sans objet | N47: non | O47: 1
... A49: 43636 | B49: BORDEAUX METROPOLE | C49: 24330031600011 | D49: 43546 | E49: 2019/143 | F49: CLUB CAP COM | G49: 78886877600022 | H49: FORUM | I49: 30000 | J49: aide en numéraire | K49: échelonné | L49: 2019-03-22/2019-09-22 | M49: sans objet | N49: non | O49: 1
A50: datepublication | B50: nomAttribuant | C50: idAttribuant | D50: dateConvention | E50: referenceDecision | F50: nomBénéficiaire | G50: idBeneficiaire | H50: objet | I50: montant | J50: nature | K50: conditionsVerse ment | L50: datesPériodeVersement | M50: idRAE | N50: notificationU E | O50: pourcentageS ubvention
A51: 43636 | B51: BORDEAUX METROPOLE | C51: 24330031600011 | D51: 43606 | E51: 2019/263 | F51: LETTRES DU MONDE | G51: 45227479800035 | H51: IN SITU ÉTÉ METROPOLITAIN | I51: 6000 | J51: aide en numéraire | K51: échelonné | L51: 2019-05-21/2019-11-21 | M51: sans objet | N51: non | O51: 1
A52: 43636 | B52: BORDEAUX METROPOLE | C52: 24330031600011 | D52: 43585 | E52: 2019/165 | F52: LEON A VELO | G52: 82959066000017 | H52: Fonctionnement | I52: 55000 | J52: aide en numéraire | K52: échelonné | L52: 2019-04-30/2019-10-30 | M52: sans objet | N52: non | O52: 1
A53: 43636 | B53: BORDEAUX METROPOLE | C53: 24330031600011 | D53: 43600 | E53: 2019/247 | F53: VELO CITE | G53: 43288382500031 | H53: FETE DU VELO | I53: 5000 | J53: aide en numéraire | K53: unique | L53: 2019-05-15/2019-11-15 | M53: sans objet | N53: non | O53: 1
A54: 43636 | B54: BORDEAUX METROPOLE | C54: 24330031600011 | D54: 43600 | E54: 2019/181 | F54: BORDEAUX TECHNOWEST | G54: 37781852100025 | H54: LA TECHNOPOLE | I54: 440000 | J54: aide en numéraire | K54: échelonné | L54: 2019-05-15/2019-11-15 | M54: sans objet | N54: non | O54: 1
A55: 43636 | B55: BORDEAUX METROPOLE | C55: 24330031600011 | D55: 43607 | E55: 2019/263 | F55: GANG OF FOOD | G55: 83273861100017 | H55: ÉTÉ METROPOLITAIN | I55: 22310 | J55: aide en numéraire | K55: échelonné | L55: 2019-05-22/2019-11-22 | M55: sans objet | N55: non | O55: 1
A56: 43636 | B56: BORDEAUX METROPOLE | C56: 24330031600011 | D56: 43609 | E56: 2019/182 | F56: BORDEAUX UNITEC | G56: 37796404400038 | H56: Fonctionnement | I56: 125000 | J56: aide en numéraire | K56: échelonné | L56: 2019-05-24/2019-11-24 | M56: sans objet | N56: non | O56: 1
A57: 43636 | B57: BORDEAUX METROPOLE | C57: 24330031600011 | D57: 43606 | E57: 2019/263 | F57: L'ORANGEADE | G57: 80016249700039 | H57: Eté métropolitain | I57: 15000 | J57: aide en numéraire | K57: échelonné | L57: 2019-05-21/2019-11-21 | M57: sans objet | N57: non | O57: 1
A58: 43636 | B58: BORDEAUX METROPOLE | C58: 24330031600011 | D58: 43612 | E58: 2019/263 | F58: BORDEAUX ROCK | G58: 48029371100028 | H58: Eté métropolitain | I58: 8000 | J58: aide en numéraire | K58: échelonné | L58: 2019-05-27/2019-11-27 | M58: sans objet | N58: non | O58: 1
A59: 43636 | B59: BORDEAUX METROPOLE | C59: 24330031600011 | D59: 43612 | E59: 2019/263 | F59: CHAHUTS | G59: 40265285300019 | H59: Eté métropolitain | I59: 25000 | J59: aide en numéraire | K59: échelonné | L59: 2019-05-27/2019-11-27 | M59: sans objet | N59: non | O59: 1
A60: 43636 | B60: BORDEAUX METROPOLE | C60: 24330031600011 | D60: 43606 | E60: 2019/263 | F60: YES WE CAMP | G60: 78942066800012 | H60: Eté métropolitain | I60: 10000 | J60: aide en numéraire | K60: échelonné | L60: 2019-05-21/2019-11-21 | M60: sans objet | N60: non | O60: 1
A61: 43636 | B61: BORDEAUX METROPOLE | C61: 24330031600011 | D61: 43606 | E61: 2019/263 | F61: COMPAGNIE TANDAIM | G61: 41827063300021 | H61: Eté métropolitain | I61: 23500 | J61: aide en numéraire | K61: échelonné | L61: 2019-05-21/2019-11-21 | M61: sans objet | N61: non | O61: 1
A62: 43636 | B62: BORDEAUX METROPOLE | C62: 24330031600011 | D62: 43608 | E62: 2019/263 | F62: BORDEAUX OPEN AIR | G62: 82135493300011 | H62: Eté métropolitain | I62: 10000 | J62: aide en numéraire | K62: échelonné | L62: 2019-05-23/2019-11-23 | M62: sans objet | N62: non | O62: 1
... A72: 43636 | B72: BORDEAUX METROPOLE | C72: 24330031600011 | D72: 43619 | E72: 2019/206 | F72: ADSI TECHNOWEST | G72: 43403882400042 | H72: PLIE | I72: 14500 | J72: aide en numéraire | K72: échelonné | L72: 2019-06-03/2019-12-03 | M72: sans objet | N72: non | O72: 1
A73: datepublication | B73: nomAttribuant | C73: idAttribuant | D73: dateConvention | E73: referenceDecision | F73: nomBénéficiaire | G73: idBeneficiaire | H73: objet | I73: montant | J73: nature | K73: conditionsVerse ment | L73: datesPériodeVersement | M73: idRAE | N73: notificationU E | O73: pourcentageS ubvention
A74: 43636 | B74: BORDEAUX METROPOLE | C74: 24330031600011 | D74: 43619 | E74: 2019/205 | F74: ATIS | G74: 52289609100033 | H74: ESS Emergence entreprises | I74: 42750 | J74: aide en numéraire | K74: échelonné | L74: 2019-06-03/2019-12-03 | M74: sans objet | N74: non | O74: 1
A75: 43636 | B75: BORDEAUX METROPOLE | C75: 24330031600011 | D75: 43620 | E75: 2019/206 | F75: MAISON EMPLOI INSERT ECO ENTREP. | G75: 49058526200069 | H75: PLIE | I75: 228000 | J75: aide en numéraire | K75: échelonné | L75: 2019-06-04/2019-12-04 | M75: sans objet | N75: non | O75: 1
A76: 43636 | B76: BORDEAUX METROPOLE | C76: 24330031600011 | D76: 43621 | E76: 2019/263 | F76: MUSIQUES DE NUIT DIFFUSION | G76: 34169319000033 | H76: Eté métropolitain | I76: 40000 | J76: aide en numéraire | K76: échelonné | L76: 2019-06-05/2019-12-05 | M76: sans objet | N76: non | O76: 1
A77: 43636 | B77: BORDEAUX METROPOLE | C77: 24330031600011 | D77: 43628 | E77: 2019/263 | F77: L'ART DANS TOUS SES ETATS | G77: 82155741000015 | H77: Eté métropolitain | I77: 6600 | J77: aide en numéraire | K77: échelonné | L77: 2019-06-12/2019-12-12 | M77: sans objet | N77: non | O77: 1
A78: 43636 | B78: BORDEAUX METROPOLE | C78: 24330031600011 | D78: 43622 | E78: 2019/205 | F78: CSDL | G78: 41900910500018 | H78: ESS programme d'actions | I78: 38000 | J78: aide en numéraire | K78: échelonné | L78: 2019-06-06/2019-12-06 | M78: sans objet | N78: non | O78: 1
A79: 43636 | B79: BORDEAUX METROPOLE | C79: 24330031600011 | D79: 43622 | E79: 2019/205 | F79: COOP ALPHA | G79: 48237148100029 | H79: ESS programme d'actions | I79: 52000 | J79: aide en numéraire | K79: échelonné | L79: 2019-06-06/2019-12-06 | M79: sans objet | N79: non | O79: 1
A80: 43636 | B80: BORDEAUX METROPOLE | C80: 24330031600011 | D80: 43627 | E80: 2019/205 | F80: ADIE | G80: 35221687300211 | H80: ESS programme d'actions | I80: 15000 | J80: aide en numéraire | K80: unique | L80: 2019-06-11/2019-12-11 | M80: sans objet | N80: non | O80: 1
A81: 43636 | B81: BORDEAUX METROPOLE | C81: 24330031600011 | D81: 43621 | E81: 2019/187 | F81: INVEST IN BORDEAUX | G81: 40919981700050 | H81: Fonctionnement | I81: 487775 | J81: aide en numéraire | K81: échelonné | L81: 2019-06-05/2019-12-05 | M81: sans objet | N81: non | O81: 1
A82: 43636 | B82: BORDEAUX METROPOLE | C82: 24330031600011 | D82: 43628 | E82: 2019/185 | F82: FRENTECH BORDEAUX | G82: 81831326400025 | H82: Fonctionnement | I82: 204000 | J82: aide en numéraire | K82: échelonné | L82: 2019-06-12/2019-12-12 | M82: sans objet | N82: non | O82: 1
A83: 43636 | B83: BORDEAUX METROPOLE | C83: 24330031600011 | D83: 43628 | E83: 2019/185 | F83: FRENTECH BORDEAUX | G83: 81831326400025 | H83: programme d'actions | I83: 15000 | J83: aide en numéraire | K83: échelonné | L83: 2019-06-12/2019-12-12 | M83: sans objet | N83: non | O83: 1
A84: 43636 | B84: BORDEAUX METROPOLE | C84: 24330031600011 | D84: 43623 | E84: 2019/265 | F84: COAEQUO | G84: 83122049600010 | H84: SMAC d'agglo | I84: 14250 | J84: aide en numéraire | K84: échelonné | L84: 2019-06-07/2019-12-07 | M84: sans objet | N84: non | O84: 1
A85: 43636 | B85: BORDEAUX METROPOLE | C85: 24330031600011 | D85: 43628 | E85: 2019/205 | F85: FRANCE ACTIVE | G85: 45154609700028 | H85: ESS programme d'actions | I85: 41250 | J85: aide en numéraire | K85: échelonné | L85: 2019-06-12/2019-12-12 | M85: sans objet | N85: non | O85: 1
... A95: 43724 | B95: BORDEAUX METROPOLE | C95: 24330031600011 | D95: 43643 | E95: 2019/205 | F95: FRANCE ACTIVE | G95: 45154609700028 | H95: Investissement sur outils financiers | I95: 30000 | J95: aide en numéraire | K95: unique | L95: 2019-06-27/2019-12-27 | M95: sans objet | N95: non | O95: 1
A96: datepublication | B96: nomAttribuant | C96: idAttribuant | D96: dateConvention | E96: referenceDecision | F96: nomBénéficiaire | G96: idBeneficiaire | H96: objet | I96: montant | J96: nature | K96: conditionsVerse ment | L96: datesPériodeVersement | M96: idRAE | N96: notificationU E | O96: pourcentageS ubvention
A97: 43724 | B97: BORDEAUX METROPOLE | C97: 24330031600011 | D97: 43641 | E97: 2019/318 | F97: CAP SCIENCES | G97: 39988425300036 | H97: investissement | I97: 120000 | J97: aide en numéraire | K97: échelonné | L97: 2019-06-25/2019-12-25 | M97: sans objet | N97: non | O97: 1
A98: 43724 | B98: BORDEAUX METROPOLE | C98: 24330031600011 | D98: 43636 | E98: 2019/169 | F98: CSBN | G98: 78184921100029 | H98: Fonctionnement | I98: 3500 | J98: aide en numéraire | K98: échelonné | L98: 2019-06-20/2019-12-20 | M98: sans objet | N98: non | O98: 1
A99: 43724 | B99: BORDEAUX METROPOLE | C99: 24330031600011 | D99: 43643 | E99: 2019/169 | F99: FACE | G99: 39856806300059 | H99: Fonctionnement | I99: 14250 | J99: aide en numéraire | K99: échelonné | L99: 2019-06-27/2019-12-27 | M99: sans objet | N99: non | O99: 1
A100: 43724 | B100: BORDEAUX METROPOLE | C100: 24330031600011 | D100: 43635 | E100: 2019/169 | F100: LE RITUEL | G100: 82978181400019 | H100: Fonctionnement | I100: 4500 | J100: aide en numéraire | K100: échelonné | L100: 2019-06-19/2019-12-19 | M100: sans objet | N100: non | O100: 1
A101: 43724 | B101: BORDEAUX METROPOLE | C101: 24330031600011 | D101: 43628 | E101: 2019/257 | F101: ALEC | G101: 49500944100033 | H101: Fonctionnement | I101: 137000 | J101: aide en numéraire | K101: échelonné | L101: 2019-06-12/2019-12-12 | M101: sans objet | N101: non | O101: 1
A102: 43724 | B102: BORDEAUX METROPOLE | C102: 24330031600011 | D102: 43642 | E102: 2019/279 | F102: ARC SUD DEVELOPPEMENT | G102: 42198523500017 | H102: Fonctionnement | I102: 47500 | J102: aide en numéraire | K102: échelonné | L102: 2019-06-26/2019-12-26 | M102: sans objet | N102: non | O102: 1
A103: 43724 | B103: BORDEAUX METROPOLE | C103: 24330031600011 | D103: 43642 | E103: 2019/279 | F103: HAUTS DE GARONNE | G103: 34975346700043 | H103: Fonctionnement | I103: 45000 | J103: aide en numéraire | K103: échelonné | L103: 2019-06-26/2019-12-26 | M103: sans objet | N103: non | O103: 1
A104: 43724 | B104: BORDEAUX METROPOLE | C104: 24330031600011 | D104: 43620 | E104: 2019/169_ | F104: CREPAQ | G104: 40996896300010 | H104: Fonctionnement | I104: 4350 | J104: aide en numéraire | K104: échelonné | L104: 2019-06-04/2019-12-04 | M104: sans objet | N104: non | O104: 1
A105: 43724 | B105: BORDEAUX METROPOLE | C105: 24330031600011 | D105: 43648 | E105: 2019/276 | F105: DIGITAL AQUITAINE | G105: 80961975200011 | H105: Fonctionnement | I105: 25000 | J105: aide en numéraire | K105: échelonné | L105: 2019-07-02/2020-01-02 | M105: sans objet | N105: non | O105: 1
A106: 43724 | B106: BORDEAUX METROPOLE | C106: 24330031600011 | D106: 43651 | E106: 2019/206 | F106: ADELE | G106: 43383594000027 | H106: PLIE DES GRAVES | I106: 12500 | J106: aide en numéraire | K106: échelonné | L106: 2019-07-05/2020-01-05 | M106: sans objet | N106: non | O106: 1
A107: 43724 | B107: BORDEAUX METROPOLE | C107: 24330031600011 | D107: 43651 | E107: 2019/273 | F107: OFFICE TOURISME & CONGRES BORDEAUX | G107: 78180455400017 | H107: FETE DU FLEUVE | I107: 141000 | J107: aide en numéraire | K107: échelonné | L107: 2019-07-05/2020-01-05 | M107: sans objet | N107: non | O107: 1
A108: 43724 | B108: BORDEAUX METROPOLE | C108: 24330031600011 | D108: 43655 | E108: 2019/186 | F108: VILLA PRIMROSE | G108: 78187611500010 | H108: Fonctionnement | I108: 25000 | J108: aide en numéraire | K108: échelonné | L108: 2019-07-09/2020-01-09 | M108: sans objet | N108: non | O108: 1
... A118: 43724 | B118: BORDEAUX METROPOLE | C118: 24330031600011 | D118: 43669 | E118: 2019/386 | F118: CIDFF | G118: 33348540700017 | H118: actions spécifiques | I118: 8500 | J118: aide en numéraire | K118: unique | L118: 2019-07-23/2020-01-23 | M118: sans objet | N118: non | O118: 1
A119: datepublication | B119: nomAttribuant | C119: idAttribuant | D119: dateConvention | E119: referenceDecision | F119: nomBénéficiaire | G119: idBeneficiaire | H119: objet | I119: montant | J119: nature | K119: conditionsVerse ment | L119: datesPériodeVersement | M119: idRAE | N119: notificationU E | O119: pourcentageS ubvention
A120: 43724 | B120: BORDEAUX METROPOLE | C120: 24330031600011 | D120: 43677 | E120: 2019/386 | F120: ADIE | G120: 35221687300015 | H120: Fonctionnement | I120: 5000 | J120: aide en numéraire | K120: unique | L120: 2019-07-31/2020-01-31 | M120: sans objet | N120: non | O120: 1
A121: 43724 | B121: BORDEAUX METROPOLE | C121: 24330031600011 | D121: 43658 | E121: 2019/401 | F121: ADSI TECHNOWEST | G121: 43403882400042 | H121: OIM action emploi | I121: 25000 | J121: aide en numéraire | K121: échelonné | L121: 2019-07-12/2020-01-12 | M121: sans objet | N121: non | O121: 1
A122: 43724 | B122: BORDEAUX METROPOLE | C122: 24330031600011 | D122: 43699 | E122: 2019/418 | F122: LES DETRITIVORES | G122: 81292453800018 | H122: action déchets | I122: 50000 | J122: aide en numéraire | K122: échelonné | L122: 2019-08-22/2020-02-22 | M122: sans objet | N122: non | O122: 1
A123: 43724 | B123: BORDEAUX METROPOLE | C123: 24330031600011 | D123: 43703 | E123: 2019/390 | F123: FESTIVAL DES ARTS DE BORDEAUX | G123: 44336259500037 | H123: Festival des arts | I123: 160000 | J123: aide en numéraire | K123: échelonné | L123: 2019-08-26/2020-02-26 | M123: sans objet | N123: non | O123: 1
A124: 43724 | B124: BORDEAUX METROPOLE | C124: 24330031600011 | D124: 43703 | E124: 2019/390 | F124: SEMER LE DOUTE | G124: 53389682500023 | H124: Festival FIFIB | I124: 26000 | J124: aide en numéraire | K124: échelonné | L124: 2019-08-26/2020-02-26 | M124: sans objet | N124: non | O124: 1
A125: 43724 | B125: BORDEAUX METROPOLE | C125: 24330031600011 | D125: 43703 | E125: 2019/390 | F125: ADMAA | G125: 48956307200029 | H125: Festival Relache | I125: 15000 | J125: aide en numéraire | K125: échelonné | L125: 2019-08-26/2020-02-26 | M125: sans objet | N125: non | O125: 1
A126: 43724 | B126: BORDEAUX METROPOLE | C126: 24330031600011 | D126: 43703 | E126: 2019/390 | F126: MELI MEL'ARTS | G126: 52425936300017 | H126: Festival | I126: 8000 | J126: aide en numéraire | K126: échelonné | L126: 2019-08-26/2020-02-26 | M126: sans objet | N126: non | O126: 1
A127: 43724 | B127: BORDEAUX METROPOLE | C127: 24330031600011 | D127: 43703 | E127: 2019/391 | F127: AMANIEU DE BOULIAC | G127: 42283936500018 | H127: Médiévales | I127: 6500 | J127: aide en numéraire | K127: échelonné | L127: 2019-08-26/2020-02-26 | M127: sans objet | N127: non | O127: 1
A128: 43784 | B128: BORDEAUX METROPOLE | C128: 24330031600011 | D128: 43759 | E128: 2019/350 | F128: MEBA | G128: 51779186900012 | H128: Fonctionnement | I128: 56400 | J128: aide en numéraire | K128: échelonné | L128: 2019-10-21/2020-04-21 | M128: sans objet | N128: non | O128: 1
A129: 43784 | B129: BORDEAUX METROPOLE | C129: 24330031600011 | D129: 43762 | E129: 2019/532 | F129: RESTAURANTS DU CŒUR | G129: 37954994200025 | H129: Fonctionnement | I129: 25000 | J129: aide en numéraire | K129: échelonné | L129: 2019-10-24/2020-04-24 | M129: sans objet | N129: non | O129: 1
A130: 43784 | B130: BORDEAUX METROPOLE | C130: 24330031600011 | D130: 43763 | E130: 2019/532 | F130: LA RONDE DES QUARTIERS DE BORDEAUX | G130: 52539664400011 | H130: Le bon goût | I130: 25000 | J130: aide en numéraire | K130: échelonné | L130: 2019-10-25/2020-04-25 | M130: sans objet | N130: non | O130: 1
A131: 43784 | B131: BORDEAUX METROPOLE | C131: 24330031600011 | D131: 43755 | E131: 2019/582 | F131: URHAJ NOUVELLE AQUITAINE | G131: 82791162900018 | H131: Fonctionnement | I131: 69000 | J131: aide en numéraire | K131: échelonné | L131: 2019-10-17/2020-04-17 | M131: sans objet | N131: non | O131: 1
... A136: 43784 | B136: BORDEAUX METROPOLE | C136: 24330031600011 | D136: 43781 | E136: 2019/594 | F136: FESTIVAL INTERNATIONAL | G136: 37914022100019 | H136: Festival du film d'histoire | I136: 50000 | J136: aide en numéraire | K136: échelonné | L136: 2019-11-12/2020-05-12 | M136: sans objet | N136: non | O136: 1

Sheet 2018 clean 1
A1: idBeneficiaire | B1: idBeneficiaire_clean | C1: nomBénéficiaire | D1: referenceDecision | E1: dateConvention | F1: objet | G1: montant | H1: montant_clean | I1: nature | J1: conditionsVerse ment | K1: datesPériodeVersement | L1: idRAE | M1: notification UE | N1: pourcenta geSubvent ion
A2: PUBLICATION DU 28/02/2018
A3: ADIL (asso. départ. pour information sur logement) | B3: =SUBSTITUTE(A3,char(10)," ") -> ADIL (asso. départ. pour information sur logement) | C3: 305378234 | D3: 2017/739_2017-11-24 | E3: 43069 | F3: fonctionnement | G3: 97 740,00 | H3: =substitute( SUBSTITUTE(G3," ",""),",",".") -> 97740.00 | I3: aide en numéraire | J3: échelonné | K3: 2017-11-30_2018-05-30 | L3: sans objet | M3: non | N3: 1
A4: COMPAGNONS BATISSEURS | B4: =SUBSTITUTE(A4,char(10)," ") -> COMPAGNONS BATISSEURS | C4: 488566613 | D4: 2017/837_2017-12-22 | E4: 43091 | F4: actions de formation | G4: 95 932,00 | H4: =substitute( SUBSTITUTE(G4," ",""),",",".") -> 95932.00 | I4: aide en numéraire | J4: échelonné | K4: 2017-12-22_2018-06-22 | L4: sans objet | M4: non | N4: 1
A5: FABRIQUE POLA | B5: =SUBSTITUTE(A5,char(10)," ") -> FABRIQUE POLA | C5: 444337588 | D5: 2017/747_2017-11-24 | E5: 43112 | F5: fonctionnement 2017 | G5: 114 000,00 | H5: =substitute( SUBSTITUTE(G5," ",""),",",".") -> 114000.00 | I5: aide en numéraire | J5: échelonné | K5: 2018-01-12_2018-07-12 | L5: sans objet | M5: non | N5: 1
A6: UNML (UNION NATIONALE DES MISSIONS LOCALES) | B6: =SUBSTITUTE(A6,char(10)," ") -> UNML (UNION NATIONALE DES MISSIONS LOCALES) | C6: 434066577 | D6: 2017/686_2017-11-24 | E6: 43077 | F6: fonctionnement | G6: 5 000,00 | H6: =substitute( SUBSTITUTE(G6," ",""),",",".") -> 5000.00 | I6: aide en numéraire | J6: échelonné | K6: 2017-12-08_2018-06-08 | L6: sans objet | M6: non | N6: 1
A7: ADMAA (ASSO DEFENSE MUSIQUES ALTERNATIVES) | B7: =SUBSTITUTE(A7,char(10)," ") -> ADMAA (ASSO DEFENSE MUSIQUES ALTERNATIVES) | C7: 489563072 | D7: 2017/348_2017-05-19 | E7: 43133 | F7: été métropolitain 2017 | G7: 40 000,00 | H7: =substitute( SUBSTITUTE(G7," ",""),",",".") -> 40000.00 | I7: aide en numéraire | J7: échelonné | K7: 2018-02-02_2018-08-08 | L7: sans objet | M7: non | N7: 1
A8: PUBLICATION DU 26/04/2018 | B8: =SUBSTITUTE(A8,char(10)," ") -> PUBLICATION DU 26/04/2018 | H8: =substitute( SUBSTITUTE(G8," ",""),",",".")
A9: COS PERSONNEL Bordeaux Metropole | B9: =SUBSTITUTE(A9,char(10)," ") -> COS PERSONNEL Bordeaux Metropole | C9: 483013405 | D9: 2017/810_2017-12-22 | E9: 43091 | F9: fonctionnement | G9: 1 680 000,00 | H9: =substitute( SUBSTITUTE(G9," ",""),",",".") -> 1680000.00 | I9: aide en numéraire | J9: échelonné | K9: 2017-12-22_2018-06-22 | L9: sans objet | M9: non | N9: 1
A10: UFASEC | B10: =SUBSTITUTE(A10,char(10)," ") -> UFASEC | C10: 789105954 | D10: 2017/800_2017-22-12 | E10: 43091 | F10: fonctionnement | G10: 10 870,00 | H10: =substitute( SUBSTITUTE(G10," ",""),",",".") -> 10870.00 | I10: aide en numéraire | J10: 1 versement | K10: 2017-12-22_2018-06-22 | L10: sans objet | M10: non | N10: 1
A11: ARTS & LOISIRS D'ARLAC | B11: =SUBSTITUTE(A11,char(10)," ") -> ARTS & LOISIRS D'ARLAC | C11: 306040312 | D11: 2017/603_2017-11-24 | E11: 43130 | F11: fonctionnement | G11: 7 900,00 | H11: =substitute( SUBSTITUTE(G11," ",""),",",".") -> 7900.00 | I11: aide en numéraire | J11: échelonné | K11: 2018-01-30_2018-07-30 | L11: sans objet | M11: non | N11: 1
A12: CIJA | B12: =SUBSTITUTE(A12,char(10)," ") -> CIJA | C12: 306564279 | D12: 2018/001_2018-01-26 | E12: 43126 | F12: fonctionnement | G12: 32 000,00 | H12: =substitute( SUBSTITUTE(G12," ",""),",",".") -> 32000.00 | I12: aide en numéraire | J12: échelonné | K12: 2018-01-26_2018-26-07 | L12: sans objet | M12: non | N12: 1
A13: MÉMOIRE DE BORDEAUX | B13: =SUBSTITUTE(A13,char(10)," ") -> MÉMOIRE DE BORDEAUX | C13: 342215456 | D13: 2018/002_2018-01-26 | E13: 43126 | F13: fonctionnement | G13: 96 187,50 | H13: =substitute( SUBSTITUTE(G13," ",""),",",".") -> 96187.50 | I13: aide en numéraire | J13: échelonné | K13: 2018-01-26_2018-07-26 | L13: sans objet | M13: non | N13: 1
A14: AURBA | B14: =SUBSTITUTE(A14,char(10)," ") -> AURBA | C14: 781814488 | D14: 2017/833_2017-12-22 | E14: 43136 | F14: fonctionnement | G14: 4 372 007,00 | H14: =substitute( SUBSTITUTE(G14," ",""),",",".") -> 4372007.00 | I14: aide en numéraire | J14: échelonné | K14: 2018-02-05_2018-07-05- | L14: sans objet | M14: non | N14: 1
A15: UBM | B15: =SUBSTITUTE(A15,char(10)," ") -> UBM | C15: 418921409 | D15: 2017/801_2017-12-22 | E15: 43143 | F15: fonctionnement | G15: 77 000,00 | H15: =substitute( SUBSTITUTE(G15," ",""),",",".") -> 77000.00 | I15: aide en numéraire | J15: échelonné | K15: 2018-02-12_2018-08-02 | L15: sans objet | M15: non | N15: 1
A16: JIB (JUMPING INTERNATIONAL DE BORDEAUX) | B16: =SUBSTITUTE(A16,char(10)," ") -> JIB (JUMPING INTERNATIONAL DE BORDEAUX) | C16: 420252348 | D16: 2018/003_2018-01-26 | E16: 43160 | F16: 22e salon du cheval | G16: 34 000,00 | H16: =substitute( SUBSTITUTE(G16," ",""),",",".") -> 34000.00 | I16: aide en numéraire | J16: échelonné | K16: 2018-03-01_2018-09-01 | L16: sans objet | M16: non | N16: 1
A17: CSDL (caisse sociale de dév local) | B17: =SUBSTITUTE(A17,char(10)," ") -> CSDL (caisse sociale de dév local) | C17: 419009105 | D17: 2017/204_2017-04-14 | E17: 43161 | F17: fonctionnement | G17: 38 000,00 | H17: =substitute( SUBSTITUTE(G17," ",""),",",".") -> 38000.00 | I17: aide en numéraire | J17: échelonné | K17: 2018-03-02_2018-09-02 | L17: sans objet | M17: non | N17: 1
A18: PAIN ET PARTAGE SAS | B18: =SUBSTITUTE(A18,char(10)," ") -> PAIN ET PARTAGE SAS | C18: 832333181 | D18: 2018/005_2018-01-26 | E18: 43161 | F18: aide à l'investissement | G18: 60 000,00 | H18: =substitute( SUBSTITUTE(G18," ",""),",",".") -> 60000.00 | I18: aide en numéraire | J18: échelonné | K18: 2018-03-02_2018-09-02 | L18: sans objet | M18: non | N18: 1
A19: FABRIQUE POLA | B19: =SUBSTITUTE(A19,char(10)," ") -> FABRIQUE POLA | C19: 444337588 | D19: 2018/41_2018-01-26 | E19: 43172 | F19: fonctionnement | G19: 114 000,00 | H19: =substitute( SUBSTITUTE(G19," ",""),",",".") -> 114000.00 | I19: aide en numéraire | J19: échelonné | K19: 2018-03-13_2018-10-13 | L19: sans objet | M19: non | N19: 1
A20: MUSIQUES DE NUIT DIFFUSION | B20: =SUBSTITUTE(A20,char(10)," ") -> MUSIQUES DE NUIT DIFFUSION | C20: 341693190 | D20: 2018-42_2018-01-26 | E20: 43174 | F20: Festival afro new bell | G20: 35 000,00 | H20: =substitute( SUBSTITUTE(G20," ",""),",",".") -> 35000.00 | I20: aide en numéraire | J20: échelonné | K20: 2018-03-15_2018-09-15 | L20: sans objet | M20: non | N20: 1
A21: idBeneficiaire | B21: =SUBSTITUTE(A21,char(10)," ") -> idBeneficiaire | C21: nomBénéficiaire | D21: referenceDecision | E21: dateConvention | F21: objet | G21: montant | H21: =substitute( SUBSTITUTE(G21," ",""),",",".") -> montant | I21: nature | J21: conditionsVerse ment | K21: datesPériodeVersement | L21: idRAE | M21: notification UE | N21: pourcenta geSubvent ion
A22: ASSO EUROPEENNE DU FILM ANIMATION | B22: =SUBSTITUTE(A22,char(10)," ") -> ASSO EUROPEENNE DU FILM ANIMATION | C22: 509079794 | D22: 2018/49_2018-02-16 | E22: 43185 | F22: Cartoon movie | G22: 150 000,00 | H22: =substitute( SUBSTITUTE(G22," ",""),",",".") -> 150000.00 | I22: aide en numéraire | J22: échelonné | K22: 2018-03-26_2018-09-26 | L22: sans objet | M22: non | N22: 1
A23: PUBLICATION du 03/07/2018 | B23: =SUBSTITUTE(A23,char(10)," ") -> PUBLICATION du 03/07/2018 | H23: =substitute( SUBSTITUTE(G23," ",""),",",".")
A24: UNIS CITES | B24: =SUBSTITUTE(A24,char(10)," ") -> UNIS CITES | C24: 398191569 | D24: 2017/736_2018-01-17 | E24: 43124 | F24: fonctionnement | G24: 49 000,00 | H24: =substitute( SUBSTITUTE(G24," ",""),",",".") -> 49000.00 | I24: aide en numéraire | J24: échelonné | K24: 2018-01-24_2018-07-24 | L24: sans objet | M24: non | N24: 1
A25: STADE BORDELAIS ASPTT | B25: =SUBSTITUTE(A25,char(10)," ") -> STADE BORDELAIS ASPTT | C25: 781843594 | D25: 2017/184_2018-03-23 | E25: 43182 | F25: marathon 2018 | G25: 65 000,00 | H25: =substitute( SUBSTITUTE(G25," ",""),",",".") -> 65000.00 | I25: aide en numéraire | J25: échelonné | K25: 2018-03-23_2018-09-23 | L25: sans objet | M25: non | N25: 1
A26: SEMER LE DOUTE | B26: =SUBSTITUTE(A26,char(10)," ") -> SEMER LE DOUTE | C26: 533896825 | D26: 2018/182_2018-03-23 | E26: 43222 | F26: FIFIB le coureur 2018 | G26: 15 000,00 | H26: =substitute( SUBSTITUTE(G26," ",""),",",".") -> 15000.00 | I26: aide en numéraire | J26: échelonné | K26: 2018-05-02_2018-11-02 | L26: sans objet | M26: non | N26: 1
A27: SUPERCOOP SAS | B27: =SUBSTITUTE(A27,char(10)," ") -> SUPERCOOP SAS | C27: 825241318 | D27: 2018/103_2018-03-23 | E27: 43208 | F27: fonctionnement | G27: 24 176,00 | H27: =substitute( SUBSTITUTE(G27," ",""),",",".") -> 24176.00 | I27: aide en numéraire | J27: échelonné | K27: 2018-04-18_2018-10-18 | L27: sans objet | M27: non | N27: 1
A28: ALEC agence locale de l'énergie | B28: =SUBSTITUTE(A28,char(10)," ") -> ALEC agence locale de l'énergie | C28: 495009441 | D28: 2018/278_2018-04-27 | E28: 43235 | F28: fonctionnement | G28: 137 000,00 | H28: =substitute( SUBSTITUTE(G28," ",""),",",".") -> 137000.00 | I28: aide en numéraire | J28: échelonné | K28: 2018-05-15_2018-11-15 | L28: sans objet | M28: non | N28: 1
A29: BORDEAUX OPEN AIR | B29: =SUBSTITUTE(A29,char(10)," ") -> BORDEAUX OPEN AIR | C29: 821354933 | D29: 2018/283_2018-04-27 | E29: 43244 | F29: été métropolitain | G29: 10 000,00 | H29: =substitute( SUBSTITUTE(G29," ",""),",",".") -> 10000.00 | I29: aide en numéraire | J29: échelonné | K29: 2018-05-24_2018-11-24 | L29: sans objet | M29: non | N29: 1
A30: IDDAC | B30: =SUBSTITUTE(A30,char(10)," ") -> IDDAC | C30: 383890233 | D30: 2018/177_2018-03-23 | E30: 43248 | F30: journées juniors dév.durable (JDD) | G30: 17 500,00 | H30: =substitute( SUBSTITUTE(G30," ",""),",",".") -> 17500.00 | I30: aide en numéraire | J30: échelonné | K30: 2018-05-28_2018-11-28 | L30: sans objet | M30: non | N30: 1
A31: TRAFIC | B31: =SUBSTITUTE(A31,char(10)," ") -> TRAFIC | C31: 789632254 | D31: 2018/283_2018-04-27 | E31: 43250 | F31: été métropolitain | G31: 10 000,00 | H31: =substitute( SUBSTITUTE(G31," ",""),",",".") -> 10000.00 | I31: aide en numéraire | J31: échelonné | K31: 2018-05-30_2018-11-30 | L31: sans objet | M31: non | N31: 1
A32: ARIANE PRODUCTIONS | B32: =SUBSTITUTE(A32,char(10)," ") -> ARIANE PRODUCTIONS | C32: 438794034 | D32: 2018/283_2018-04-27 | E32: 43244 | F32: été métropolitain | G32: 9 610,00 | H32: =substitute( SUBSTITUTE(G32," ",""),",",".") -> 9610.00 | I32: aide en numéraire | J32: échelonné | K32: 2018-05-24_2018-11-24 | L32: sans objet | M32: non | N32: 1
A33: CSDL (caisse sociale dév local) | B33: =SUBSTITUTE(A33,char(10)," ") -> CSDL (caisse sociale dév local) | C33: 419009105 | D33: 2018/208-2018-04-27 | E33: 43252 | F33: ESS | G33: 38 000,00 | H33: =substitute( SUBSTITUTE(G33," ",""),",",".") -> 38000.00 | I33: aide en numéraire | J33: échelonné | K33: 2018-06-01_2018-12-01 | L33: sans objet | M33: non | N33: 1
A34: IDDAC | B34: =SUBSTITUTE(A34,char(10)," ") -> IDDAC | C34: 383890233 | D34: 2018/283_2018-04-27 | E34: 43252 | F34: été métropolitain | G34: 17 000,00 | H34: =substitute( SUBSTITUTE(G34," ",""),",",".") -> 17000.00 | I34: aide en numéraire | J34: échelonné | K34: 2018-06-01_2018-12-01 | L34: sans objet | M34: non | N34: 1
A35: ATIS | B35: =SUBSTITUTE(A35,char(10)," ") -> ATIS | C35: 522896091 | D35: 2018/208-2018-04-27 | E35: 43255 | F35: ESS | G35: 42 750,00 | H35: =substitute( SUBSTITUTE(G35," ",""),",",".") -> 42750.00 | I35: aide en numéraire | J35: échelonné | K35: 2018-06-04_2018-12-04 | L35: sans objet | M35: non | N35: 1
... A43: THE DESK | B43: =SUBSTITUTE(A43,char(10)," ") -> THE DESK | C43: 824274781 | D43: 2018/283_2018-04-27 | E43: 43252 | F43: été métropolitain | G43: 11 000,00 | H43: =substitute( SUBSTITUTE(G43," ",""),",",".") -> 11000.00 | I43: aide en numéraire | J43: échelonné | K43: 2018-06-01_2018-12-01 | L43: sans objet | M43: non | N43: 1
A44: idBeneficiaire | B44: =SUBSTITUTE(A44,char(10)," ") -> idBeneficiaire | C44: nomBénéficiaire | D44: referenceDecision | E44: dateConvention | F44: objet | G44: montant | H44: =substitute( SUBSTITUTE(G44," ",""),",",".") -> montant | I44: nature | J44: conditionsVerse ment | K44: datesPériodeVersement | L44: idRAE | M44: notification UE | N44: pourcenta geSubvent ion
A45: SEMER LE DOUTE | B45: =SUBSTITUTE(A45,char(10)," ") -> SEMER LE DOUTE | C45: 533896825 | D45: 2018/284_2018-04-27 | E45: 43257 | F45: contrat codev | G45: 26 000,00 | H45: =substitute( SUBSTITUTE(G45," ",""),",",".") -> 26000.00 | I45: aide en numéraire | J45: échelonné | K45: 2018-06-06_2018-12-06 | L45: sans objet | M45: non | N45: 1
A46: LETTRES DU MONDE | B46: =SUBSTITUTE(A46,char(10)," ") -> LETTRES DU MONDE | C46: 452274798 | D46: 2018/283_2018-04-27 | E46: 43250 | F46: été métropolitain | G46: 5 000,00 | H46: =substitute( SUBSTITUTE(G46," ",""),",",".") -> 5000.00 | I46: aide en numéraire | J46: échelonné | K46: 2018-05-30_2018-11-30 | L46: sans objet | M46: non | N46: 1
A47: L'IRREGULIERE | B47: =SUBSTITUTE(A47,char(10)," ") -> L'IRREGULIERE | C47: 833920077 | D47: 2018/283_2018-04-27 | E47: 43257 | F47: été métropolitain | G47: 8 000,00 | H47: =substitute( SUBSTITUTE(G47," ",""),",",".") -> 8000.00 | I47: aide en numéraire | J47: échelonné | K47: 2018-06-06_2018-12-06 | L47: sans objet | M47: non | N47: 1
A48: ADMAA (ASSO DEFENSE MUSIQUES ALTERNATIVES) | B48: =SUBSTITUTE(A48,char(10)," ") -> ADMAA (ASSO DEFENSE MUSIQUES ALTERNATIVES) | C48: 489563072 | D48: 2018/283_2018-04-27 | E48: 43255 | F48: été métropolitain | G48: 20 000,00 | H48: =substitute( SUBSTITUTE(G48," ",""),",",".") -> 20000.00 | I48: aide en numéraire | J48: échelonné | K48: 2018-06-04_2018-12-04 | L48: sans objet | M48: non | N48: 1
A49: RICOCHET SONORE | B49: =SUBSTITUTE(A49,char(10)," ") -> RICOCHET SONORE | C49: 809102510 | D49: 2018/283_2018-04-27 | E49: 43262 | F49: été métropolitain | G49: 15 000,00 | H49: =substitute( SUBSTITUTE(G49," ",""),",",".") -> 15000.00 | I49: aide en numéraire | J49: échelonné | K49: 2018-06-11_2018-12-11 | L49: sans objet | M49: non | N49: 1
A50: ESCALES LITTERAIRES BX AQUITAINE | B50: =SUBSTITUTE(A50,char(10)," ") -> ESCALES LITTERAIRES BX AQUITAINE | C50: 344264759 | D50: 2018/284_2018-04-27 | E50: 43259 | F50: escales du livre | G50: 150 000,00 | H50: =substitute( SUBSTITUTE(G50," ",""),",",".") -> 150000.00 | I50: aide en numéraire | J50: échelonné | K50: 2018-06-08_2018-12-08 | L50: sans objet | M50: non | N50: 1
A51: DATCHA | B51: =SUBSTITUTE(A51,char(10)," ") -> DATCHA | C51: 811411560 | D51: 2018/283_2018-04-27 | E51: 43263 | F51: été metropolitain | G51: 8 000,00 | H51: =substitute( SUBSTITUTE(G51," ",""),",",".") -> 8000.00 | I51: aide en numéraire | J51: échelonné | K51: 2018-06-12_2018-12-12 | L51: sans objet | M51: non | N51: 1
A52: MECHANIC CROUS | B52: =SUBSTITUTE(A52,char(10)," ") -> MECHANIC CROUS | C52: 798365870 | D52: 2018/283_2018-04-27 | E52: 43264 | F52: été metropolitain | G52: 12 600,00 | H52: =substitute( SUBSTITUTE(G52," ",""),",",".") -> 12600.00 | I52: aide en numéraire | J52: échelonné | K52: 2018-06-13_2019-12-13 | L52: sans objet | M52: non | N52: 1
A53: ARC EN REVE | B53: =SUBSTITUTE(A53,char(10)," ") -> ARC EN REVE | C53: 321237034 | D53: 2018/161_2018-03-23 | E53: 43259 | F53: fonctionnement | G53: 407 253,00 | H53: =substitute( SUBSTITUTE(G53," ",""),",",".") -> 407253.00 | I53: aide en numéraire | J53: échelonné | K53: 2018-06-08_2018-12-08 | L53: sans objet | M53: non | N53: 1
A54: AQUITAINE ACTIVE | B54: =SUBSTITUTE(A54,char(10)," ") -> AQUITAINE ACTIVE | C54: 451546097 | D54: 2018/207-2018-04-27 | E54: 43266 | F54: ESS | G54: 33 250,00 | H54: =substitute( SUBSTITUTE(G54," ",""),",",".") -> 33250.00 | I54: aide en numéraire | J54: échelonné | K54: 2018-06-15_2018-12-15 | L54: sans objet | M54: non | N54: 1
A55: LE POEME EN VOLUME | B55: =SUBSTITUTE(A55,char(10)," ") -> LE POEME EN VOLUME | C55: 810971283 | D55: 2018/283_2018-04-27 | E55: 43269 | F55: été métropolitain | G55: 5 000,00 | H55: =substitute( SUBSTITUTE(G55," ",""),",",".") -> 5000.00 | I55: aide en numéraire | J55: échelonné | K55: 2018-06-18_2018-12-18 | L55: sans objet | M55: non | N55: 1
A56: AMANIEU DE BOULIAC | B56: =SUBSTITUTE(A56,char(10)," ") -> AMANIEU DE BOULIAC | C56: 422839365 | D56: 2018/284_2018-04-27 | E56: 43269 | F56: codev les médiévales | G56: 6 500,00 | H56: =substitute( SUBSTITUTE(G56," ",""),",",".") -> 6500.00 | I56: aide en numéraire | J56: échelonné | K56: 2018-06-18_2018-12-18 | L56: sans objet | M56: non | N56: 1
... A65: ATIS | B65: =SUBSTITUTE(A65,char(10)," ") -> ATIS | C65: 522896091 | D65: 2018/196_2018-04-27 | E65: 43271 | F65: Startup du territoire | G65: 20 000,00 | H65: =substitute( SUBSTITUTE(G65," ",""),",",".") -> 20000.00 | I65: aide en numéraire | J65: échelonné | K65: 2018-06-20_2018-12-20 | L65: sans objet | M65: non | N65: 1
A66: idBeneficiaire | B66: =SUBSTITUTE(A66,char(10)," ") -> idBeneficiaire | C66: nomBénéficiaire | D66: referenceDecision | E66: dateConvention | F66: objet | G66: montant | H66: =substitute( SUBSTITUTE(G66," ",""),",",".") -> montant | I66: nature | J66: conditionsVerse ment | K66: datesPériodeVersement | L66: idRAE | M66: notification UE | N66: pourcenta geSubvent ion
A67: ARC SUD DEVELOPPEMENT | B67: =SUBSTITUTE(A67,char(10)," ") -> ARC SUD DEVELOPPEMENT | C67: 421985235 | D67: 2018/206-2018-04-27 | E67: 43271 | F67: fonctionnement | G67: 47 500,00 | H67: =substitute( SUBSTITUTE(G67," ",""),",",".") -> 47500.00 | I67: aide en numéraire | J67: échelonné | K67: 2018-06-20_2018-12-20 | L67: sans objet | M67: non | N67: 1
A68: INVEST IN BORDEAUX | B68: =SUBSTITUTE(A68,char(10)," ") -> INVEST IN BORDEAUX | C68: 409199817 | D68: 2018/283-2018-04-27 | E68: 43271 | F68: fonctionnement | G68: 332 775,00 | H68: =substitute( SUBSTITUTE(G68," ",""),",",".") -> 332775.00 | I68: aide en numéraire | J68: échelonné | K68: 2018-06-20_2018-12-20 | L68: sans objet | M68: non | N68: 1
A69: PETRONILLE | B69: =SUBSTITUTE(A69,char(10)," ") -> PETRONILLE | C69: 438269631 | D69: 2018/283-2018-04-27 | E69: 43270 | F69: été métropolitain | G69: 5 800,00 | H69: =substitute( SUBSTITUTE(G69," ",""),",",".") -> 5800.00 | I69: aide en numéraire | J69: échelonné | K69: 2018-06-19_2018-12-19 | L69: sans objet | M69: non | N69: 1
A70: ADIEU PANURGE | B70: =SUBSTITUTE(A70,char(10)," ") -> ADIEU PANURGE | C70: 828195339 | D70: 2018/283-2018-04-27 | E70: 43264 | F70: été métropolitain | G70: 7 190,00 | H70: =substitute( SUBSTITUTE(G70," ",""),",",".") -> 7190.00 | I70: aide en numéraire | J70: échelonné | K70: 2018-06-13_2018-12-13 | L70: sans objet | M70: non | N70: 1
A71: MUSIQUE DE NUIT DIFFUSION | B71: =SUBSTITUTE(A71,char(10)," ") -> MUSIQUE DE NUIT DIFFUSION | C71: 341693190 | D71: 2018/283-2018-04-27 | E71: 43269 | F71: été métropolitain | G71: 40 000,00 | H71: =substitute( SUBSTITUTE(G71," ",""),",",".") -> 40000.00 | I71: aide en numéraire | J71: échelonné | K71: 2018-06-18_2018-12-18 | L71: sans objet | M71: non | N71: 1
A72: FESTIVAL DES ARTS DE BORDEAUX FAB | B72: =SUBSTITUTE(A72,char(10)," ") -> FESTIVAL DES ARTS DE BORDEAUX FAB | C72: 420089567 | D72: 2018/284_2018-04-27 | E72: 43269 | F72: codev festival | G72: 160 000,00 | H72: =substitute( SUBSTITUTE(G72," ",""),",",".") -> 160000.00 | I72: aide en numéraire | J72: échelonné | K72: 2018-06-18_2018-12-18 | L72: sans objet | M72: non | N72: 1
A73: ESPRIT DE CORPS | B73: =SUBSTITUTE(A73,char(10)," ") -> ESPRIT DE CORPS | C73: 420089567 | D73: 2018/284_2018-04-27 | E73: 43269 | F73: codev festival Pouce | G73: 20 000,00 | H73: =substitute( SUBSTITUTE(G73," ",""),",",".") -> 20000.00 | I73: aide en numéraire | J73: échelonné | K73: 2018-06-18_2018-12-18 | L73: sans objet | M73: non | N73: 1
A74: CHAHUTS | B74: =SUBSTITUTE(A74,char(10)," ") -> CHAHUTS | C74: 402652853 | D74: 2018/284_2018-04-27 | E74: 43269 | F74: codev festival | G74: 35 000,00 | H74: =substitute( SUBSTITUTE(G74," ",""),",",".") -> 35000.00 | I74: aide en numéraire | J74: échelonné | K74: 2018-06-18_2018-12-18 | L74: sans objet | M74: non | N74: 1
A75: MUSIQUE DE NUIT DIFFUSION | B75: =SUBSTITUTE(A75,char(10)," ") -> MUSIQUE DE NUIT DIFFUSION | C75: 341693190 | D75: 2018/284_2018-04-27 | E75: 43269 | F75: codev festival Hauts de Garonne | G75: 25 000,00 | H75: =substitute( SUBSTITUTE(G75," ",""),",",".") -> 25000.00 | I75: aide en numéraire | J75: échelonné | K75: 2018-06-18_2018-12-18 | L75: sans objet | M75: non | N75: 1
A76: ACTIMAGE | B76: =SUBSTITUTE(A76,char(10)," ") -> ACTIMAGE | C76: 750447567 | D76: 2018/283-2018-04-27 | E76: 43279 | F76: été métropolitain | G76: 2 100,00 | H76: =substitute( SUBSTITUTE(G76," ",""),",",".") -> 2100.00 | I76: aide en numéraire | J76: échelonné | K76: 2018-06-28_2018-12-28 | L76: sans objet | M76: non | N76: 1
A77: HAUTS DE GARONNE | B77: =SUBSTITUTE(A77,char(10)," ") -> HAUTS DE GARONNE | C77: 349753467 | D77: 2018/205_2018-04-27 | E77: 43279 | F77: fonctionnement | G77: 45 000,00 | H77: =substitute( SUBSTITUTE(G77," ",""),",",".") -> 45000.00 | I77: aide en numéraire | J77: échelonné | K77: 2018-06-28_2018-12-28 | L77: sans objet | M77: non | N77: 1
A78: PASSAGE A L'ART | B78: =SUBSTITUTE(A78,char(10)," ") -> PASSAGE A L'ART | C78: 484382189 | D78: 2018/284_2018-04-27 | E78: 43279 | F78: codev Regard 9 | G78: 15 200,00 | H78: =substitute( SUBSTITUTE(G78," ",""),",",".") -> 15200.00 | I78: aide en numéraire | J78: échelonné | K78: 2018-06-28_2018-12-28 | L78: sans objet | M78: non | N78: 1
... A80: MELI MEL ARTS | B80: =SUBSTITUTE(A80,char(10)," ") -> MELI MEL ARTS | C80: 524259363 | D80: 2018/284_2018-04-27 | E80: 43283 | F80: codev festival | G80: 8 000,00 | H80: =substitute( SUBSTITUTE(G80," ",""),",",".") -> 8000.00 | I80: aide en numéraire | J80: échelonné | K80: 2018-07-02_2019-01-02 | L80: sans objet | M80: non | N80: 1
A81: PUBLICATION du 18/09/2018 | B81: =SUBSTITUTE(A81,char(10)," ") -> PUBLICATION du 18/09/2018 | H81: =substitute( SUBSTITUTE(G81," ",""),",",".")
A82: COOP ALPHA | B82: =SUBSTITUTE(A82,char(10)," ") -> COOP ALPHA | C82: 48237148100029 | D82: 2018/208-2018-04-27 | E82: 43264 | F82: ESS soutien 2018 | G82: 54 000,00 | H82: =substitute( SUBSTITUTE(G82," ",""),",",".") -> 54000.00 | I82: aide en numéraire | J82: échelonné | K82: 2018-06-13_2018-12-13 | L82: sans objet | M82: non | N82: 1
A83: BORDEAUX GRANDS EVENEMENTS | B83: =SUBSTITUTE(A83,char(10)," ") -> BORDEAUX GRANDS EVENEMENTS | C83: 48875025800011 | D83: 2018/200-2018-04-27 | E83: 43285 | F83: fête du vin 2018 | G83: 200 000,00 | H83: =substitute( SUBSTITUTE(G83," ",""),",",".") -> 200000.00 | I83: aide en numéraire | J83: échelonné | K83: 2018-07-04_2019-01-04 | L83: sans objet | M83: non | N83: 1
A84: AQUITAINE ACTIVE | B84: =SUBSTITUTE(A84,char(10)," ") -> AQUITAINE ACTIVE | C84: 45154697000010 | D84: 2018/208-2018-04-27 | E84: 43286 | F84: ESS soutien investissement | G84: 41 000,00 | H84: =substitute( SUBSTITUTE(G84," ",""),",",".") -> 41000.00 | I84: aide en numéraire | J84: échelonné | K84: 2018-07-05_2019-01-05 | L84: sans objet | M84: non | N84: 1
A85: ADMAA (ASSO DEFENSE MUSIQUES ALTERNATIVES) | B85: =SUBSTITUTE(A85,char(10)," ") -> ADMAA (ASSO DEFENSE MUSIQUES ALTERNATIVES) | C85: 48956307200020 | D85: 2018/353-2018-06-15 | E85: 43287 | F85: codev Festival Relâche | G85: 15 000,00 | H85: =substitute( SUBSTITUTE(G85," ",""),",",".") -> 15000.00 | I85: aide en numéraire | J85: échelonné | K85: 2018-07-06_2019-01-06 | L85: sans objet | M85: non | N85: 1
A86: ASSOCIATION FESTIVAL ODP | B86: =SUBSTITUTE(A86,char(10)," ") -> ASSOCIATION FESTIVAL ODP | C86: 82343035000012 | D86: 2018/353-2018-06-15 | E86: 43280 | F86: codev Festival ODP | G86: 40 000,00 | H86: =substitute( SUBSTITUTE(G86," ",""),",",".") -> 40000.00 | I86: aide en numéraire | J86: échelonné | K86: 2018-06-29_2018-12-29 | L86: sans objet | M86: non | N86: 1
A87: GLUTAMINE | B87: =SUBSTITUTE(A87,char(10)," ") -> GLUTAMINE | C87: 82982336800016 | D87: 2018/178_2018-03-23 | E87: 43263 | F87: action haute qualité de vie | G87: 10 000,00 | H87: =substitute( SUBSTITUTE(G87," ",""),",",".") -> 10000.00 | I87: aide en numéraire | J87: échelonné | K87: 2018-06-12_2018-12-12 | L87: sans objet | M87: non | N87: 1
A88: idBeneficiaire | B88: =SUBSTITUTE(A88,char(10)," ") -> idBeneficiaire | C88: nomBénéficiaire | D88: referenceDecision | E88: dateConvention | F88: objet | G88: montant | H88: =substitute( SUBSTITUTE(G88," ",""),",",".") -> montant | I88: nature | J88: conditionsVerse ment | K88: datesPériodeVersement | L88: idRAE | M88: notification UE | N88: pourcenta geSubvent ion
A89: TALENCE INNOVATION SUD DEVELOPP. | B89: =SUBSTITUTE(A89,char(10)," ") -> TALENCE INNOVATION SUD DEVELOPP. | C89: 42971672300011 | D89: 2018/204-2018-04-27 | E89: 43299 | F89: actions 2018 | G89: 42 700,00 | H89: =substitute( SUBSTITUTE(G89," ",""),",",".") -> 42700.00 | I89: aide en numéraire | J89: échelonné | K89: 2018-07-18_2018-01-18 | L89: sans objet | M89: non | N89: 1
A90: MOM'OUEST | B90: =SUBSTITUTE(A90,char(10)," ") -> MOM'OUEST | C90: 82213407800010 | D90: 2018/302-2018-06-15 | E90: 43299 | F90: investissement | G90: 10 000,00 | H90: =substitute( SUBSTITUTE(G90," ",""),",",".") -> 10000.00 | I90: aide en numéraire | J90: échelonné | K90: 2018-07-18_2018-01-18 | L90: sans objet | M90: non | N90: 1
A91: LES ARTS AU MUR | B91: =SUBSTITUTE(A91,char(10)," ") -> LES ARTS AU MUR | C91: 43434085700037 | D91: 2018/284_2018-04-27 | E91: 43300 | F91: fonctionnement | G91: 15 000,00 | H91: =substitute( SUBSTITUTE(G91," ",""),",",".") -> 15000.00 | I91: aide en numéraire | J91: échelonné | K91: 2018-07-19_2018-01-19 | L91: sans objet | M91: non | N91: 1
A92: LES RESTAURANTS DU CŒUR | B92: =SUBSTITUTE(A92,char(10)," ") -> LES RESTAURANTS DU CŒUR | C92: 37954994200025 | D92: 2018/303-2018-06-15 | E92: 43299 | F92: fonctionnement | G92: 25 000,00 | H92: =substitute( SUBSTITUTE(G92," ",""),",",".") -> 25000.00 | I92: aide en numéraire | J92: échelonné | K92: 2018-07-18_2018-01-18 | L92: sans objet | M92: non | N92: 1
A93: IUFM | B93: =SUBSTITUTE(A93,char(10)," ") -> IUFM | C93: 75198395800024 | D93: 2018/178_2018-03-23 | E93: 43276 | F93: transition énergétique | G93: 10 000,00 | H93: =substitute( SUBSTITUTE(G93," ",""),",",".") -> 10000.00 | I93: aide en numéraire | J93: échelonné | K93: 2018-06-25_2018-12-25 | L93: sans objet | M93: non | N93: 1-
A94: GRAINE AQUITAINE | B94: =SUBSTITUTE(A94,char(10)," ") -> GRAINE AQUITAINE | C94: 38956456800027 | D94: 2018/280_2018-04-27 | E94: 43252 | F94: juniors développement durable | G94: 52 500,00 | H94: =substitute( SUBSTITUTE(G94," ",""),",",".") -> 52500.00 | I94: aide en numéraire | J94: échelonné | K94: 2018-06-01_2018-12-01 | L94: sans objet | M94: non | N94: 1
A95: ETU RECUP | B95: =SUBSTITUTE(A95,char(10)," ") -> ETU RECUP | C95: 80127165100011 | D95: 2018/178_2018-03-23 | E95: 43301 | F95: animation maison éco citoyenne | G95: 3 000,00 | H95: =substitute( SUBSTITUTE(G95," ",""),",",".") -> 3000.00 | I95: aide en numéraire | J95: échelonné | K95: 2018-07-20_2018-01-20 | L95: sans objet | M95: non | N95: 1
A96: ADEM | B96: =SUBSTITUTE(A96,char(10)," ") -> ADEM | C96: 39811228400011 | D96: 2018/468_2018-07-06 | E96: 43319 | F96: Décastar | G96: 58 000,00 | H96: =substitute( SUBSTITUTE(G96," ",""),",",".") -> 58000.00 | I96: aide en numéraire | J96: échelonné | K96: 2018-08-07_2019-02-07 | L96: sans objet | M96: non | N96: 1
A97: CYCLES ET MANIVELLES | B97: =SUBSTITUTE(A97,char(10)," ") -> CYCLES ET MANIVELLES | C97: 80077623900017 | D97: 2018/347-2018-06-15 | E97: 43318 | F97: actions mobilité | G97: 55 000,00 | H97: =substitute( SUBSTITUTE(G97," ",""),",",".") -> 55000.00 | I97: aide en numéraire | J97: échelonné | K97: 2018-08-06_2019-02-06 | L97: sans objet | M97: non | N97: 1
A98: COMPAGNONS BATISSEURS | B98: =SUBSTITUTE(A98,char(10)," ") -> COMPAGNONS BATISSEURS | C98: 48856661300037 | D98: 2018/40_2018-01-26 | E98: 43285 | F98: plateforme SOLIBAT | G98: 10 000,00 | H98: =substitute( SUBSTITUTE(G98," ",""),",",".") -> 10000.00 | I98: aide en numéraire | J98: échelonné | K98: 2018-07-04_2019-01-04 | L98: sans objet | M98: non | N98: 1
A99: BORDEAUX TECHNOWEST | B99: =SUBSTITUTE(A99,char(10)," ") -> BORDEAUX TECHNOWEST | C99: 37781852100025 | D99: 2018/368-2018-07-06 | E99: 43306 | F99: fonctionnement | G99: 420 000,00 | H99: =substitute( SUBSTITUTE(G99," ",""),",",".") -> 420000.00 | I99: aide en numéraire | J99: échelonné | K99: 2018-07-25_2019-01-25 | L99: sans objet | M99: non | N99: 1
A100: BORDEAUX UNITEC | B100: =SUBSTITUTE(A100,char(10)," ") -> BORDEAUX UNITEC | C100: 37796404400038 | D100: 2018/367-2018-07-06 | E100: 43306 | F100: programme d'actions | G100: 139 000,00 | H100: =substitute( SUBSTITUTE(G100," ",""),",",".") -> 139000.00 | I100: aide en numéraire | J100: échelonné | K100: 2018-07-25_2019-01-25 | L100: sans objet | M100: non | N100: 1
A101: CREAC DE BEGLES | B101: =SUBSTITUTE(A101,char(10)," ") -> CREAC DE BEGLES | C101: 37809063300017 | D101: 2018/367-2018-06-15 | E101: 43306 | F101: programme d'actions | G101: 9 000,00 | H101: =substitute( SUBSTITUTE(G101," ",""),",",".") -> 9000.00 | I101: aide en numéraire | J101: échelonné | K101: 2018-07-25_2019-01-25 | L101: sans objet | M101: non | N101: 1
A102: ETU RECUP | B102: =SUBSTITUTE(A102,char(10)," ") -> ETU RECUP | C102: 80127165100011 | D102: 2018/40_2018-01-26 | E102: 43298 | F102: ressourcerie Campus | G102: 13 538,00 | H102: =substitute( SUBSTITUTE(G102," ",""),",",".") -> 13538.00 | I102: aide en numéraire | J102: échelonné | K102: 2018-07-17_2019-01-17 | L102: sans objet | M102: non | N102: 1
A103: L'EPHEMERE | B103: =SUBSTITUTE(A103,char(10)," ") -> L'EPHEMERE | C103: 82138441900015 | D103: 2018/40_2018-01-26 | E103: 43298 | F103: programme d'actions | G103: 5 000,00 | H103: =substitute( SUBSTITUTE(G103," ",""),",",".") -> 5000.00 | I103: aide en numéraire | J103: échelonné | K103: 2018-07-17_2019-01-17 | L103: sans objet | M103: non | N103: 1
A104: VELO CITE | B104: =SUBSTITUTE(A104,char(10)," ") -> VELO CITE | C104: 43288382500031 | D104: 2018/450-2018-07-06 | E104: 43304 | F104: fonctionnement | G104: 28 000,00 | H104: =substitute( SUBSTITUTE(G104," ",""),",",".") -> 28000.00 | I104: aide en numéraire | J104: échelonné | K104: 2018-07-23_2019-01-23 | L104: sans objet | M104: non | N104: 1
A105: VELO CITE | B105: =SUBSTITUTE(A105,char(10)," ") -> VELO CITE | C105: 43288382500031 | D105: 2018/347-2018-06-15 | E105: 43304 | F105: MAMMA maison métropolitaine mobilité alternative | G105: 55 000,00 | H105: =substitute( SUBSTITUTE(G105," ",""),",",".") -> 55000.00 | I105: aide en numéraire | J105: échelonné | K105: 2018-07-23_2019-01-23 | L105: sans objet | M105: non | N105: 1
... A109: LES PETITS DEBROUILLARDS | B109: =SUBSTITUTE(A109,char(10)," ") -> LES PETITS DEBROUILLARDS | C109: 41087071100083 | D109: 2018/460-2018-07-06 | E109: 43312 | F109: contrat de ville | G109: 7 000,00 | H109: =substitute( SUBSTITUTE(G109," ",""),",",".") -> 7000.00 | I109: aide en numéraire | J109: échelonné | K109: 2018-07-31_2019-01-31 | L109: sans objet | M109: non | N109: 1
A110: idBeneficiaire | B110: =SUBSTITUTE(A110,char(10)," ") -> idBeneficiaire | C110: nomBénéficiaire | D110: referenceDecision | E110: dateConvention | F110: objet | G110: montant | H110: =substitute( SUBSTITUTE(G110," ",""),",",".") -> montant | I110: nature | J110: conditionsVerse ment | K110: datesPériodeVersement | L110: idRAE | M110: notification UE | N110: pourcenta geSubvent ion
A111: SEW & LAINE | B111: =SUBSTITUTE(A111,char(10)," ") -> SEW & LAINE | C111: 53454877100037 | D111: 2018/460-2018-07-06 | E111: 43311 | F111: contrat de ville | G111: 4 000,00 | H111: =substitute( SUBSTITUTE(G111," ",""),",",".") -> 4000.00 | I111: aide en numéraire | J111: 1 versement | K111: 2018-07-30_2019-01-30 | L111: sans objet | M111: non | N111: 1
A112: CAISSE SOCIALE DEV. LOCAL CSDL | B112: =SUBSTITUTE(A112,char(10)," ") -> CAISSE SOCIALE DEV. LOCAL CSDL | C112: 41900910500018 | D112: 2018/460-2018-07-06 | E112: 43335 | F112: contrat de ville | G112: 3 500,00 | H112: =substitute( SUBSTITUTE(G112," ",""),",",".") -> 3500.00 | I112: aide en numéraire | J112: 1 versement | K112: 2018-08-23_2019-02-23 | L112: sans objet | M112: non | N112: 1
A113: ADIE | B113: =SUBSTITUTE(A113,char(10)," ") -> ADIE | C113: 35221687300211 | D113: 2018/460-2018-07-06 | E113: 43312 | F113: contrat de ville | G113: 5 000,00 | H113: =substitute( SUBSTITUTE(G113," ",""),",",".") -> 5000.00 | I113: aide en numéraire | J113: 1 versement | K113: 2018-07-31_2019-01-31 | L113: sans objet | M113: non | N113: 1
A114: ADI NOUVELLE AQUITAINE | B114: =SUBSTITUTE(A114,char(10)," ") -> ADI NOUVELLE AQUITAINE | C114: 82033673300010 | D114: 2018/375-2018-07-06 | E114: 43339 | F114: programme d'actions | G114: 24 000,00 | H114: =substitute( SUBSTITUTE(G114," ",""),",",".") -> 24000.00 | I114: aide en numéraire | J114: 1 versement | K114: 2018-08-27_2019-02-27 | L114: sans objet | M114: non | N114: 1
A115: DIGITAL AQUITAINE | B115: =SUBSTITUTE(A115,char(10)," ") -> DIGITAL AQUITAINE | C115: 80961975200011 | D115: 2018/370-2018-07-06 | E115: 43334 | F115: fonctionnement | G115: 25 000,00 | H115: =substitute( SUBSTITUTE(G115," ",""),",",".") -> 25000.00 | I115: aide en numéraire | J115: échelonné | K115: 2018-08-22_2019-02-22 | L115: sans objet | M115: non | N115: 1
A116: FACE | B116: =SUBSTITUTE(A116,char(10)," ") -> FACE | C116: 39856806300059 | D116: 2018/178_2018-03-23 | E116: 43339 | F116: université d'été | G116: 15 000,00 | H116: =substitute( SUBSTITUTE(G116," ",""),",",".") -> 15000.00 | I116: aide en numéraire | J116: échelonné | K116: 2018-08-27_2019-02-27 | L116: sans objet | M116: non | N116: 1
A117: MAISON DE L'EMPLOI DE BX | B117: =SUBSTITUTE(A117,char(10)," ") -> MAISON DE L'EMPLOI DE BX | C117: 49058526200069 | D117: 2018/99_2018-03-23 | E117: 43182 | F117: fonctionnement | G117: 230 000,00 | H117: =substitute( SUBSTITUTE(G117," ",""),",",".") -> 230000.00 | I117: aide en numéraire | J117: échelonné | K117: 2018-03-23_2018-09-23 | L117: sans objet | M117: non | N117: 1
A118: AFEPT | B118: =SUBSTITUTE(A118,char(10)," ") -> AFEPT | C118: 30016423300037 | D118: 2018/100_2018-03-23 | E118: 43182 | F118: fonctionnement | G118: 60 000,00 | H118: =substitute( SUBSTITUTE(G118," ",""),",",".") -> 60000.00 | I118: aide en numéraire | J118: échelonné | K118: 2018-03-23_2018-09-23 | L118: sans objet | M118: non | N118: 1
A119: AGENCE DEVELOP. TOURISTIQUE GDE | B119: =SUBSTITUTE(A119,char(10)," ") -> AGENCE DEVELOP. TOURISTIQUE GDE | C119: 78184375000048 | D119: 2018/50_2018-02-16 | E119: 43182 | F119: fonctionnement | G119: 180 000,00 | H119: =substitute( SUBSTITUTE(G119," ",""),",",".") -> 180000.00 | I119: aide en numéraire | J119: échelonné | K119: 2018-03-23_2018-09-23 | L119: sans objet | M119: non | N119: 1
...

Sheet 2018 clean final
A1: idBeneficiaire_clean | B1: montant_clean | C1: nomBénéficiaire | D1: referenceDecision | E1: dateConvention | F1: objet | G1: nature | H1: conditionsVerse ment | I1: datesPériodeVersement | J1: idRAE | K1: notification UE | L1: pourcenta geSubvent ion
A2: A.DE.LE | B2: 25000 | C2: 43383539400027 | D2: 2018/376_2018-07-06 | E2: 43370 | F2: OIN Euratlantique | G2: aide en numéraire | H2: échelonné | I2: 2018-09-27_2019-03-27 | J2: sans objet | K2: non | L2: 1
A3: ACTIMAGE | B3: 2100 | C3: 750447567 | D3: 2018/283-2018-04-27 | E3: 43279 | F3: été métropolitain | G3: aide en numéraire | H3: échelonné | I3: 2018-06-28_2018-12-28 | J3: sans objet | K3: non | L3: 1
A4: ADAV 33 | B4: 87400 | C4: 30091783800025 | D4: 2018/579_2018-09-28 | E4: 43385 | F4: fonctionnement | G4: aide en numéraire | H4: échelonné | I4: 2018-10-12_2019-04-12 | J4: sans objet | K4: non | L4: 1
A5: ADEM | B5: 58000 | C5: 39811228400011 | D5: 2018/468_2018-07-06 | E5: 43319 | F5: Décastar | G5: aide en numéraire | H5: échelonné | I5: 2018-08-07_2019-02-07 | J5: sans objet | K5: non | L5: 1
A6: ADI NOUVELLE AQUITAINE | B6: 24000 | C6: 82033673300010 | D6: 2018/375-2018-07-06 | E6: 43339 | F6: programme d'actions | G6: aide en numéraire | H6: 1 versement | I6: 2018-08-27_2019-02-27 | J6: sans objet | K6: non | L6: 1
A7: ADIE | B7: 45000 | C7: 352216873 | D7: 2018/208-2018-04-27 | E7: 43269 | F7: fonctionnement et soutien ESS | G7: aide en numéraire | H7: échelonné | I7: 2018-06-18_2018-12-18 | J7: sans objet | K7: non | L7: 1
A8: ADIE | B8: 5000 | C8: 35221687300211 | D8: 2018/460-2018-07-06 | E8: 43312 | F8: contrat de ville | G8: aide en numéraire | H8: 1 versement | I8: 2018-07-31_2019-01-31 | J8: sans objet | K8: non | L8: 1
A9: ADIEU PANURGE | B9: 7190 | C9: 828195339 | D9: 2018/283-2018-04-27 | E9: 43264 | F9: été métropolitain | G9: aide en numéraire | H9: échelonné | I9: 2018-06-13_2018-12-13 | J9: sans objet | K9: non | L9: 1
A10: ADIL (asso. départ. pour information sur logement) | B10: 97740 | C10: 305378234 | D10: 2017/739_2017-11-24 | E10: 43069 | F10: fonctionnement | G10: aide en numéraire | H10: échelonné | I10: 2017-11-30_2018-05-30 | J10: sans objet | K10: non | L10: 1
A11: ADMAA (ASSO DEFENSE MUSIQUES ALTERNATIVES) | B11: 40000 | C11: 489563072 | D11: 2017/348_2017-05-19 | E11: 43133 | F11: été métropolitain 2017 | G11: aide en numéraire | H11: échelonné | I11: 2018-02-02_2018-08-08 | J11: sans objet | K11: non | L11: 1
A12: ADMAA (ASSO DEFENSE MUSIQUES ALTERNATIVES) | B12: 20000 | C12: 489563072 | D12: 2018/283_2018-04-27 | E12: 43255 | F12: été métropolitain | G12: aide en numéraire | H12: échelonné | I12: 2018-06-04_2018-12-04 | J12: sans objet | K12: non | L12: 1
A13: ADMAA (ASSO DEFENSE MUSIQUES ALTERNATIVES) | B13: 15000 | C13: 48956307200020 | D13: 2018/353-2018-06-15 | E13: 43287 | F13: codev Festival Relâche | G13: aide en numéraire | H13: échelonné | I13: 2018-07-06_2019-01-06 | J13: sans objet | K13: non | L13: 1
... A91: INVEST IN BORDEAUX | B91: 332775 | C91: 409199817 | D91: 2018/283-2018-04-27 | E91: 43271 | F91: fonctionnement | G91: aide en numéraire | H91: échelonné | I91: 2018-06-20_2018-12-20 | J91: sans objet | K91: non | L91: 1
A92: IUFM | B92: 10000 | C92: 75198395800024 | D92: 2018/178_2018-03-23 | E92: 43276 | F92: transition énergétique | G92: aide en numéraire | H92: échelonné | I92: 2018-06-25_2018-12-25 | J92: sans objet | K92: non | L92: 1-
A93: JIB (JUMPING INTERNATIONAL DE BORDEAUX) | B93: 34000 | C93: 420252348 | D93: 2018/003_2018-01-26 | E93: 43160 | F93: 22e salon du cheval | G93: aide en numéraire | H93: échelonné | I93: 2018-03-01_2018-09-01 | J93: sans objet | K93: non | L93: 1
A94: L'EPHEMERE | B94: 5000 | C94: 82138441900015 | D94: 2018/40_2018-01-26 | E94: 43298 | F94: programme d'actions | G94: aide en numéraire | H94: échelonné | I94: 2018-07-17_2019-01-17 | J94: sans objet | K94: non | L94: 1
A95: L'IRREGULIERE | B95: 8000 | C95: 833920077 | D95: 2018/283_2018-04-27 | E95: 43257 | F95: été métropolitain | G95: aide en numéraire | H95: échelonné | I95: 2018-06-06_2018-12-06 | J95: sans objet | K95: non | L95: 1
A96: LA MECANIQUE GENERALE | B96: 9900 | C96: 824698500 | D96: 2018/283_2018-04-27 | E96: 43266 | F96: fonctionnement | G96: aide en numéraire | H96: échelonné | I96: 2018-06-15_2018-12-15 | J96: sans objet | K96: non | L96: 1
A97: LA RONDE DES QUARTIERS DE BX | B97: 13000 | C97: 52539664400011 | D97: 2018/491_2018-09-28 | E97: 43418 | F97: Le bon goût | G97: aide en numéraire | H97: échelonné | I97: 2018-11-14_2019-05-14 | J97: sans objet | K97: non | L97: 1
A98: LA RONDE DES QUARTIERS DE BX | B98: 15000 | C98: 52539664400011 | D98: 2018/491_2018-09-28 | E98: 43418 | F98: création nouvelles associations de commerçants | G98: aide en numéraire | H98: 1 versement | I98: 2018-11-14_2019-05-14 | J98: sans objet | K98: non | L98: 1
A99: LA RONDE DES QUARTIERS DE BX | B99: 46318 | C99: 52539664400011 | D99: 2018/491_2018-09-28 | E99: 43418 | F99: programme d'actions | G99: aide en numéraire | H99: échelonné | I99: 2018-11-14_2019-05-14 | J99: sans objet | K99: non | L99: 1
A100: LE POEME EN VOLUME | B100: 5000 | C100: 810971283 | D100: 2018/283_2018-04-27 | E100: 43269 | F100: été métropolitain | G100: aide en numéraire | H100: échelonné | I100: 2018-06-18_2018-12-18 | J100: sans objet | K100: non | L100: 1
A101: LES ARTS AU MUR | B101: 15000 | C101: 43434085700037 | D101: 2018/284_2018-04-27 | E101: 43300 | F101: fonctionnement | G101: aide en numéraire | H101: échelonné | I101: 2018-07-19_2018-01-19 | J101: sans objet | K101: non | L101: 1
A102: LES CAPRICES DE MARIANNE | B102: 14000 | C102: 809584576 | D102: 2018/283_2018-04-27 | E102: 43252 | F102: été métropolitain | G102: aide en numéraire | H102: échelonné | I102: 2018-06-01_2018-12-01 | J102: sans objet | K102: non | L102: 1
A103: LES PETITS DEBROUILLARDS | B103: 7000 | C103: 41087071100083 | D103: 2018/460-2018-07-06 | E103: 43312 | F103: contrat de ville | G103: aide en numéraire | H103: échelonné | I103: 2018-07-31_2019-01-31 | J103: sans objet | K103: non | L103: 1
A104: LES RESTAURANTS DU CŒUR | B104: 25000 | C104: 37954994200025 | D104: 2018/303-2018-06-15 | E104: 43299 | F104: fonctionnement | G104: aide en numéraire | H104: échelonné | I104: 2018-07-18_2018-01-18 | J104: sans objet | K104: non | L104: 1
... A144: VELO CITE | B144: 55000 | C144: 43288382500031 | D144: 2018/347-2018-06-15 | E144: 43304 | F144: MAMMA maison métropolitaine mobilité alternative | G144: aide en numéraire | H144: échelonné | I144: 2018-07-23_2019-01-23 | J144: sans objet | K144: non | L144: 1

Sheet 2019 clean final
A1: nomBénéficiaire | B1: montant | C1: datepublication | D1: nomAttribuant | E1: idAttribuant | F1: dateConvention | G1: referenceDecision | H1: idBeneficiaire | I1: objet | J1: nature | K1: conditionsVersement | L1: datesPériodeVersement | M1: idRAE | N1: notificationUE | O1: pourcentageSubvention
A2: ADELE | B2: 12500 | C2: 43724 | D2: BORDEAUX METROPOLE | E2: 24330031600011 | F2: 43651 | G2: 2019/206 | H2: 43383594000027 | I2: PLIE DES GRAVES | J2: aide en numéraire | K2: échelonné | L2: 2019-07-05/2020-01-05 | M2: sans objet | N2: non | O2: 1
A3: ADEM | B3: 58000 | C3: 43636 | D3: BORDEAUX METROPOLE | E3: 24330031600011 | F3: 43556 | G3: 2019/172 | H3: 39811228400011 | I3: DECASTAR | J3: aide en numéraire | K3: échelonné | L3: 2019-04-01/2019-10-01 | M3: sans objet | N3: non | O3: 1
A4: ADIE | B4: 15000 | C4: 43636 | D4: BORDEAUX METROPOLE | E4: 24330031600011 | F4: 43627 | G4: 2019/205 | H4: 35221687300211 | I4: ESS programme d'actions | J4: aide en numéraire | K4: unique | L4: 2019-06-11/2019-12-11 | M4: sans objet | N4: non | O4: 1
A5: ADIE | B5: 5000 | C5: 43724 | D5: BORDEAUX METROPOLE | E5: 24330031600011 | F5: 43677 | G5: 2019/386 | H5: 35221687300015 | I5: Fonctionnement | J5: aide en numéraire | K5: unique | L5: 2019-07-31/2020-01-31 | M5: sans objet | N5: non | O5: 1
A6: ADIL 33 | B6: 97740 | C6: 43502 | D6: BORDEAUX METROPOLE | E6: 24330031600011 | F6: 43413 | G6: 2018/573 | H6: 30537823400036 | I6: Fonctionnement | J6: aide en numéraire | K6: échelonné | L6: 2018-11-09/2019-05-09 | M6: sans objet | N6: non | O6: 1
A7: ADMAA | B7: 20000 | C7: 43636 | D7: BORDEAUX METROPOLE | E7: 24330031600011 | F7: 43612 | G7: 2019/263 | H7: 48956307200029 | I7: Eté métropolitain | J7: aide en numéraire | K7: échelonné | L7: 2019-05-27/2019-11-27 | M7: sans objet | N7: non | O7: 1
A8: ADMAA | B8: 15000 | C8: 43724 | D8: BORDEAUX METROPOLE | E8: 24330031600011 | F8: 43703 | G8: 2019/390 | H8: 48956307200029 | I8: Festival Relache | J8: aide en numéraire | K8: échelonné | L8: 2019-08-26/2020-02-26 | M8: sans objet | N8: non | O8: 1
A9: ADSI TECHNOWEST | B9: 14500 | C9: 43636 | D9: BORDEAUX METROPOLE | E9: 24330031600011 | F9: 43619 | G9: 2019/206 | H9: 43403882400042 | I9: PLIE | J9: aide en numéraire | K9: échelonné | L9: 2019-06-03/2019-12-03 | M9: sans objet | N9: non | O9: 1
A10: ADSI TECHNOWEST | B10: 25000 | C10: 43724 | D10: BORDEAUX METROPOLE | E10: 24330031600011 | F10: 43658 | G10: 2019/401 | H10: 43403882400042 | I10: OIM action emploi | J10: aide en numéraire | K10: échelonné | L10: 2019-07-12/2020-01-12 | M10: sans objet | N10: non | O10: 1
A11: AEROSPACE VALLEY | B11: 90000 | C11: 43784 | D11: BORDEAUX METROPOLE | E11: 24330031600011 | F11: 43769 | G11: 2019/489 | H11: 48428452600072 | I11: Fonctionnement | J11: aide en numéraire | K11: échelonné | L11: 2019-10-31/2020-04-31 | M11: sans objet | N11: non | O11: 1
A12: AFEPT | B12: 58000 | C12: 43557 | D12: BORDEAUX METROPOLE | E12: 24330031600011 | F12: 43532 | G12: 2019/63 | H12: 30016423300029 | I12: Fonctionnement | J12: aide en numéraire | K12: échelonné | L12: 2019-03-08/2019-09-08 | M12: sans objet | N12: non | O12: 1
A13: AGEC ET CO | B13: 14250 | C13: 43636 | D13: BORDEAUX METROPOLE | E13: 24330031600011 | F13: 43614 | G13: 2019/265 | H13: 49848483100033 | I13: projet artistique | J13: aide en numéraire | K13: échelonné | L13: 2019-05-29/2019-11-29 | M13: sans objet | N13: non | O13: 1
... A81: INVEST IN BORDEAUX | B81: 487775 | C81: 43636 | D81: BORDEAUX METROPOLE | E81: 24330031600011 | F81: 43621 | G81: 2019/187 | H81: 40919981700050 | I81: Fonctionnement | J81: aide en numéraire | K81: échelonné | L81: 2019-06-05/2019-12-05 | M81: sans objet | N81: non | O81: 1
A82: JUMPING INTERNATIONAL | B82: 34000 | C82: 43557 | D82: BORDEAUX METROPOLE | E82: 24330031600011 | F82: 43523 | G82: 43647 | H82: 42052348000016 | I82: Jumping | J82: aide en numéraire | K82: échelonné | L82: 2019-02-27/2019-08-27 | M82: sans objet | N82: non | O82: 1
A83: L'ART DANS TOUS SES ETATS | B83: 6600 | C83: 43636 | D83: BORDEAUX METROPOLE | E83: 24330031600011 | F83: 43628 | G83: 2019/263 | H83: 82155741000015 | I83: Eté métropolitain | J83: aide en numéraire | K83: échelonné | L83: 2019-06-12/2019-12-12 | M83: sans objet | N83: non | O83: 1
A84: L'ATELIER REMUMENAGE | B84: 4000 | C84: 43724 | D84: BORDEAUX METROPOLE | E84: 24330031600011 | F84: 43677 | G84: 2019/386 | H84: 33483378700011 | I84: Fonctionnement | J84: aide en numéraire | K84: unique | L84: 2019-07-31/2020-01-31 | M84: sans objet | N84: non | O84: 1
A85: L'ORANGEADE | B85: 15000 | C85: 43636 | D85: BORDEAUX METROPOLE | E85: 24330031600011 | F85: 43606 | G85: 2019/263 | H85: 80016249700039 | I85: Eté métropolitain | J85: aide en numéraire | K85: échelonné | L85: 2019-05-21/2019-11-21 | M85: sans objet | N85: non | O85: 1
A86: LA MECANIQUE GENERALE | B86: 12500 | C86: 43636 | D86: BORDEAUX METROPOLE | E86: 24330031600011 | F86: 43619 | G86: 2019/263 | H86: 82469850000017 | I86: Eté métropolitain | J86: aide en numéraire | K86: échelonné | L86: 2019-06-03/2019-12-03 | M86: sans objet | N86: non | O86: 1
A87: LA PLANCHE | B87: 27500 | C87: 43636 | D87: BORDEAUX METROPOLE | E87: 24330031600011 | F87: 43557 | G87: 2019/68 | H87: 84474944000013 | I87: Investissement tiers lieu | J87: aide en numéraire | K87: échelonné | L87: 2019-04-02/2019-10-02 | M87: sans objet | N87: non | O87: 1
A88: LA RONDE DES QUARTIERS DE BORDEAUX | B88: 14500 | C88: 43502 | D88: BORDEAUX METROPOLE | E88: 24330031600011 | F88: 43452 | G88: 2018/588 | H88: 52539664400011 | I88: Action CO2LIM | J88: aide en numéraire | K88: unique | L88: 2018-12-18/2019-06-18 | M88: sans objet | N88: non | O88: 1
A89: LA RONDE DES QUARTIERS DE BORDEAUX | B89: 25000 | C89: 43784 | D89: BORDEAUX METROPOLE | E89: 24330031600011 | F89: 43763 | G89: 2019/532 | H89: 52539664400011 | I89: Le bon goût | J89: aide en numéraire | K89: échelonné | L89: 2019-10-25/2020-04-25 | M89: sans objet | N89: non | O89: 1
A90: LE BLEU DU CIEL | B90: 9000 | C90: 43636 | D90: BORDEAUX METROPOLE | E90: 24330031600011 | F90: 43613 | G90: 2019/263 | H90: 48466802500030 | I90: Eté métropolitain | J90: aide en numéraire | K90: échelonné | L90: 2019-05-28/2019-11-28 | M90: sans objet | N90: non | O90: 1
A91: LE LAB | B91: 7000 | C91: 43557 | D91: BORDEAUX METROPOLE | E91: 24330031600011 | F91: 43532 | G91: 2019/69 | H91: 84217399900017 | I91: investissement travaux Lormont | J91: aide en numéraire | K91: échelonné | L91: 2019-03-08/2019-09-08 | M91: sans objet | N91: non | O91: 1
A92: LE LIVRE VERT | B92: 15000 | C92: 43502 | D92: BORDEAUX METROPOLE | E92: 24330031600011 | F92: 43452 | G92: 2018/601 | H92: 79493089100013 | I92: investissement | J92: aide en numéraire | K92: échelonné | L92: 2018-12-18/2019-06-18 | M92: sans objet | N92: non | O92: 1
A93: LE RITUEL | B93: 4500 | C93: 43724 | D93: BORDEAUX METROPOLE | E93: 24330031600011 | F93: 43635 | G93: 2019/169 | H93: 82978181400019 | I93: Fonctionnement | J93: aide en numéraire | K93: échelonné | L93: 2019-06-19/2019-12-19 | M93: sans objet | N93: non | O93: 1
A94: LEON A VELO | B94: 55000 | C94: 43636 | D94: BORDEAUX METROPOLE | E94: 24330031600011 | F94: 43585 | G94: 2019/165 | H94: 82959066000017 | I94: Fonctionnement | J94: aide en numéraire | K94: échelonné | L94: 2019-04-30/2019-10-30 | M94: sans objet | N94: non | O94: 1
... A131: YES WE CAMP | B131: 10000 | C131: 43636 | D131: BORDEAUX METROPOLE | E131: 24330031600011 | F131: 43606 | G131: 2019/263 | H131: 78942066800012 | I131: Eté métropolitain | J131: aide en numéraire | K131: échelonné | L131: 2019-05-21/2019-11-21 | M131: sans objet | N131: non | O131: 1

Sheet Pivot Table 2

Sheet Pivot Table 3

Sheet etape4
C1: assos_unique | D1: montant2018 | E1: montant2019
A2: ADELE | C2: {=UNIQUE(A2:A1001)} -> ADELE | D2: {=iferror(INDEX('Pivot Table 2'!A3:B116,MATCH(C2,'Pivot Table 2'!A3:A116,0),2),0)} -> 0 | E2: {=INDEX('Pivot Table 3'!A2:B109,MATCH(C2,'Pivot Table 3'!A2:A109,0),2)} -> 12500 | F2: =if(D2>0, IF(E2>1.2*D2,"OUI",""),"")
A3: ADEM | C3: ADEM | D3: {=iferror(INDEX('Pivot Table 2'!A4:B117,MATCH(C3,'Pivot Table 2'!A4:A117,0),2),0)} -> 58000 | E3: {=INDEX('Pivot Table 3'!A3:B110,MATCH(C3,'Pivot Table 3'!A3:A110,0),2)} -> 58000 | F3: =if(D3>0, IF(E3>1.2*D3,"OUI",""),"")
A4: ADIE | C4: ADIE | D4: {=iferror(INDEX('Pivot Table 2'!A5:B118,MATCH(C4,'Pivot Table 2'!A5:A118,0),2),0)} -> 50000 | E4: {=INDEX('Pivot Table 3'!A4:B111,MATCH(C4,'Pivot Table 3'!A4:A111,0),2)} -> 20000 | F4: =if(D4>0, IF(E4>1.2*D4,"OUI",""),"")
A5: ADIL 33 | C5: ADIL 33 | D5: {=iferror(INDEX('Pivot Table 2'!A6:B119,MATCH(C5,'Pivot Table 2'!A6:A119,0),2),0)} -> 0 | E5: {=INDEX('Pivot Table 3'!A5:B112,MATCH(C5,'Pivot Table 3'!A5:A112,0),2)} -> 97740 | F5: =if(D5>0, IF(E5>1.2*D5,"OUI",""),"")
A6: ADMAA | C6: ADMAA | D6: {=iferror(INDEX('Pivot Table 2'!A7:B120,MATCH(C6,'Pivot Table 2'!A7:A120,0),2),0)} -> 0 | E6: {=INDEX('Pivot Table 3'!A6:B113,MATCH(C6,'Pivot Table 3'!A6:A113,0),2)} -> 35000 | F6: =if(D6>0, IF(E6>1.2*D6,"OUI",""),"")
A7: ADSI TECHNOWEST | C7: ADSI TECHNOWEST | D7: {=iferror(INDEX('Pivot Table 2'!A8:B121,MATCH(C7,'Pivot Table 2'!A8:A121,0),2),0)} -> 39000 | E7: {=INDEX('Pivot Table 3'!A7:B114,MATCH(C7,'Pivot Table 3'!A7:A114,0),2)} -> 39500 | F7: =if(D7>0, IF(E7>1.2*D7,"OUI",""),"")
A8: AEROSPACE VALLEY | C8: AEROSPACE VALLEY | D8: {=iferror(INDEX('Pivot Table 2'!A9:B122,MATCH(C8,'Pivot Table 2'!A9:A122,0),2),0)} -> 90000 | E8: {=INDEX('Pivot Table 3'!A8:B115,MATCH(C8,'Pivot Table 3'!A8:A115,0),2)} -> 90000 | F8: =if(D8>0, IF(E8>1.2*D8,"OUI",""),"")
A9: AFEPT | C9: AFEPT | D9: {=iferror(INDEX('Pivot Table 2'!A10:B123,MATCH(C9,'Pivot Table 2'!A10:A123,0),2),0)} -> 60000 | E9: {=INDEX('Pivot Table 3'!A9:B116,MATCH(C9,'Pivot Table 3'!A9:A116,0),2)} -> 58000 | F9: =if(D9>0, IF(E9>1.2*D9,"OUI",""),"")
A10: AGEC ET CO | C10: AGEC ET CO | D10: {=iferror(INDEX('Pivot Table 2'!A11:B124,MATCH(C10,'Pivot Table 2'!A11:A124,0),2),0)} -> 0 | E10: {=INDEX('Pivot Table 3'!A10:B117,MATCH(C10,'Pivot Table 3'!A10:A117,0),2)} -> 14250 | F10: =if(D10>0, IF(E10>1.2*D10,"OUI",""),"")
A11: AGENCE DEVELOPPEMENT TOURISTIQUE | C11: AGENCE DEVELOPPEMENT TOURISTIQUE | D11: {=iferror(INDEX('Pivot Table 2'!A12:B125,MATCH(C11,'Pivot Table 2'!A12:A125,0),2),0)} -> 0 | E11: {=INDEX('Pivot Table 3'!A11:B118,MATCH(C11,'Pivot Table 3'!A11:A118,0),2)} -> 180000 | F11: =if(D11>0, IF(E11>1.2*D11,"OUI",""),"")
A12: AGENCE QUALITE CONSTRUCTION AQC | C12: AGENCE QUALITE CONSTRUCTION AQC | D12: {=iferror(INDEX('Pivot Table 2'!A13:B126,MATCH(C12,'Pivot Table 2'!A13:A126,0),2),0)} -> 0 | E12: {=INDEX('Pivot Table 3'!A12:B119,MATCH(C12,'Pivot Table 3'!A12:A119,0),2)} -> 49000 | F12: =if(D12>0, IF(E12>1.2*D12,"OUI",""),"")
A13: ALEC | C13: ALEC | D13: {=iferror(INDEX('Pivot Table 2'!A14:B127,MATCH(C13,'Pivot Table 2'!A14:A127,0),2),0)} -> 0 | E13: {=INDEX('Pivot Table 3'!A13:B120,MATCH(C13,'Pivot Table 3'!A13:A120,0),2)} -> 219800 | F13: =if(D13>0, IF(E13>1.2*D13,"OUI",""),"")
A14: ALPHA | C14: ALPHA | D14: {=iferror(INDEX('Pivot Table 2'!A15:B128,MATCH(C14,'Pivot Table 2'!A15:A128,0),2),0)} -> 57000 | E14: {=INDEX('Pivot Table 3'!A14:B121,MATCH(C14,'Pivot Table 3'!A14:A121,0),2)} -> 57000 | F14: =if(D14>0, IF(E14>1.2*D14,"OUI",""),"")
... A109: YES WE CAMP | C109: YES WE CAMP | D109: {=iferror(INDEX('Pivot Table 2'!A110:B223,MATCH(C109,'Pivot Table 2'!A110:A223,0),2),0)} -> 0 | E109: {=INDEX('Pivot Table 3'!A109:B216,MATCH(C109,'Pivot Table 3'!A109:A216,0),2)} -> 10000 | F109: =if(D109>0, IF(E109>1.2*D109,"OUI",""),"")

Sheet comparaison 2018-2019
A1: unique 2018 et. 2019 | B1: unique 2018-2019 final | C1: subv2018 | D1: subv2019
A2: {=UNIQUE('2018 clean final'!A2:A1001)} -> A.DE.LE | B2: {=UNIQUE(A2:A224)} -> A.DE.LE | C2: {=iferror(INDEX('2018 clean final'!A2:B144,match(B2,'2018 clean final'!A2:A144,0),2),0)} -> 25000 | D2: {=iferror(INDEX('2019 clean final'!A:B,MATCH(B2,'2019 clean final'!A:A,0),2),0)} -> 0
A3: ACTIMAGE | B3: ACTIMAGE | C3: {=iferror(INDEX('2018 clean final'!A3:B145,match(B3,'2018 clean final'!A3:A145,0),2),0)} -> 2100 | D3: {=iferror(INDEX('2019 clean final'!A:B,MATCH(B3,'2019 clean final'!A:A,0),2),0)} -> 0
A4: ADAV 33 | B4: ADAV 33 | C4: {=iferror(INDEX('2018 clean final'!A4:B146,match(B4,'2018 clean final'!A4:A146,0),2),0)} -> 87400 | D4: {=iferror(INDEX('2019 clean final'!A:B,MATCH(B4,'2019 clean final'!A:A,0),2),0)} -> 0
A5: ADEM | B5: ADEM | C5: {=iferror(INDEX('2018 clean final'!A5:B147,match(B5,'2018 clean final'!A5:A147,0),2),0)} -> 58000 | D5: {=iferror(INDEX('2019 clean final'!A:B,MATCH(B5,'2019 clean final'!A:A,0),2),0)} -> 58000
A6: ADI NOUVELLE AQUITAINE | B6: ADI NOUVELLE AQUITAINE | C6: {=iferror(INDEX('2018 clean final'!A6:B148,match(B6,'2018 clean final'!A6:A148,0),2),0)} -> 24000 | D6: {=iferror(INDEX('2019 clean final'!A:B,MATCH(B6,'2019 clean final'!A:A,0),2),0)} -> 0 | F6: =MATCH(B6,A2:A11) -> 5
A7: ADIE | B7: ADIE | C7: {=iferror(INDEX('2018 clean final'!A7:B149,match(B7,'2018 clean final'!A7:A149,0),2),0)} -> 45000 | D7: {=iferror(INDEX('2019 clean final'!A:B,MATCH(B7,'2019 clean final'!A:A,0),2),0)} -> 15000
A8: ADIEU PANURGE | B8: ADIEU PANURGE | C8: {=iferror(INDEX('2018 clean final'!A8:B150,match(B8,'2018 clean final'!A8:A150,0),2),0)} -> 7190 | D8: {=iferror(INDEX('2019 clean final'!A:B,MATCH(B8,'2019 clean final'!A:A,0),2),0)} -> 0
A9: ADIL (asso. départ. pour information sur logement) | B9: ADIL (asso. départ. pour information sur logement) | C9: {=iferror(INDEX('2018 clean final'!A9:B151,match(B9,'2018 clean final'!A9:A151,0),2),0)} -> 97740 | D9: {=iferror(INDEX('2019 clean final'!A:B,MATCH(B9,'2019 clean final'!A:A,0),2),0)} -> 0
A10: ADMAA (ASSO DEFENSE MUSIQUES ALTERNATIVES) | B10: ADMAA (ASSO DEFENSE MUSIQUES ALTERNATIVES) | C10: {=iferror(INDEX('2018 clean final'!A10:B152,match(B10,'2018 clean final'!A10:A152,0),2),0)} -> 40000 | D10: {=iferror(INDEX('2019 clean final'!A:B,MATCH(B10,'2019 clean final'!A:A,0),2),0)} -> 0
A11: ADSI TECHNOWEST | B11: ADSI TECHNOWEST | C11: {=iferror(INDEX('2018 clean final'!A11:B153,match(B11,'2018 clean final'!A11:A153,0),2),0)} -> 25000 | D11: {=iferror(INDEX('2019 clean final'!A:B,MATCH(B11,'2019 clean final'!A:A,0),2),0)} -> 14500
A12: AEROSPACE VALLEY | B12: AEROSPACE VALLEY | C12: {=iferror(INDEX('2018 clean final'!A12:B154,match(B12,'2018 clean final'!A12:A154,0),2),0)} -> 90000 | D12: {=iferror(INDEX('2019 clean final'!A:B,MATCH(B12,'2019 clean final'!A:A,0),2),0)} -> 90000
A13: AFEPT | B13: AFEPT | C13: {=iferror(INDEX('2018 clean final'!A13:B155,match(B13,'2018 clean final'!A13:A155,0),2),0)} -> 60000 | D13: {=iferror(INDEX('2019 clean final'!A:B,MATCH(B13,'2019 clean final'!A:A,0),2),0)} -> 58000
A14: AGEC & CO | B14: AGEC & CO | C14: {=iferror(INDEX('2018 clean final'!A14:B156,match(B14,'2018 clean final'!A14:A156,0),2),0)} -> 14250 | D14: {=iferror(INDEX('2019 clean final'!A:B,MATCH(B14,'2019 clean final'!A:A,0),2),0)} -> 0
A15: AGENCE DEVELOP. TOURISTIQUE GDE | B15: AGENCE DEVELOP. TOURISTIQUE GDE | C15: {=iferror(INDEX('2018 clean final'!A15:B157,match(B15,'2018 clean final'!A15:A157,0),2),0)} -> 180000 | D15: {=iferror(INDEX('2019 clean final'!A:B,MATCH(B15,'2019 clean final'!A:A,0),2),0)} -> 0
A16: ALEC agence locale de l'énergie | B16: ALEC agence locale de l'énergie | C16: {=iferror(INDEX('2018 clean final'!A16:B158,match(B16,'2018 clean final'!A16:A158,0),2),0)} -> 137000 | D16: {=iferror(INDEX('2019 clean final'!A:B,MATCH(B16,'2019 clean final'!A:A,0),2),0)} -> 0
A17: ALPHA | B17: ALPHA | C17: {=iferror(INDEX('2018 clean final'!A17:B159,match(B17,'2018 clean final'!A17:A159,0),2),0)} -> 57000 | D17: {=iferror(INDEX('2019 clean final'!A:B,MATCH(B17,'2019 clean final'!A:A,0),2),0)} -> 57000
A18: AMANIEU DE BOULIAC | B18: AMANIEU DE BOULIAC | C18: {=iferror(INDEX('2018 clean final'!A18:B160,match(B18,'2018 clean final'!A18:A160,0),2),0)} -> 6500 | D18: {=iferror(INDEX('2019 clean final'!A:B,MATCH(B18,'2019 clean final'!A:A,0),2),0)} -> 6500
... A115: VELO CITE | B115: VELO CITE | C115: {=iferror(INDEX('2018 clean final'!A115:B257,match(B115,'2018 clean final'!A115:A257,0),2),0)} -> 5000 | D115: {=iferror(INDEX('2019 clean final'!A:B,MATCH(B115,'2019 clean final'!A:A,0),2),0)} -> 5000
C116: {=iferror(INDEX('2018 clean final'!A116:B258,match(B116,'2018 clean final'!A116:A258,0),2),0)} -> 0 | D116: {=iferror(INDEX('2019 clean final'!A:B,MATCH(B116,'2019 clean final'!A:A,0),2),0)} -> 0
A117: {=UNIQUE('2019 clean final'!A2:A1001)} -> ADELE | B117: ADELE | C117: {=iferror(INDEX('2018 clean final'!A117:B259,match(B117,'2018 clean final'!A117:A259,0),2),0)} -> 0 | D117: {=iferror(INDEX('2019 clean final'!A:B,MATCH(B117,'2019 clean final'!A:A,0),2),0)} -> 12500
A118: ADEM | B118: ADIL 33 | C118: {=iferror(INDEX('2018 clean final'!A118:B260,match(B118,'2018 clean final'!A118:A260,0),2),0)} -> 0 | D118: {=iferror(INDEX('2019 clean final'!A:B,MATCH(B118,'2019 clean final'!A:A,0),2),0)} -> 97740
A119: ADIE | B119: ADMAA | C119: {=iferror(INDEX('2018 clean final'!A119:B261,match(B119,'2018 clean final'!A119:A261,0),2),0)} -> 0 | D119: {=iferror(INDEX('2019 clean final'!A:B,MATCH(B119,'2019 clean final'!A:A,0),2),0)} -> 20000
A120: ADIL 33 | B120: AGEC ET CO | C120: {=iferror(INDEX('2018 clean final'!A120:B262,match(B120,'2018 clean final'!A120:A262,0),2),0)} -> 0 | D120: {=iferror(INDEX('2019 clean final'!A:B,MATCH(B120,'2019 clean final'!A:A,0),2),0)} -> 14250
A121: ADMAA | B121: AGENCE DEVELOPPEMENT TOURISTIQUE | C121: {=iferror(INDEX('2018 clean final'!A121:B263,match(B121,'2018 clean final'!A121:A263,0),2),0)} -> 0 | D121: {=iferror(INDEX('2019 clean final'!A:B,MATCH(B121,'2019 clean final'!A:A,0),2),0)} -> 180000
A122: ADSI TECHNOWEST | B122: AGENCE QUALITE CONSTRUCTION AQC | C122: {=iferror(INDEX('2018 clean final'!A122:B264,match(B122,'2018 clean final'!A122:A264,0),2),0)} -> 0 | D122: {=iferror(INDEX('2019 clean final'!A:B,MATCH(B122,'2019 clean final'!A:A,0),2),0)} -> 49000
A123: AEROSPACE VALLEY | B123: ALEC | C123: {=iferror(INDEX('2018 clean final'!A123:B265,match(B123,'2018 clean final'!A123:A265,0),2),0)} -> 0 | D123: {=iferror(INDEX('2019 clean final'!A:B,MATCH(B123,'2019 clean final'!A:A,0),2),0)} -> 82800
A124: AFEPT | B124: AQUINETIC | C124: {=iferror(INDEX('2018 clean final'!A124:B266,match(B124,'2018 clean final'!A124:A266,0),2),0)} -> 0 | D124: {=iferror(INDEX('2019 clean final'!A:B,MATCH(B124,'2019 clean final'!A:A,0),2),0)} -> 20000
A125: AGEC ET CO | B125: AQUITEC | C125: {=iferror(INDEX('2018 clean final'!A125:B267,match(B125,'2018 clean final'!A125:A267,0),2),0)} -> 0 | D125: {=iferror(INDEX('2019 clean final'!A:B,MATCH(B125,'2019 clean final'!A:A,0),2),0)} -> 26000
A126: AGENCE DEVELOPPEMENT TOURISTIQUE | B126: ARC SUD DEVELOPPEMENT | C126: {=iferror(INDEX('2018 clean final'!A126:B268,match(B126,'2018 clean final'!A126:A268,0),2),0)} -> 0 | D126: {=iferror(INDEX('2019 clean final'!A:B,MATCH(B126,'2019 clean final'!A:A,0),2),0)} -> 47500
A127: AGENCE QUALITE CONSTRUCTION AQC | B127: ASSO EIPF | C127: {=iferror(INDEX('2018 clean final'!A127:B269,match(B127,'2018 clean final'!A127:A269,0),2),0)} -> 0 | D127: {=iferror(INDEX('2019 clean final'!A:B,MATCH(B127,'2019 clean final'!A:A,0),2),0)} -> 30000
A128: ALEC | B128: ASSO FESTIVAL ODP | C128: {=iferror(INDEX('2018 clean final'!A128:B270,match(B128,'2018 clean final'!A128:A270,0),2),0)} -> 0 | D128: {=iferror(INDEX('2019 clean final'!A:B,MATCH(B128,'2019 clean final'!A:A,0),2),0)} -> 40000
A129: ALPHA | B129: ASSO LEONARD DE VINCI | C129: {=iferror(INDEX('2018 clean final'!A129:B271,match(B129,'2018 clean final'!A129:A271,0),2),0)} -> 0 | D129: {=iferror(INDEX('2019 clean final'!A:B,MATCH(B129,'2019 clean final'!A:A,0),2),0)} -> 25000
... A188: LA RONDE DES QUARTIERS DE BORDEAUX | B188: YES WE CAMP | C188: {=iferror(INDEX('2018 clean final'!A188:B330,match(B188,'2018 clean final'!A188:A330,0),2),0)} -> 0 | D188: {=iferror(INDEX('2019 clean final'!A:B,MATCH(B188,'2019 clean final'!A:A,0),2),0)} -> 10000
A189: LE BLEU DU CIEL
A190: LE LAB
A191: LE LIVRE VERT
A192: LE RITUEL
A193: LEON A VELO
A194: LES ARTS AU MUR
A195: LES ASSOCIES CREW
A196: LES DETRITIVORES
A197: LES RESTAURANTS DU CŒUR
A198: LETTRES DU MONDE
A199: MAISON EMPLOI BX MDE
A200: MAISON EMPLOI INSERT ECO ENTREP.
... A224: YES WE CAMP

Sheet comparaison final
A1: unique 2018-2019 final | B1: subv2018 | C1: subv2019
A2: A.DE.LE | B2: 25000 | C2: 12500
A3: ACTIMAGE | B3: 2100 | C3: 0
A4: ADAV 33 | B4: 87400 | C4: 0
A5: ADEM | B5: 58000 | C5: 58000
A6: ADI NOUVELLE AQUITAINE | B6: 24000 | C6: 0
A7: ADIE | B7: 45000 | C7: 15000
A8: ADIEU PANURGE | B8: 7190 | C8: 0
A9: ADIL (asso. départ. pour information sur logement) | B9: 97740 | C9: 0
A10: ADIL 33 | B10: 0 | C10: 97740
A11: ADMAA | B11: 0 | C11: 20000
A12: ADMAA (ASSO DEFENSE MUSIQUES ALTERNATIVES) | B12: 40000 | C12: 0
A13: ADSI TECHNOWEST | B13: 25000 | C13: 14500
... A186: YES WE CAMP | B186: 0 | C186: 10000
B187: 0 | C187: 0
