Workbook

Sheet Nuance
B2: Libellé | C2: Signification | D2: G
B3: LEXG | C3: Liste Extrême gauche | D3: G
B4: LFG | C4: Liste du Front de Gauche | D4: G
B5: LPG | C5: Liste du Parti de Gauche | D5: G
B6: LCOM | C6: Liste du Parti communiste français | D6: G
B7: LVEG | C7: Liste Europe Ecologie-Les Verts et gauche | D7: G
B8: LSOC | C8: Liste du Parti Socialiste | D8: G
B9: LUG | C9: Liste Union de la Gauche | D9: G
B10: LRDG | C10: Liste du Parti radical de gauche | D10: G
B11: LDVG | C11: Liste Divers gauche | D11: G
B12: LVEC | C12: Liste d’Europe-Ecologie-Les Verts | D12: G
B13: LECO | C13: Liste Ecologiste | D13: G
... B23: LEXD | C23: Liste Extrême droite | D23: D

Sheet hypothèses
A1: hypothèse exo 3 | B1: étape d'analyse
A2: dans les régions du Nord ce sont majoritairement les listes de droite qui ont remporté les élections | B2: catégoriser libellé régions par NORD SUD EST OUEST catégoriser nuance par GAUCHE CENTRE DROITE somme(voix) de couleur droite dans geographie NORD est supérieure à la somme(voix) de couleur gauche ou du centre
A3: la droite a gagné le plus de régions
A4: la droite est plus puissante dans le Sud-est
A5: la gauche l'a remporté dans les régions frontalières

Sheet candidats
A1: Date de l'export | B1: Code de la région | C1: Libellé de la région | D1: Code section électorale | E1: Libellé section électorale | F1: N° Panneau Liste | G1: Code Dépôt Liste | H1: Libellé abrégé liste | I1: Libellé Etendu Liste | J1: Nuance Liste | K1: Tête de Liste | L1: n° candidat | M1: Sexe candidat | N1: Nom candidat | O1: Prénom candidat | Q1: Date naissance candidat | R1: Profession candidat | S1: Personnalité candidat | T1: Le candidat est sortant
A2: 42318.715 | B2: 44 | C2: Alsace - Champagne-Ardenne - Lorraine | D2: 67 | E2: Bas-Rhin | F2: 1 | G2: 9 | H2: EUROPE ECOLOGIE LES VERTS | I2: ÉCOLOGISTES, SOLIDAIRES ET CITOYENS | J2: LVEG | K2: OUI | L2: 1 | M2: F | N2: BÉLIER | O2: Sandrine | P2: =IFERROR(__xludf.DUMMYFUNCTION("JOIN("" "",N2:O2)"),"BÉLIER Sandrine") -> BÉLIER Sandrine | Q2: 26909 | R2: Industriel-Chef entreprise | T2: Non
A3: 42318.715 | B3: 44 | C3: Alsace - Champagne-Ardenne - Lorraine | D3: 57 | E3: Moselle | F3: 2 | G3: 4 | H3: LFG | I3: Nos vies d'abord ! | J3: LFG | K3: OUI | L3: 1 | M3: M | N3: PERON | O3: Patrick | P3: =IFERROR(__xludf.DUMMYFUNCTION("JOIN("" "",N3:O3)"),"PERON Patrick") -> PERON Patrick | Q3: 19946 | R3: Retraité salarié privé | T3: Non
A4: 42318.715 | B4: 44 | C4: Alsace - Champagne-Ardenne - Lorraine | D4: 88 | E4: Vosges | F4: 3 | G4: 2 | H4: DEBOUT LA FRANCE | I4: DEBOUT LA FRANCE AVEC NICOLAS DUPONT-AIGNAN | J4: LDLF | K4: OUI | L4: 1 | M4: M | N4: JACOBELLI | O4: Laurent | P4: =IFERROR(__xludf.DUMMYFUNCTION("JOIN("" "",N4:O4)"),"JACOBELLI Laurent") -> JACOBELLI Laurent | Q4: 25489 | R4: Industriel-Chef entreprise | T4: Non
A5: 42318.715 | B5: 44 | C5: Alsace - Champagne-Ardenne - Lorraine | D5: 57 | E5: Moselle | F5: 4 | G5: 7 | H5: PARTI SOCIALISTE | I5: + FORTE, + PROCHE, NOTRE REGION AVEC JEAN-PIERRE MASSERET | J5: LUG | K5: OUI | L5: 2 | M5: M | N5: MASSERET | O5: Jean-Pierre | P5: =IFERROR(__xludf.DUMMYFUNCTION("JOIN("" "",N5:O5)"),"MASSERET Jean-Pierre") -> MASSERET Jean-Pierre | Q5: 16307 | R5: Retraité fonct.publique (sf enseig.) | S5: SEN,PCR | T5: Oui
A6: 42318.715 | B6: 44 | C6: Alsace - Champagne-Ardenne - Lorraine | D6: 57 | E6: Moselle | F6: 5 | G6: 6 | H6: FRONT NATIONAL | I6: LISTE FRONT NATIONAL PRESENTEE PAR MARINE LE PEN | J6: LFN | K6: OUI | L6: 1 | M6: M | N6: PHILIPPOT | O6: Florian | P6: =IFERROR(__xludf.DUMMYFUNCTION("JOIN("" "",N6:O6)"),"PHILIPPOT Florian") -> PHILIPPOT Florian | Q6: 29883 | R6: Grands corps de l'état | S6: RPE | T6: Non
A7: 42318.715 | B7: 44 | C7: Alsace - Champagne-Ardenne - Lorraine | D7: 88 | E7: Vosges | F7: 6 | G7: 5 | H7: UPR | I7: L'UPR, avec FRANÇOIS ASSELINEAU - LE PARTI QUI MONTE malgré le silence des médias | J7: LDIV | K7: OUI | L7: 1 | M7: M | N7: WENTZEL | O7: David | P7: =IFERROR(__xludf.DUMMYFUNCTION("JOIN("" "",N7:O7)"),"WENTZEL David") -> WENTZEL David | Q7: 31128 | R7: Agent subalterne (entr.publiques) | T7: Non
A8: 42318.715 | B8: 44 | C8: Alsace - Champagne-Ardenne - Lorraine | D8: 68 | E8: Haut-Rhin | F8: 7 | G8: 3 | H8: LUTTE OUVRIERE | I8: Lutte ouvrière - Faire entendre le camp des travailleurs | J8: LEXG | K8: OUI | L8: 2 | M8: M | N8: WOSTYN | O8: Julien | P8: =IFERROR(__xludf.DUMMYFUNCTION("JOIN("" "",N8:O8)"),"WOSTYN Julien") -> WOSTYN Julien | Q8: 28847 | R8: Ouvrier (secteur privé) | T8: Non
A9: 42318.715 | B9: 44 | C9: Alsace - Champagne-Ardenne - Lorraine | D9: 68 | E9: Haut-Rhin | F9: 8 | G9: 10 | H9: LISTE RÉGIONALISTE | I9: Non à l'ACAL, Oui à nos régions ! | J9: LREG | K9: OUI | L9: 2 | M9: M | N9: TROUILLET | O9: Jean-Georges | P9: =IFERROR(__xludf.DUMMYFUNCTION("JOIN("" "",N9:O9)"),"TROUILLET Jean-Georges") -> TROUILLET Jean-Georges | Q9: 28456 | R9: Ingénieur | T9: Non
A10: 42318.715 | B10: 44 | C10: Alsace - Champagne-Ardenne - Lorraine | D10: 67 | E10: Bas-Rhin | F10: 9 | G10: 8 | H10: LLR | I10: Unissons nos énergies avec Philippe RICHERT | J10: LUD | K10: OUI | L10: 1 | M10: M | N10: RICHERT | O10: Philippe | P10: =IFERROR(__xludf.DUMMYFUNCTION("JOIN("" "",N10:O10)"),"RICHERT Philippe") -> RICHERT Philippe | Q10: 19501 | R10: Permanent politique | S10: PCR | T10: Oui
A11: 42318.715 | B11: 75 | C11: Aquitaine - Limousin - Poitou-Charentes | D11: 33 | E11: Gironde | F11: 1 | G11: 10 | H11: NOUVELLE DONNE | I11: NOUVELLE DONNE : REPRENEZ LA MAIN ! | J11: LDVG | K11: OUI | L11: 11 | M11: M | N11: PEREIRA | O11: Nicolas | P11: =IFERROR(__xludf.DUMMYFUNCTION("JOIN("" "",N11:O11)"),"PEREIRA Nicolas") -> PEREIRA Nicolas | Q11: 33409 | R11: Autre cadre (secteur privé) | T11: Non
A12: 42318.715 | B12: 75 | C12: Aquitaine - Limousin - Poitou-Charentes | D12: 33 | E12: Gironde | F12: 2 | G12: 5 | H12: PLUS FORTS, PLUS SOLIDAIR | I12: PLUS FORTS, PLUS SOLIDAIRES, ENSEMBLE | J12: LUG | K12: OUI | L12: 1 | M12: M | N12: ROUSSET | O12: Alain | P12: =IFERROR(__xludf.DUMMYFUNCTION("JOIN("" "",N12:O12)"),"ROUSSET Alain") -> ROUSSET Alain | Q12: 18675 | R12: Autre profession | S12: DEP,PCR | T12: Oui
A13: 42318.715 | B13: 75 | C13: Aquitaine - Limousin - Poitou-Charentes | D13: 33 | E13: Gironde | F13: 3 | G13: 7 | H13: GENERATION NOUVELLE REGIO | I13: GENERATION NOUVELLE REGION | J13: LUD | K13: OUI | L13: 1 | M13: F | N13: CALMELS | O13: Virginie | P13: =IFERROR(__xludf.DUMMYFUNCTION("JOIN("" "",N13:O13)"),"CALMELS Virginie") -> CALMELS Virginie | Q13: 25975 | R13: Administrateur de sociétés | T13: Non
A14: 42318.715 | B14: 75 | C14: Aquitaine - Limousin - Poitou-Charentes | D14: 64 | E14: Pyrénées-Atlantiques | F14: 4 | G14: 9 | H14: L'HUMAIN D'ABORD ! | I14: L'HUMAIN D'ABORD ! | J14: LFG | K14: OUI | L14: 2 | M14: M | N14: DARTIGOLLES | O14: Olivier | P14: =IFERROR(__xludf.DUMMYFUNCTION("JOIN("" "",N14:O14)"),"DARTIGOLLES Olivier") -> DARTIGOLLES Olivier | Q14: 25807 | R14: Permanent politique | T14: Non
A15: 42318.715 | B15: 75 | C15: Aquitaine - Limousin - Poitou-Charentes | D15: 33 | E15: Gironde | F15: 5 | G15: 6 | H15: L'UPR | I15: L'UPR AVEC FRANCOIS ASSELINEAU - LE PARTI QUI MONTE MALGRE LE SILENCE DES MEDIAS | J15: LDIV | K15: OUI | L15: 19 | M15: M | N15: DOUET | O15: William | P15: =IFERROR(__xludf.DUMMYFUNCTION("JOIN("" "",N15:O15)"),"DOUET William") -> DOUET William | Q15: 33754 | R15: Etudiant | T15: Non
A16: 42318.715 | B16: 75 | C16: Aquitaine - Limousin - Poitou-Charentes | D16: 64 | E16: Pyrénées-Atlantiques | F16: 6 | G16: 11 | H16: FAISONS ENSEMBLE | I16: FAISONS ENSEMBLE | J16: LDVG | K16: OUI | L16: 3 | M16: M | N16: BOUSSION | O16: Joseph | P16: =IFERROR(__xludf.DUMMYFUNCTION("JOIN("" "",N16:O16)"),"BOUSSION Joseph") -> BOUSSION Joseph | Q16: 31058 | R16: Sans profession déclarée | T16: Non
A17: 42318.715 | B17: 75 | C17: Aquitaine - Limousin - Poitou-Charentes | D17: 16 | E17: Charente | F17: 7 | G17: 8 | H17: OSONS MIEUX | I17: OSONS MIEUX AVEC FRANÇOISE COUTANT - LISTE ECOLOGISTE ET CITOYENNE | J17: LVEC | K17: OUI | L17: 1 | M17: F | N17: COUTANT | O17: Françoise | P17: =IFERROR(__xludf.DUMMYFUNCTION("JOIN("" "",N17:O17)"),"COUTANT Françoise") -> COUTANT Françoise | Q17: 24262 | R17: Professeur du secondaire et techn. | T17: Oui
A18: 42318.715 | B18: 75 | C18: Aquitaine - Limousin - Poitou-Charentes | D18: 33 | E18: Gironde | F18: 8 | G18: 3 | H18: LISTE FRONT NATIONAL | I18: LISTE FRONT NATIONAL PRESENTEE PAR MARINE LE PEN | J18: LFN | K18: OUI | L18: 1 | M18: M | N18: COLOMBIER | O18: Jacques | P18: =IFERROR(__xludf.DUMMYFUNCTION("JOIN("" "",N18:O18)"),"COLOMBIER Jacques") -> COLOMBIER Jacques | Q18: 19041 | R18: Retraité des professions libérales | T18: Non
A19: 42318.715 | B19: 75 | C19: Aquitaine - Limousin - Poitou-Charentes | D19: 47 | E19: Lot-et-Garonne | F19: 9 | G19: 4 | H19: DEBOUT LA FRANCE | I19: DEBOUT LA FRANCE AVEC NICOLAS DUPONT AIGNAN | J19: LDLF | K19: OUI | L19: 1 | M19: M | N19: SETZE | O19: Yvon | P19: =IFERROR(__xludf.DUMMYFUNCTION("JOIN("" "",N19:O19)"),"SETZE Yvon") -> SETZE Yvon | Q19: 19116 | R19: Retr.artis.commerc.chef d entrep. | T19: Non
A20: 42318.715 | B20: 75 | C20: Aquitaine - Limousin - Poitou-Charentes | D20: 33 | E20: Gironde | F20: 10 | G20: 2 | H20: LUTTE OUVRIERE | I20: LUTTE OUVRIERE - FAIRE ENTENDRE LE CAMP DES TRAVAILLEURS | J20: LEXG | K20: OUI | L20: 2 | M20: M | N20: PERCHET | O20: Guillaume | P20: =IFERROR(__xludf.DUMMYFUNCTION("JOIN("" "",N20:O20)"),"PERCHET Guillaume") -> PERCHET Guillaume | Q20: 25877 | R20: Autre cadre (secteur privé) | T20: Non
A21: 42318.715 | B21: 84 | C21: Auvergne - Rhône-Alpes | D21: 26 | E21: Drôme | F21: 1 | G21: 3 | H21: L'UPR, AVEC FRANÇOIS ASSE | I21: L'UPR, avec François ASSELINEAU - LE PARTI QUI MONTE malgré le silence des médias | J21: LDIV | K21: OUI | L21: 1 | M21: M | N21: FÉDÈLE | O21: Alain | P21: =IFERROR(__xludf.DUMMYFUNCTION("JOIN("" "",N21:O21)"),"FÉDÈLE Alain") -> FÉDÈLE Alain | Q21: 23420 | R21: Homme de lettres et Artiste | T21: Non
A22: 42318.715 | B22: 84 | C22: Auvergne - Rhône-Alpes | D22: 69M | E22: Métropole de Lyon | F22: 2 | G22: 10 | H22: 100% CITOYEN | I22: 100% CITOYEN | J22: LDVD | K22: OUI | L22: 1 | M22: M | N22: LAFOND | O22: Eric | P22: =IFERROR(__xludf.DUMMYFUNCTION("JOIN("" "",N22:O22)"),"LAFOND Eric") -> LAFOND Eric | Q22: 26541 | R22: Autre cadre (secteur privé) | T22: Non
A23: 42318.715 | B23: 84 | C23: Auvergne - Rhône-Alpes | D23: 69M | E23: Métropole de Lyon | F23: 3 | G23: 7 | H23: LISTE FRONT NATIONAL PRÉS | I23: Liste Front National présentée par Marine LE PEN | J23: LFN | K23: OUI | L23: 1 | M23: M | N23: BOUDOT | O23: Christophe | P23: =IFERROR(__xludf.DUMMYFUNCTION("JOIN("" "",N23:O23)"),"BOUDOT Christophe") -> BOUDOT Christophe | Q23: 25422 | R23: Industriel-Chef entreprise | T23: Oui
A24: 42318.715 | B24: 84 | C24: Auvergne - Rhône-Alpes | D24: 42 | E24: Loire | F24: 4 | G24: 8 | H24: L'HUMAIN D'ABORD, AVEC LA | I24: L'Humain d'abord, avec la gauche républicaine et sociale | J24: LCOM | K24: OUI | L24: 1 | M24: F | N24: CUKIERMAN | O24: Cécile | P24: =IFERROR(__xludf.DUMMYFUNCTION("JOIN("" "",N24:O24)"),"CUKIERMAN Cécile") -> CUKIERMAN Cécile | Q24: 27876 | R24: Professeur du secondaire et techn. | S24: SEN | T24: Oui
A25: 42318.715 | B25: 84 | C25: Auvergne - Rhône-Alpes | D25: 38 | E25: Isère | F25: 5 | G25: 2 | H25: LUTTE OUVRIERE - FAIRE EN | I25: Lutte ouvrière - Faire entendre le camp des travailleurs | J25: LEXG | K25: OUI | L25: 1 | M25: F | N25: GOMEZ | O25: Chantal | P25: =IFERROR(__xludf.DUMMYFUNCTION("JOIN("" "",N25:O25)"),"GOMEZ Chantal") -> GOMEZ Chantal | Q25: 20563 | R25: Fonctionnaire de catégorie C | T25: Non
A26: 42318.715 | B26: 84 | C26: Auvergne - Rhône-Alpes | D26: 43 | E26: Haute-Loire | F26: 6 | G26: 9 | H26: WAUQUIEZ 2015, UN NOUVEAU | I26: WAUQUIEZ 2015, un nouveau souffle pour notre région LE GRAND RASSEMBLEMENT de la DROITE et du CENTRE | J26: LUD | K26: OUI | L26: 1 | M26: M | N26: WAUQUIEZ | O26: Laurent | P26: =IFERROR(__xludf.DUMMYFUNCTION("JOIN("" "",N26:O26)"),"WAUQUIEZ Laurent") -> WAUQUIEZ Laurent | Q26: 27496 | R26: Autre profession | S26: DEP | T26: Non
A27: 42318.715 | B27: 84 | C27: Auvergne - Rhône-Alpes | D27: 69D | E27: Rhône hors métropole de Lyon | F27: 8 | G27: 5 | H27: LE RASSEMBLEMENT CITOYEN, | I27: LE RASSEMBLEMENT CITOYEN, ECOLOGIQUE ET SOLIDAIRE | J27: LVEG | K27: OUI | L27: 1 | M27: M | N27: KOHLHAAS | O27: Jean-Charles | P27: =IFERROR(__xludf.DUMMYFUNCTION("JOIN("" "",N27:O27)"),"KOHLHAAS Jean-Charles") -> KOHLHAAS Jean-Charles | Q27: 23649 | R27: Salarié du secteur médical | T27: Oui
A28: 42318.715 | B28: 84 | C28: Auvergne - Rhône-Alpes | D28: 69D | E28: Rhône hors métropole de Lyon | F28: 9 | G28: 4 | H28: DEBOUT LA FRANCE AVEC NIC | I28: DEBOUT LA FRANCE AVEC NICOLAS DUPONT-AIGNAN | J28: LDLF | K28: OUI | L28: 1 | M28: M | N28: RAMBAUD | O28: Gerbert | P28: =IFERROR(__xludf.DUMMYFUNCTION("JOIN("" "",N28:O28)"),"RAMBAUD Gerbert") -> RAMBAUD Gerbert | Q28: 23304 | R28: Avocat | T28: Non
A29: 42318.715 | B29: 84 | C29: Auvergne - Rhône-Alpes | D29: 69M | E29: Métropole de Lyon | F29: 10 | G29: 6 | H29: NOUS, C'EST LA RÉGION | I29: NOUS, C'EST LA RÉGION | J29: LUG | K29: OUI | L29: 1 | M29: M | N29: QUEYRANNE | O29: Jean-Jack | P29: =IFERROR(__xludf.DUMMYFUNCTION("JOIN("" "",N29:O29)"),"QUEYRANNE Jean-Jack") -> QUEYRANNE Jean-Jack | Q29: 16743 | R29: Retraité de l'enseignement | S29: PCR | T29: Oui
A30: 42318.715 | B30: 27 | C30: Bourgogne - Franche-Comté | D30: 25 | E30: Doubs | F30: 1 | G30: 6 | H30: FRONT NATIONAL | I30: LISTE FRONT NATIONAL PRÉSENTÉE PAR MARINE LE PEN | J30: LFN | K30: OUI | L30: 1 | M30: F | N30: MONTEL | O30: Sophie | P30: =IFERROR(__xludf.DUMMYFUNCTION("JOIN("" "",N30:O30)"),"MONTEL Sophie") -> MONTEL Sophie | Q30: 25529 | R30: Autre cadre (secteur privé) | S30: RPE | T30: Oui
A31: 42318.715 | B31: 27 | C31: Bourgogne - Franche-Comté | D31: 58 | E31: Nièvre | F31: 2 | G31: 5 | H31: UPR | I31: L'UPR avec François ASSELINEAU - LE PARTI QUI MONTE malgré le silence des médias | J31: LDIV | K31: OUI | L31: 1 | M31: M | N31: GALLOIS | O31: Charles-Henri | P31: =IFERROR(__xludf.DUMMYFUNCTION("JOIN("" "",N31:O31)"),"GALLOIS Charles-Henri") -> GALLOIS Charles-Henri | Q31: 32447 | R31: Autre cadre (secteur privé) | T31: Non
A32: 42318.715 | B32: 27 | C32: Bourgogne - Franche-Comté | D32: 21 | E32: Côte-d'Or | F32: 3 | G32: 8 | H32: REGION GRAND | I32: LA REGION EN GRAND | J32: LUD | K32: OUI | L32: 1 | M32: M | N32: SAUVADET | O32: François | P32: =IFERROR(__xludf.DUMMYFUNCTION("JOIN("" "",N32:O32)"),"SAUVADET François") -> SAUVADET François | Q32: 19469 | R32: Permanent politique | S32: DEP,PCD | T32: Non
A33: 42318.715 | B33: 27 | C33: Bourgogne - Franche-Comté | D33: 58 | E33: Nièvre | F33: 4 | G33: 11 | H33: AEI BFC | I33: ALLIANCE ECOLOGISTE INDEPENDANTE DE BOURGOGNE ET FRANCHE-COMTE | J33: LECO | K33: OUI | L33: 1 | M33: M | N33: GONZALEZ | O33: Julien | P33: =IFERROR(__xludf.DUMMYFUNCTION("JOIN("" "",N33:O33)"),"GONZALEZ Julien") -> GONZALEZ Julien | Q33: 27753 | R33: Journaliste et autre média | T33: Non
A34: 42318.715 | B34: 27 | C34: Bourgogne - Franche-Comté | D34: 25 | E34: Doubs | F34: 5 | G34: 9 | H34: ÉCOLOGISTES BFC | I34: LES ÉCOLOGISTES DE BOURGOGNE FRANCHE-COMTÉ | J34: LVEC | K34: OUI | L34: 1 | M34: F | N34: PRUDHOMME | O34: Cécile | P34: =IFERROR(__xludf.DUMMYFUNCTION("JOIN("" "",N34:O34)"),"PRUDHOMME Cécile") -> PRUDHOMME Cécile | Q34: 27804 | R34: Permanent politique | T34: Non
A35: 42318.715 | B35: 27 | C35: Bourgogne - Franche-Comté | D35: 71 | E35: Saône-et-Loire | F35: 6 | G35: 7 | H35: ALTERNATIVE GAUCHE | I35: L'ALTERNATIVE À GAUCHE | J35: LFG | K35: OUI | L35: 1 | M35: F | N35: VERMOREL | O35: Nathalie | P35: =IFERROR(__xludf.DUMMYFUNCTION("JOIN("" "",N35:O35)"),"VERMOREL Nathalie") -> VERMOREL Nathalie | Q35: 22088 | R35: Assistante sociale | T35: Oui
A36: 42318.715 | B36: 27 | C36: Bourgogne - Franche-Comté | D36: 21 | E36: Côte-d'Or | F36: 7 | G36: 4 | H36: LUTTE OUVRIERE | I36: LUTTE OUVRIERE - FAIRE ENTENDRE LE CAMP DES TRAVAILLEURS | J36: LEXG | K36: OUI | L36: 2 | M36: F | N36: ROCHER | O36: Claire | P36: =IFERROR(__xludf.DUMMYFUNCTION("JOIN("" "",N36:O36)"),"ROCHER Claire") -> ROCHER Claire | Q36: 28760 | R36: Fonctionnaire de catégorie B | T36: Non
A37: 42318.715 | B37: 27 | C37: Bourgogne - Franche-Comté | D37: 71 | E37: Saône-et-Loire | F37: 8 | G37: 3 | H37: DEBOUT LA FRANCE | I37: DEBOUT LA FRANCE AVEC NICOLAS DUPONT-AIGNAN | J37: LDLF | K37: OUI | L37: 1 | M37: M | N37: THIÉBAUT | O37: Maxime | P37: =IFERROR(__xludf.DUMMYFUNCTION("JOIN("" "",N37:O37)"),"THIÉBAUT Maxime") -> THIÉBAUT Maxime | Q37: 33250 | R37: Conseiller juridique | T37: Non
A38: 42318.715 | B38: 27 | C38: Bourgogne - Franche-Comté | D38: 90 | E38: Territoire de Belfort | F38: 9 | G38: 10 | H38: 3 MILLIONS GRUDLER | I38: 3 Millions de raisons avec Christophe GRUDLER | J38: LMDM | K38: OUI | L38: 1 | M38: M | N38: GRUDLER | O38: Christophe | P38: =IFERROR(__xludf.DUMMYFUNCTION("JOIN("" "",N38:O38)"),"GRUDLER Christophe") -> GRUDLER Christophe | Q38: 23841 | R38: Industriel-Chef entreprise | T38: Non
A39: 42318.715 | B39: 27 | C39: Bourgogne - Franche-Comté | D39: 25 | E39: Doubs | F39: 10 | G39: 2 | H39: REGION AVANCE | I39: NOTRE REGION D'AVANCE | J39: LUG | K39: OUI | L39: 1 | M39: F | N39: DUFAY | O39: Marie-Guite | P39: =IFERROR(__xludf.DUMMYFUNCTION("JOIN("" "",N39:O39)"),"DUFAY Marie-Guite") -> DUFAY Marie-Guite | Q39: 18039 | R39: Retraité fonct.publique (sf enseig.) | S39: PCR | T39: Oui
A40: 42318.715 | B40: 53 | C40: Bretagne | D40: 35 | E40: Ille-et-Vilaine | F40: 1 | G40: 8 | H40: BRETAGNE EN LUTTES | I40: BRETAGNE EN LUTTES BREIZH O STOURM | J40: LEXG | K40: OUI | L40: 2 | M40: M | N40: ROBLIN | O40: Gael | P40: =IFERROR(__xludf.DUMMYFUNCTION("JOIN("" "",N40:O40)"),"ROBLIN Gael") -> ROBLIN Gael | Q40: 26660 | R40: Sans profession déclarée | T40: Non
A41: 42318.715 | B41: 53 | C41: Bretagne | D41: 56 | E41: Morbihan | F41: 2 | G41: 6 | H41: AVEC J.Y. LE DRIAN | I41: POUR LA BRETAGNE AVEC JEAN-YVES LE DRIAN | J41: LUG | K41: OUI | L41: 1 | M41: M | N41: LE DRIAN | O41: Jean-Yves | P41: =IFERROR(__xludf.DUMMYFUNCTION("JOIN("" "",N41:O41)"),"LE DRIAN Jean-Yves") -> LE DRIAN Jean-Yves | Q41: 17348 | R41: Retraité de l'enseignement | S41: MIN | T41: Oui
A42: 42318.715 | B42: 53 | C42: Bretagne | D42: 56 | E42: Morbihan | F42: 3 | G42: 10 | H42: NOTRE CHANCE INDEPENDANCE | I42: NOTRE CHANCE, L'INDEPENDANCE | J42: LREG | K42: OUI | L42: 1 | M42: M | N42: DELÉON | O42: Bertrand | P42: =IFERROR(__xludf.DUMMYFUNCTION("JOIN("" "",N42:O42)"),"DELÉON Bertrand") -> DELÉON Bertrand | Q42: 27110 | R42: Enseignant 1er deg.-directeur école | T42: Non
A43: 42318.715 | B43: 53 | C43: Bretagne | D43: 29 | E43: Finistère | F43: 4 | G43: 7 | H43: OUI LA BRETAGNE | I43: OUI LA BRETAGNE | J43: LREG | K43: OUI | L43: 1 | M43: M | N43: TROADEC | O43: Christian | P43: =IFERROR(__xludf.DUMMYFUNCTION("JOIN("" "",N43:O43)"),"TROADEC Christian") -> TROADEC Christian | Q43: 24190 | R43: Industriel-Chef entreprise | T43: Non
A44: 42318.715 | B44: 53 | C44: Bretagne | D44: 56 | E44: Morbihan | F44: 5 | G44: 3 | H44: L'UPR | I44: L'UPR, avec François ASSELINEAU LE PARTI QUI MONTE malgré le silence des médias | J44: LDIV | K44: OUI | L44: 1 | M44: M | N44: GOURVENEC | O44: Jean-François | P44: =IFERROR(__xludf.DUMMYFUNCTION("JOIN("" "",N44:O44)"),"GOURVENEC Jean-François") -> GOURVENEC Jean-François | Q44: 28044 | R44: Autre cadre (secteur privé) | T44: Non
A45: 42318.715 | B45: 53 | C45: Bretagne | D45: 35 | E45: Ille-et-Vilaine | F45: 6 | G45: 12 | H45: DEBOUT LA FRANCE | I45: Debout la France avec Nicolas Dupont-Aignan | J45: LDLF | K45: OUI | L45: 1 | M45: M | N45: FOUCHER | O45: Jean-Jacques | P45: =IFERROR(__xludf.DUMMYFUNCTION("JOIN("" "",N45:O45)"),"FOUCHER Jean-Jacques") -> FOUCHER Jean-Jacques | Q45: 22777 | R45: Industriel-Chef entreprise | T45: Non
A46: 42318.715 | B46: 53 | C46: Bretagne | D46: 35 | E46: Ille-et-Vilaine | F46: 7 | G46: 2 | H46: FRONT NATIONAL | I46: LISTE FRONT NATIONAL PRESENTEE PAR MARINE LE PEN | J46: LFN | K46: OUI | L46: 1 | M46: M | N46: PENNELLE | O46: Gilles | P46: =IFERROR(__xludf.DUMMYFUNCTION("JOIN("" "",N46:O46)"),"PENNELLE Gilles") -> PENNELLE Gilles | Q46: 22847 | R46: Permanent politique | T46: Non
A47: 42318.715 | B47: 53 | C47: Bretagne | D47: 22 | E47: Côtes-d'Armor | F47: 8 | G47: 4 | H47: LES REPUBLICAINS | I47: LE CHOIX DE LA BRETAGNE | J47: LUD | K47: OUI | L47: 1 | M47: M | N47: LE FUR | O47: Marc | P47: =IFERROR(__xludf.DUMMYFUNCTION("JOIN("" "",N47:O47)"),"LE FUR Marc") -> LE FUR Marc | Q47: 20787 | R47: Permanent politique | S47: DEP | T47: Non
A48: 42318.715 | B48: 53 | C48: Bretagne | D48: 22 | E48: Côtes-d'Armor | F48: 9 | G48: 9 | H48: UNE AUTRE VOIE | I48: UNE AUTRE VOIE POUR LA BRETAGNE | J48: LVEC | K48: OUI | L48: 1 | M48: M | N48: LOUAIL | O48: René | P48: =IFERROR(__xludf.DUMMYFUNCTION("JOIN("" "",N48:O48)"),"LOUAIL René") -> LOUAIL René | Q48: 19160 | R48: Retraité agricole | T48: Oui
A49: 42318.715 | B49: 53 | C49: Bretagne | D49: 22 | E49: Côtes-d'Armor | F49: 10 | G49: 11 | H49: L'HUMAIN D'ABORD | I49: pour une bretagne sociale et écologique: l'humain d'abord | J49: LFG | K49: OUI | L49: 1 | M49: M | N49: COMPAIN | O49: Xavier | P49: =IFERROR(__xludf.DUMMYFUNCTION("JOIN("" "",N49:O49)"),"COMPAIN Xavier") -> COMPAIN Xavier | Q49: 24251 | R49: Agriculteur-propriétaire exploit. | T49: Non
A50: 42318.715 | B50: 53 | C50: Bretagne | D50: 35 | E50: Ille-et-Vilaine | F50: 11 | G50: 5 | H50: LUTTE OUVRIERE | I50: LUTTE OUVRIERE - FAIRE ENTENDRE LE CAMP DES TRAVAILLEURS | J50: LEXG | K50: OUI | L50: 1 | M50: F | N50: HAMON | O50: Valérie | P50: =IFERROR(__xludf.DUMMYFUNCTION("JOIN("" "",N50:O50)"),"HAMON Valérie") -> HAMON Valérie | Q50: 26330 | R50: Employé (autres entrep. publiques) | T50: Non
A51: 42318.715 | B51: 24 | C51: Centre-Val de Loire | D51: 28 | E51: Eure-et-Loir | F51: 1 | G51: 4 | H51: LISTE FRONT NATIONAL | I51: LISTE FRONT NATIONAL PRESENTEE PAR MARINE LE PEN | J51: LFN | K51: OUI | L51: 1 | M51: M | N51: LOISEAU | O51: Philippe | P51: =IFERROR(__xludf.DUMMYFUNCTION("JOIN("" "",N51:O51)"),"LOISEAU Philippe") -> LOISEAU Philippe | Q51: 21148 | R51: Agriculteur-propriétaire exploit. | S51: RPE | T51: Non
A52: 42318.715 | B52: 24 | C52: Centre-Val de Loire | D52: 28 | E52: Eure-et-Loir | F52: 2 | G52: 2 | H52: L'UPR | I52: L'UPR, avec François ASSELINEAU - LE PARTI QUI MONTE malgré le silence des médias | J52: LDIV | K52: OUI | L52: 3 | M52: M | N52: FOUQUIAU | O52: Thierry | P52: =IFERROR(__xludf.DUMMYFUNCTION("JOIN("" "",N52:O52)"),"FOUQUIAU Thierry") -> FOUQUIAU Thierry | Q52: 24418 | R52: Agriculteur-propriétaire exploit. | T52: Non
A53: 42318.715 | B53: 24 | C53: Centre-Val de Loire | D53: 45 | E53: Loiret | F53: 3 | G53: 5 | H53: LUTTE OUVRIERE | I53: LUTTE OUVRIERE - Faire entendre le camp des travailleurs | J53: LEXG | K53: OUI | L53: 2 | M53: F | N53: MEGDOUD | O53: Farida | P53: =IFERROR(__xludf.DUMMYFUNCTION("JOIN("" "",N53:O53)"),"MEGDOUD Farida") -> MEGDOUD Farida | Q53: 22642 | R53: Professeur du secondaire et techn. | T53: Non
A54: 42318.715 | B54: 24 | C54: Centre-Val de Loire | D54: 18 | E54: Cher | F54: 4 | G54: 6 | H54: DEBOUT LA FRANCE | I54: DEBOUT LA FRANCE AVEC NICOLAS DUPONT-AIGNAN | J54: LDLF | K54: OUI | L54: 1 | M54: F | N54: PENLOUP | O54: Alix | P54: =IFERROR(__xludf.DUMMYFUNCTION("JOIN("" "",N54:O54)"),"PENLOUP Alix") -> PENLOUP Alix | Q54: 31250 | R54: Ingénieur | T54: Non
A55: 42318.715 | B55: 24 | C55: Centre-Val de Loire | D55: 28 | E55: Eure-et-Loir | F55: 5 | G55: 7 | H55: CENTRE RENAISSANCE | I55: Centre - Val de Loire, la Renaissance ! | J55: LUD | K55: OUI | L55: 1 | M55: M | N55: VIGIER | O55: Philippe | P55: =IFERROR(__xludf.DUMMYFUNCTION("JOIN("" "",N55:O55)"),"VIGIER Philippe") -> VIGIER Philippe | Q55: 21219 | R55: Pharmacien | S55: DEP | T55: Non
A56: 42318.715 | B56: 24 | C56: Centre-Val de Loire | D56: 41 | E56: Loir-et-Cher | F56: 6 | G56: 8 | H56: ECOLOGISTES | I56: ECOLOGISTES, CITOYENS ET SOLIDAIRES | J56: LVEC | K56: OUI | L56: 1 | M56: M | N56: FOURNIER | O56: Charles | P56: =IFERROR(__xludf.DUMMYFUNCTION("JOIN("" "",N56:O56)"),"FOURNIER Charles") -> FOURNIER Charles | Q56: 24907 | R56: Autre profession | T56: Oui
A57: 42318.715 | B57: 24 | C57: Centre-Val de Loire | D57: 45 | E57: Loiret | F57: 7 | G57: 9 | H57: A FOND MA RÉGION | I57: A FOND MA REGION AVEC FRANCOIS BONNEAU | J57: LUG | K57: OUI | L57: 1 | M57: M | N57: BONNEAU | O57: François | P57: =IFERROR(__xludf.DUMMYFUNCTION("JOIN("" "",N57:O57)"),"BONNEAU François") -> BONNEAU François | Q57: 19644 | R57: Retraité de l'enseignement | S57: PCR | T57: Oui
A58: 42318.715 | B58: 24 | C58: Centre-Val de Loire | D58: 18 | E58: Cher | F58: 8 | G58: 3 | H58: HUMAIN AU CENTRE | I58: Rassembler avec l'Humain au Centre - Val de Loire | J58: LCOM | K58: OUI | L58: 11 | M58: M | N58: SANSU | O58: Nicolas | P58: =IFERROR(__xludf.DUMMYFUNCTION("JOIN("" "",N58:O58)"),"SANSU Nicolas") -> SANSU Nicolas | Q58: 25006 | R58: Permanent politique | S58: DEP | T58: Non
A59: 42318.715 | B59: 11 | C59: Île-de-France | D59: 75 | E59: Paris | F59: 1 | G59: 2 | H59: NOS VIES D'ABORD ! | I59: NOS VIES D'ABORD ! égalité écologie dignité citoyenneté Pierre LAURENT Eric COQUEREL Clémentine AUTAIN | J59: LFG | K59: OUI | L59: 3 | M59: M | N59: LAURENT | O59: Pierre | P59: =IFERROR(__xludf.DUMMYFUNCTION("JOIN("" "",N59:O59)"),"LAURENT Pierre") -> LAURENT Pierre | Q59: 21002 | R59: Journaliste et autre média | S59: SEN | T59: Oui
A60: 42318.715 | B60: 11 | C60: Île-de-France | D60: 93 | E60: Seine-Saint-Denis | F60: 2 | G60: 8 | H60: LISTE CLAUDE BARTOLONE | I60: Avec Claude Bartolone, une Ile-de-France humaine | J60: LUG | K60: OUI | L60: 1 | M60: M | N60: BARTOLONE | O60: Claude | P60: =IFERROR(__xludf.DUMMYFUNCTION("JOIN("" "",N60:O60)"),"BARTOLONE Claude") -> BARTOLONE Claude | Q60: 18838 | R60: Autre profession | S60: DEP | T60: Non
A61: 42318.715 | B61: 11 | C61: Île-de-France | D61: 93 | E61: Seine-Saint-Denis | F61: 3 | G61: 3 | H61: UPR FRANCOIS ASSELINEAU | I61: l'UPR avec François ASSELINEAU, le parti qui monte malgré le silence des médias | J61: LDIV | K61: OUI | L61: 1 | M61: M | N61: ASSELINEAU | O61: François | P61: =IFERROR(__xludf.DUMMYFUNCTION("JOIN("" "",N61:O61)"),"ASSELINEAU François") -> ASSELINEAU François | Q61: 21067 | R61: Grands corps de l'état | T61: Non
A62: 42318.715 | B62: 11 | C62: Île-de-France | D62: 75 | E62: Paris | F62: 4 | G62: 4 | H62: CHANGEONS D'AIR | I62: CHANGEONS D'AIR, LE RASSEMBLEMENT ECOLOGISTE ET CITOYEN | J62: LVEC | K62: OUI | L62: 1 | M62: F | N62: COSSE | O62: Emmanuelle | P62: =IFERROR(__xludf.DUMMYFUNCTION("JOIN("" "",N62:O62)"),"COSSE Emmanuelle") -> COSSE Emmanuelle | Q62: 27348 | R62: Journaliste et autre média | T62: Oui
A63: 42318.715 | B63: 11 | C63: Île-de-France | D63: 91 | E63: Essonne | F63: 5 | G63: 9 | H63: LISTE D'UNION CITOYENNE | I63: LISTE D'UNION CITOYENNE | J63: LDIV | K63: OUI | L63: 24 | M63: M | N63: HORSFALL | O63: Dawari | P63: =IFERROR(__xludf.DUMMYFUNCTION("JOIN("" "",N63:O63)"),"HORSFALL Dawari") -> HORSFALL Dawari | Q63: 27606 | R63: Professeur du secondaire et techn. | T63: Non
A64: 42318.715 | B64: 11 | C64: Île-de-France | D64: 75 | E64: Paris | F64: 6 | G64: 11 | H64: NOUS CITOYENS | I64: NOUS CITOYENS POUR L'ILE DE FRANCE | J64: LDVD | K64: OUI | L64: 1 | M64: F | N64: SACHS | O64: Valerie | P64: =IFERROR(__xludf.DUMMYFUNCTION("JOIN("" "",N64:O64)"),"SACHS Valerie") -> SACHS Valerie | Q64: 22580 | R64: Industriel-Chef entreprise | T64: Non
A65: 42318.715 | B65: 11 | C65: Île-de-France | D65: 95 | E65: Val-d'Oise | F65: 7 | G65: 13 | H65: LISTE FLUO | I65: F.L.U.O. (Fédération Libertaire Unitaire Ouverte) | J65: LDIV | K65: OUI | L65: 1 | M65: M | N65: DE SMET | O65: Sylvain | P65: =IFERROR(__xludf.DUMMYFUNCTION("JOIN("" "",N65:O65)"),"DE SMET Sylvain") -> DE SMET Sylvain | Q65: 23835 | R65: Autre retraité | T65: Oui
A66: 42318.715 | B66: 11 | C66: Île-de-France | D66: 94 | E66: Val-de-Marne | F66: 8 | G66: 12 | H66: UDMF | I66: Union des Démocrates Musulmans Français | J66: LDIV | K66: OUI | L66: 1 | M66: M | N66: BOURCHADA | O66: Nizarr | P66: =IFERROR(__xludf.DUMMYFUNCTION("JOIN("" "",N66:O66)"),"BOURCHADA Nizarr") -> BOURCHADA Nizarr | Q66: 29722 | R66: Cadre supérieur (secteur privé) | T66: Non
A67: 42318.715 | B67: 11 | C67: Île-de-France | D67: 91 | E67: Essonne | F67: 9 | G67: 6 | H67: DEBOUT LA FRANCE | I67: DEBOUT LA FRANCE AVEC NICOLAS DUPONT-AIGNAN | J67: LDLF | K67: OUI | L67: 1 | M67: M | N67: DUPONT-AIGNAN | O67: Nicolas | P67: =IFERROR(__xludf.DUMMYFUNCTION("JOIN("" "",N67:O67)"),"DUPONT-AIGNAN Nicolas") -> DUPONT-AIGNAN Nicolas | Q67: 22347 | R67: Permanent politique | S67: DEP | T67: Non
A68: 42318.715 | B68: 11 | C68: Île-de-France | D68: 78 | E68: Yvelines | F68: 10 | G68: 10 | H68: LISTE PECRESSE | I68: l'alternance avec Valérie Précresse | J68: LUD | K68: OUI | L68: 1 | M68: F | N68: PECRESSE | O68: Valérie | P68: =IFERROR(__xludf.DUMMYFUNCTION("JOIN("" "",N68:O68)"),"PECRESSE Valérie") -> PECRESSE Valérie | Q68: 24667 | R68: Magistrat | S68: DEP | T68: Oui
A69: 42318.715 | B69: 11 | C69: Île-de-France | D69: 75 | E69: Paris | F69: 11 | G69: 14 | H69: AUX URNES CITOYENS | I69: AUX URNES CITOYENS | J69: LDVD | K69: OUI | L69: 1 | M69: M | N69: VERON | O69: Aurelien | P69: =IFERROR(__xludf.DUMMYFUNCTION("JOIN("" "",N69:O69)"),"VERON Aurelien") -> VERON Aurelien | Q69: 25296 | R69: Cadre supérieur (secteur privé) | T69: Non
A70: 42318.715 | B70: 11 | C70: Île-de-France | D70: 75 | E70: Paris | F70: 12 | G70: 7 | H70: FRONT NATIONAL | I70: LISTE FRONT NATIONAL PRESENTEE PAR MARINE LE PEN | J70: LFN | K70: OUI | L70: 1 | M70: M | N70: DE SAINT JUST | O70: Wallerand | P70: =IFERROR(__xludf.DUMMYFUNCTION("JOIN("" "",N70:O70)"),"DE SAINT JUST Wallerand") -> DE SAINT JUST Wallerand | Q70: 18450 | R70: Avocat | T70: Non
A71: 42318.715 | B71: 11 | C71: Île-de-France | D71: 93 | E71: Seine-Saint-Denis | F71: 13 | G71: 5 | H71: LUTTE OUVRIÈRE | I71: Lutte ouvrière - Faire entendre le camp des travailleurs | J71: LEXG | K71: OUI | L71: 2 | M71: F | N71: ARTHAUD | O71: Nathalie | P71: =IFERROR(__xludf.DUMMYFUNCTION("JOIN("" "",N71:O71)"),"ARTHAUD Nathalie") -> ARTHAUD Nathalie | Q71: 25622 | R71: Professeur du secondaire et techn. | T71: Non
A72: 42318.715 | B72: 76 | C72: Languedoc-Roussillon - Midi-Pyrénées | D72: 12 | E72: Aveyron | F72: 2 | G72: 9 | H72: JE M'ENGAGE POUR MA REG | I72: JE M'ENGAGE POUR MA REGION | J72: LUD | K72: OUI | L72: 1 | M72: M | N72: REYNIÉ | O72: Dominique | P72: =IFERROR(__xludf.DUMMYFUNCTION("JOIN("" "",N72:O72)"),"REYNIÉ Dominique") -> REYNIÉ Dominique | Q72: 22084 | R72: Professeur de faculté | T72: Non
A73: 42318.715 | B73: 76 | C73: Languedoc-Roussillon - Midi-Pyrénées | D73: 31 | E73: Haute-Garonne | F73: 3 | G73: 11 | H73: NOTRE SUD | I73: Notre Sud, une région forte, créative et solidaire - liste conduite par Carole DELGA | J73: LUG | K73: OUI | L73: 1 | M73: F | N73: DELGA | O73: Carole | P73: =IFERROR(__xludf.DUMMYFUNCTION("JOIN("" "",N73:O73)"),"DELGA Carole") -> DELGA Carole | Q73: 26164 | R73: Fonctionnaire de catégorie A | S73: DEP | T73: Non
A74: 42318.715 | B74: 76 | C74: Languedoc-Roussillon - Midi-Pyrénées | D74: 34 | E74: Hérault | F74: 4 | G74: 5 | H74: FORCE FRANCE SUD | I74: FORCE FRANCE SUD LA REGION LA FRANCE LA VIE | J74: LEXD | K74: OUI | L74: 1 | M74: M | N74: MARTINEZ | O74: Jean-Claude | P74: =IFERROR(__xludf.DUMMYFUNCTION("JOIN("" "",N74:O74)"),"MARTINEZ Jean-Claude") -> MARTINEZ Jean-Claude | Q74: 16648 | R74: Professeur de faculté | T74: Non
A75: 42318.715 | B75: 76 | C75: Languedoc-Roussillon - Midi-Pyrénées | D75: 30 | E75: Gard | F75: 5 | G75: 13 | H75: LE BIEN COMMUN | I75: Le Bien Commun | J75: LECO | K75: OUI | L75: 1 | M75: M | N75: CAVARD | O75: Christophe | P75: =IFERROR(__xludf.DUMMYFUNCTION("JOIN("" "",N75:O75)"),"CAVARD Christophe") -> CAVARD Christophe | Q75: 25618 | R75: Autre cadre (secteur privé) | S75: DEP | T75: Non
A76: 42318.715 | B76: 76 | C76: Languedoc-Roussillon - Midi-Pyrénées | D76: 34 | E76: Hérault | F76: 6 | G76: 10 | H76: NOUVELLE DONNE | I76: Indignez-vous avec NOUVELLE DONNE | J76: LDVG | K76: OUI | L76: 1 | M76: M | N76: FABRE | O76: Gilles | P76: =IFERROR(__xludf.DUMMYFUNCTION("JOIN("" "",N76:O76)"),"FABRE Gilles") -> FABRE Gilles | Q76: 26256 | R76: Industriel-Chef entreprise | T76: Non
A77: 42318.715 | B77: 76 | C77: Languedoc-Roussillon - Midi-Pyrénées | D77: 30 | E77: Gard | F77: 7 | G77: 6 | H77: UNION POPULAIRE REP | I77: L'UPR, avec François ASSELINEAU - LE PARTI QUI MONTE malgré le silence des médias | J77: LDIV | K77: OUI | L77: 3 | M77: M | N77: HIRIMIRIS | O77: Yvan | P77: =IFERROR(__xludf.DUMMYFUNCTION("JOIN("" "",N77:O77)"),"HIRIMIRIS Yvan") -> HIRIMIRIS Yvan | Q77: 31138 | R77: Ouvrier (secteur privé) | T77: Non
A78: 42318.715 | B78: 76 | C78: Languedoc-Roussillon - Midi-Pyrénées | D78: 34 | E78: Hérault | F78: 8 | G78: 8 | H78: CITOYENS DU MIDI | I78: CITOYENS DU MIDI | J78: LDVG | K78: OUI | L78: 1 | M78: M | N78: SAUREL | O78: Philippe | P78: =IFERROR(__xludf.DUMMYFUNCTION("JOIN("" "",N78:O78)"),"SAUREL Philippe") -> SAUREL Philippe | Q78: 21171 | R78: Dentiste | S78: MAI | T78: Non
A79: 42318.715 | B79: 76 | C79: Languedoc-Roussillon - Midi-Pyrénées | D79: 66 | E79: Pyrénées-Orientales | F79: 9 | G79: 4 | H79: FRONT NATIONAL | I79: LISTE FRONT NATIONAL PRESENTEE PAR MARINE LE PEN | J79: LFN | K79: OUI | L79: 5 | M79: M | N79: ALIOT | O79: Louis | P79: =IFERROR(__xludf.DUMMYFUNCTION("JOIN("" "",N79:O79)"),"ALIOT Louis") -> ALIOT Louis | Q79: 25450 | R79: Avocat | S79: RPE | T79: Non
A80: 42318.715 | B80: 76 | C80: Languedoc-Roussillon - Midi-Pyrénées | D80: 31 | E80: Haute-Garonne | F80: 10 | G80: 7 | H80: NOUVEAU MONDE EN COMMUN | I80: NOUVEAU MONDE EN COMMUN Liste conduite par Gérard ONESTA | J80: LVEG | K80: OUI | L80: 1 | M80: M | N80: ONESTA | O80: Gérard | P80: =IFERROR(__xludf.DUMMYFUNCTION("JOIN("" "",N80:O80)"),"ONESTA Gérard") -> ONESTA Gérard | Q80: 22133 | R80: Architecte | T80: Oui
A81: 42318.715 | B81: 76 | C81: Languedoc-Roussillon - Midi-Pyrénées | D81: 31 | E81: Haute-Garonne | F81: 11 | G81: 3 | H81: DEBOUT LA FRANCE | I81: DEBOUT LA FRANCE AVEC NICOLAS DUPONT AIGNAN | J81: LDLF | K81: OUI | L81: 1 | M81: M | N81: LEMPEREUR | O81: Damien | P81: =IFERROR(__xludf.DUMMYFUNCTION("JOIN("" "",N81:O81)"),"LEMPEREUR Damien") -> LEMPEREUR Damien | Q81: 30509 | R81: Avocat | T81: Non
A82: 42318.715 | B82: 76 | C82: Languedoc-Roussillon - Midi-Pyrénées | D82: 31 | E82: Haute-Garonne | F82: 12 | G82: 2 | H82: LUTTE OUVRIERE | I82: LUTTE OUVRIERE - FAIRE ENTENDRE LE CAMP DES TRAVAILLEURS | J82: LEXG | K82: OUI | L82: 1 | M82: F | N82: TORREMOCHA | O82: Sandra | P82: =IFERROR(__xludf.DUMMYFUNCTION("JOIN("" "",N82:O82)"),"TORREMOCHA Sandra") -> TORREMOCHA Sandra | Q82: 27004 | R82: Professeur du secondaire et techn. | T82: Non
A83: 42318.715 | B83: 32 | C83: Nord-Pas-de-Calais - Picardie | D83: 59 | E83: Nord | F83: 1 | G83: 6 | H83: L'HUMAIN D'ABORD | I83: L'HUMAIN D'ABORD ! liste de rassemblement citoyen pour une gauche combative et écologiste dans notre région, soutenue par le Parti Communiste Français, Ensemble ! NPDC, la Gauche Unitaire, la Coordination Communiste, République et Socialisme, membres du | J83: LCOM | K83: OUI | L83: 1 | M83: M | N83: ROUSSEL | O83: Fabien | P83: =IFERROR(__xludf.DUMMYFUNCTION("JOIN("" "",N83:O83)"),"ROUSSEL Fabien") -> ROUSSEL Fabien | Q83: 25309 | R83: Autre cadre (secteur privé) | T83: Non
A84: 42318.715 | B84: 32 | C84: Nord-Pas-de-Calais - Picardie | D84: 62 | E84: Pas-de-Calais | F84: 2 | G84: 3 | H84: UNE RÉGION FIÈRE | I84: UNE RÉGION FIÈRE ET ENRACINÉE | J84: LFN | K84: OUI | L84: 1 | M84: F | N84: LE PEN | O84: Marine | P84: =IFERROR(__xludf.DUMMYFUNCTION("JOIN("" "",N84:O84)"),"LE PEN Marine") -> LE PEN Marine | Q84: 25055 | R84: Avocat | S84: RPE | T84: Oui
A85: 42318.715 | B85: 32 | C85: Nord-Pas-de-Calais - Picardie | D85: 59 | E85: Nord | F85: 3 | G85: 2 | H85: LUTTE OUVRIÈRE | I85: Lutte ouvrière - Faire entendre le camp des travailleurs | J85: LEXG | K85: OUI | L85: 1 | M85: M | N85: PECQUEUR | O85: Eric | P85: =IFERROR(__xludf.DUMMYFUNCTION("JOIN("" "",N85:O85)"),"PECQUEUR Eric") -> PECQUEUR Eric | Q85: 24322 | R85: Ouvrier (secteur privé) | T85: Non
A86: 42318.715 | B86: 32 | C86: Nord-Pas-de-Calais - Picardie | D86: 62 | E86: Pas-de-Calais | F86: 4 | G86: 5 | H86: UPR | I86: L'UPR avec François ASSELINEAU - LE PARTI QUI MONTE malgré le silence des médias | J86: LDIV | K86: OUI | L86: 1 | M86: M | N86: MASCARO | O86: Eric | P86: =IFERROR(__xludf.DUMMYFUNCTION("JOIN("" "",N86:O86)"),"MASCARO Eric") -> MASCARO Eric | Q86: 24974 | R86: Enseignant 1er deg.-directeur école | T86: Non
A87: 42318.715 | B87: 32 | C87: Nord-Pas-de-Calais - Picardie | D87: 59 | E87: Nord | F87: 5 | G87: 8 | H87: POUR VOUS | I87: Pour vous | J87: LUG | K87: OUI | L87: 1 | M87: M | N87: DE SAINTIGNON | O87: Pierre | P87: =IFERROR(__xludf.DUMMYFUNCTION("JOIN("" "",N87:O87)"),"DE SAINTIGNON Pierre") -> DE SAINTIGNON Pierre | Q87: 17675 | R87: Retraité salarié privé | T87: Oui
A88: 42318.715 | B88: 32 | C88: Nord-Pas-de-Calais - Picardie | D88: 2 | E88: Aisne | F88: 6 | G88: 9 | H88: AVEC XAVIER BERTRAND | I88: Avec Xavier Bertrand notre région au travail | J88: LUD | K88: OUI | L88: 1 | M88: M | N88: BERTRAND | O88: Xavier | P88: =IFERROR(__xludf.DUMMYFUNCTION("JOIN("" "",N88:O88)"),"BERTRAND Xavier") -> BERTRAND Xavier | Q88: 23822 | R88: Agent général d'assurances | S88: DEP | T88: Non
A89: 42318.715 | B89: 32 | C89: Nord-Pas-de-Calais - Picardie | D89: 80 | E89: Somme | F89: 7 | G89: 4 | H89: DEBOUT LA FRANCE | I89: Debout la France avec Nicolas Dupont-Aignan | J89: LDLF | K89: OUI | L89: 3 | M89: M | N89: TANGUY | O89: Jean-Philippe | P89: =IFERROR(__xludf.DUMMYFUNCTION("JOIN("" "",N89:O89)"),"TANGUY Jean-Philippe") -> TANGUY Jean-Philippe | Q89: 31496 | R89: Cadre sup. (entreprises publiques) | T89: Non
A90: 42318.715 | B90: 32 | C90: Nord-Pas-de-Calais - Picardie | D90: 59 | E90: Nord | F90: 8 | G90: 7 | H90: NOUS CITOYENS | I90: NOUS CITOYENS | J90: LDVD | K90: OUI | L90: 1 | M90: M | N90: BLONDEL | O90: Sylvain | P90: =IFERROR(__xludf.DUMMYFUNCTION("JOIN("" "",N90:O90)"),"BLONDEL Sylvain") -> BLONDEL Sylvain | Q90: 29542 | R90: Industriel-Chef entreprise | T90: Non
A91: 42318.715 | B91: 32 | C91: Nord-Pas-de-Calais - Picardie | D91: 59 | E91: Nord | F91: 9 | G91: 10 | H91: LE RASSEMBLEMENT | I91: LE RASSEMBLEMENT ! Choisir une région citoyenne, écologique et solidaire | J91: LVEG | K91: OUI | L91: 2 | M91: F | N91: ROUSSEAU | O91: Sandrine | P91: =IFERROR(__xludf.DUMMYFUNCTION("JOIN("" "",N91:O91)"),"ROUSSEAU Sandrine") -> ROUSSEAU Sandrine | Q91: 26366 | R91: Professeur de faculté | T91: Oui
A92: 42318.715 | B92: 28 | C92: Normandie | D92: 27 | E92: Eure | F92: 1 | G92: 5 | H92: DEBOUT LA FRANCE | I92: DEBOUT LA FRANCE AVEC NICOLAS DUPONT-AIGNAN | J92: LDLF | K92: OUI | L92: 1 | M92: M | N92: CALBRIX | O92: Nicolas | P92: =IFERROR(__xludf.DUMMYFUNCTION("JOIN("" "",N92:O92)"),"CALBRIX Nicolas") -> CALBRIX Nicolas | Q92: 30967 | R92: Autre cadre (secteur privé) | T92: Non
A93: 42318.715 | B93: 28 | C93: Normandie | D93: 50 | E93: Manche | F93: 2 | G93: 10 | H93: NOUVELLE DONNE NORMANDIE | I93: NOUVELLE DONNE NORMANDIE | J93: LDVG | K93: OUI | L93: 1 | M93: F | N93: LECOEUR | O93: Alexandra | P93: =IFERROR(__xludf.DUMMYFUNCTION("JOIN("" "",N93:O93)"),"LECOEUR Alexandra") -> LECOEUR Alexandra | Q93: 26293 | R93: Fonctionnaire de catégorie B | T93: Non
A94: 42318.715 | B94: 28 | C94: Normandie | D94: 61 | E94: Orne | F94: 3 | G94: 4 | H94: EELV | I94: NORMANDIE ECOLOGIE | J94: LVEC | K94: OUI | L94: 1 | M94: M | N94: SOUBIEN | O94: Yanic | P94: =IFERROR(__xludf.DUMMYFUNCTION("JOIN("" "",N94:O94)"),"SOUBIEN Yanic") -> SOUBIEN Yanic | Q94: 21773 | R94: Profession rattachée à l'enseignt. | T94: Oui
A95: 42318.715 | B95: 28 | C95: Normandie | D95: 76 | E95: Seine-Maritime | F95: 4 | G95: 2 | H95: LUTTE OUVRIÈRE | I95: Lutte Ouvrière - Faire entendre le camp des travailleurs | J95: LEXG | K95: OUI | L95: 2 | M95: M | N95: LE MANACH | O95: Pascal | P95: =IFERROR(__xludf.DUMMYFUNCTION("JOIN("" "",N95:O95)"),"LE MANACH Pascal") -> LE MANACH Pascal | Q95: 24361 | R95: Ouvrier (secteur privé) | T95: Non
A96: 42318.715 | B96: 28 | C96: Normandie | D96: 76 | E96: Seine-Maritime | F96: 5 | G96: 9 | H96: LISTE PARTI SOCIALISTE | I96: Au service de tous les Normands | J96: LUG | K96: OUI | L96: 1 | M96: M | N96: MAYER-ROSSIGNOL | O96: Nicolas | P96: =IFERROR(__xludf.DUMMYFUNCTION("JOIN("" "",N96:O96)"),"MAYER-ROSSIGNOL Nicolas") -> MAYER-ROSSIGNOL Nicolas | Q96: 28223 | R96: Ingénieur | S96: PCR | T96: Oui
A97: 42318.715 | B97: 28 | C97: Normandie | D97: 76 | E97: Seine-Maritime | F97: 6 | G97: 3 | H97: BLEU MARINE | I97: NORMANDIE BLEU MARINE | J97: LFN | K97: OUI | L97: 1 | M97: M | N97: BAY | O97: Nicolas | P97: =IFERROR(__xludf.DUMMYFUNCTION("JOIN("" "",N97:O97)"),"BAY Nicolas") -> BAY Nicolas | Q97: 28480 | R97: Autre profession | S97: RPE | T97: Oui
A98: 42318.715 | B98: 28 | C98: Normandie | D98: 76 | E98: Seine-Maritime | F98: 7 | G98: 8 | H98: FRONT DE GAUCHE | I98: Liste du Front de Gauche conduite par Sébastien Jumel soutenue par le PCF - le PG ensemble. "Un vent de colère. Un souffle d'espoir." | J98: LFG | K98: OUI | L98: 1 | M98: M | N98: JUMEL | O98: Sébastien | P98: =IFERROR(__xludf.DUMMYFUNCTION("JOIN("" "",N98:O98)"),"JUMEL Sébastien") -> JUMEL Sébastien | Q98: 26287 | R98: Autre profession | T98: Non
A99: 42318.715 | B99: 28 | C99: Normandie | D99: 27 | E99: Eure | F99: 8 | G99: 7 | H99: UNION DE LA DROITE | I99: LA NORMANDIE CONQUERANTE AVEC HERVÉ MORIN | J99: LUD | K99: OUI | L99: 1 | M99: M | N99: MORIN | O99: Hervé | P99: =IFERROR(__xludf.DUMMYFUNCTION("JOIN("" "",N99:O99)"),"MORIN Hervé") -> MORIN Hervé | Q99: 22510 | R99: Permanent politique | S99: DEP | T99: Non
A100: 42318.715 | B100: 28 | C100: Normandie | D100: 61 | E100: Orne | F100: 9 | G100: 6 | H100: UPR | I100: L'UPR, avec François ASSELINEAU - LE PARTI QUI MONTE malgré le silence des média | J100: LDIV | K100: OUI | L100: 1 | M100: M | N100: LOUTRE | O100: Jean-Christophe | P100: =IFERROR(__xludf.DUMMYFUNCTION("JOIN("" "",N100:O100)"),"LOUTRE Jean-Christophe") -> LOUTRE Jean-Christophe | Q100: 25201 | R100: Autre cadre (secteur privé) | T100: Non
...

Sheet resultats
A1: Libellé de la région | B1: N°Liste | C1: Nuance Liste | D1: Libellé Abrégé Liste | E1: Libellé Etendu Liste | F1: Nom Tête de Liste | G1: Voix
A2: Alsace - Champagne-Ardenne - Lorraine | B2: 1 | C2: LVEC | D2: EUROPE ECOLOGIE LES VERTS | E2: ÉCOLOGISTES, SOLIDAIRES ET CITOYENS | F2: BÉLIER Sandrine | G2: 119091
A3: Alsace - Champagne-Ardenne - Lorraine | B3: 2 | C3: LFG | D3: LFG | E3: Nos vies d'abord ! | F3: PERON Patrick | G3: 57165
A4: Alsace - Champagne-Ardenne - Lorraine | B4: 3 | C4: LDLF | D4: DEBOUT LA FRANCE | E4: DEBOUT LA FRANCE AVEC NICOLAS DUPONT-AIGNAN | F4: JACOBELLI Laurent | G4: 84886
A5: Alsace - Champagne-Ardenne - Lorraine | B5: 4 | C5: LUG | D5: PARTI SOCIALISTE | E5: + FORTE, + PROCHE, NOTRE REGION AVEC JEAN-PIERRE MASSERET | F5: MASSERET Jean-Pierre | G5: 286390
A6: Alsace - Champagne-Ardenne - Lorraine | B6: 5 | C6: LFN | D6: FRONT NATIONAL | E6: LISTE FRONT NATIONAL PRESENTEE PAR MARINE LE PEN | F6: PHILIPPOT Florian | G6: 641234
A7: Alsace - Champagne-Ardenne - Lorraine | B7: 6 | C7: LDIV | D7: UPR | E7: L'UPR, avec FRANÇOIS ASSELINEAU - LE PARTI QUI MONTE malgré le silence des médias | F7: WENTZEL David | G7: 19171
A8: Alsace - Champagne-Ardenne - Lorraine | B8: 7 | C8: LEXG | D8: LUTTE OUVRIERE | E8: Lutte ouvrière - Faire entendre le camp des travailleurs | F8: WOSTYN Julien | G8: 26347
A9: Alsace - Champagne-Ardenne - Lorraine | B9: 8 | C9: LREG | D9: LISTE RÉGIONALISTE | E9: Non à l'ACAL, Oui à nos régions ! | F9: TROUILLET Jean-Georges | G9: 84147
A10: Alsace - Champagne-Ardenne - Lorraine | B10: 9 | C10: LUD | D10: LLR | E10: Unissons nos énergies avec Philippe RICHERT | F10: RICHERT Philippe | G10: 459212
A11: Aquitaine - Limousin - Poitou-Charentes | B11: 1 | C11: LDVG | D11: NOUVELLE DONNE | E11: NOUVELLE DONNE : REPRENEZ LA MAIN ! | F11: PEREIRA Nicolas | G11: 24964
A12: Aquitaine - Limousin - Poitou-Charentes | B12: 2 | C12: LUG | D12: PLUS FORTS, PLUS SOLIDAIR | E12: PLUS FORTS, PLUS SOLIDAIRES, ENSEMBLE | F12: ROUSSET Alain | G12: 628667
A13: Aquitaine - Limousin - Poitou-Charentes | B13: 3 | C13: LUD | D13: GENERATION NOUVELLE REGIO | E13: GENERATION NOUVELLE REGION | F13: CALMELS Virginie | G13: 562500
... A168: Provence-Alpes-Côte d'Azur | B168: 10 | C168: LDVG | D168: NOUVELLE DONNE | E168: POUR UNE NOUVELLE DONNE REGIONALE | F168: JARNY Cyril | G168: 11276

Sheet 1_rapprochement
A1: Libellé de la région | B1: N°Liste | C1: Nuance Liste | D1: Libellé Abrégé Liste | E1: Libellé Etendu Liste | F1: Nom Tête de Liste | G1: sexe | H1: Voix
A2: Alsace - Champagne-Ardenne - Lorraine | B2: 1 | C2: LVEC | D2: EUROPE ECOLOGIE LES VERTS | E2: ÉCOLOGISTES, SOLIDAIRES ET CITOYENS | F2: BÉLIER Sandrine | G2: =IFERROR(__xludf.DUMMYFUNCTION("FILTER(candidats!M:M,candidats!P:P=F2)"),"F") -> F | H2: 119091
A3: Alsace - Champagne-Ardenne - Lorraine | B3: 2 | C3: LFG | D3: LFG | E3: Nos vies d'abord ! | F3: PERON Patrick | G3: =IFERROR(__xludf.DUMMYFUNCTION("FILTER(candidats!M:M,candidats!P:P=F3)"),"M") -> M
A4: Alsace - Champagne-Ardenne - Lorraine | B4: 3 | C4: LDLF | D4: DEBOUT LA FRANCE | E4: DEBOUT LA FRANCE AVEC NICOLAS DUPONT-AIGNAN | F4: JACOBELLI Laurent | G4: =IFERROR(__xludf.DUMMYFUNCTION("FILTER(candidats!M:M,candidats!P:P=F4)"),"M") -> M | H4: 84886
A5: Alsace - Champagne-Ardenne - Lorraine | B5: 4 | C5: LUG | D5: PARTI SOCIALISTE | E5: + FORTE, + PROCHE, NOTRE REGION AVEC JEAN-PIERRE MASSERET | F5: MASSERET Jean-Pierre | G5: =IFERROR(__xludf.DUMMYFUNCTION("FILTER(candidats!M:M,candidats!P:P=F5)"),"M") -> M | H5: 286390
A6: Alsace - Champagne-Ardenne - Lorraine | B6: 5 | C6: LFN | D6: FRONT NATIONAL | E6: LISTE FRONT NATIONAL PRESENTEE PAR MARINE LE PEN | F6: PHILIPPOT Florian | G6: =IFERROR(__xludf.DUMMYFUNCTION("FILTER(candidats!M:M,candidats!P:P=F6)"),"M") -> M | H6: 641234
A7: Alsace - Champagne-Ardenne - Lorraine | B7: 6 | C7: LDIV | D7: UPR | E7: L'UPR, avec FRANÇOIS ASSELINEAU - LE PARTI QUI MONTE malgré le silence des médias | F7: WENTZEL David | G7: =IFERROR(__xludf.DUMMYFUNCTION("FILTER(candidats!M:M,candidats!P:P=F7)"),"M") -> M | H7: 19171
A8: Alsace - Champagne-Ardenne - Lorraine | B8: 7 | C8: LEXG | D8: LUTTE OUVRIERE | E8: Lutte ouvrière - Faire entendre le camp des travailleurs | F8: WOSTYN Julien | G8: =IFERROR(__xludf.DUMMYFUNCTION("FILTER(candidats!M:M,candidats!P:P=F8)"),"M") -> M | H8: 26347
A9: Alsace - Champagne-Ardenne - Lorraine | B9: 8 | C9: LREG | D9: LISTE RÉGIONALISTE | E9: Non à l'ACAL, Oui à nos régions ! | F9: TROUILLET Jean-Georges | G9: =IFERROR(__xludf.DUMMYFUNCTION("FILTER(candidats!M:M,candidats!P:P=F9)"),"M") -> M | H9: 84147
A10: Alsace - Champagne-Ardenne - Lorraine | B10: 9 | C10: LUD | D10: LLR | E10: Unissons nos énergies avec Philippe RICHERT | F10: RICHERT Philippe | G10: =IFERROR(__xludf.DUMMYFUNCTION("FILTER(candidats!M:M,candidats!P:P=F10)"),"M") -> M | H10: 459212
A11: Aquitaine - Limousin - Poitou-Charentes | B11: 1 | C11: LDVG | D11: NOUVELLE DONNE | E11: NOUVELLE DONNE : REPRENEZ LA MAIN ! | F11: PEREIRA Nicolas | G11: =IFERROR(__xludf.DUMMYFUNCTION("FILTER(candidats!M:M,candidats!P:P=F11)"),"M") -> M | H11: 24964
A12: Aquitaine - Limousin - Poitou-Charentes | B12: 2 | C12: LUG | D12: PLUS FORTS, PLUS SOLIDAIR | E12: PLUS FORTS, PLUS SOLIDAIRES, ENSEMBLE | F12: ROUSSET Alain | G12: =IFERROR(__xludf.DUMMYFUNCTION("FILTER(candidats!M:M,candidats!P:P=F12)"),"M") -> M | H12: 628667
A13: Aquitaine - Limousin - Poitou-Charentes | B13: 3 | C13: LUD | D13: GENERATION NOUVELLE REGIO | E13: GENERATION NOUVELLE REGION | F13: CALMELS Virginie | G13: =IFERROR(__xludf.DUMMYFUNCTION("FILTER(candidats!M:M,candidats!P:P=F13)"),"F") -> F | H13: 562500
A14: Aquitaine - Limousin - Poitou-Charentes | B14: 4 | C14: LFG | D14: L'HUMAIN D'ABORD ! | E14: L'HUMAIN D'ABORD ! | F14: DARTIGOLLES Olivier | G14: =IFERROR(__xludf.DUMMYFUNCTION("FILTER(candidats!M:M,candidats!P:P=F14)"),"M") -> M | H14: 100380
A15: Aquitaine - Limousin - Poitou-Charentes | B15: 5 | C15: LDIV | D15: L'UPR | E15: L'UPR AVEC FRANCOIS ASSELINEAU - LE PARTI QUI MONTE MALGRE LE SILENCE DES MEDIAS | F15: DOUET William | G15: =IFERROR(__xludf.DUMMYFUNCTION("FILTER(candidats!M:M,candidats!P:P=F15)"),"M") -> M | H15: 19050
A16: Aquitaine - Limousin - Poitou-Charentes | B16: 6 | C16: LDVG | D16: FAISONS ENSEMBLE | E16: FAISONS ENSEMBLE | F16: BOUSSION Joseph | G16: =IFERROR(__xludf.DUMMYFUNCTION("FILTER(candidats!M:M,candidats!P:P=F16)"),"M") -> M | H16: 38315
A17: Aquitaine - Limousin - Poitou-Charentes | B17: 7 | C17: LVEC | D17: OSONS MIEUX | E17: OSONS MIEUX AVEC FRANÇOISE COUTANT - LISTE ECOLOGISTE ET CITOYENNE | F17: COUTANT Françoise | G17: =IFERROR(__xludf.DUMMYFUNCTION("FILTER(candidats!M:M,candidats!P:P=F17)"),"F") -> F | H17: 115782
A18: Aquitaine - Limousin - Poitou-Charentes | B18: 8 | C18: LFN | D18: LISTE FRONT NATIONAL | E18: LISTE FRONT NATIONAL PRESENTEE PAR MARINE LE PEN | F18: COLOMBIER Jacques | G18: =IFERROR(__xludf.DUMMYFUNCTION("FILTER(candidats!M:M,candidats!P:P=F18)"),"M") -> M | H18: 480621
A19: Aquitaine - Limousin - Poitou-Charentes | B19: 9 | C19: LDLF | D19: DEBOUT LA FRANCE | E19: DEBOUT LA FRANCE AVEC NICOLAS DUPONT AIGNAN | F19: SETZE Yvon | G19: =IFERROR(__xludf.DUMMYFUNCTION("FILTER(candidats!M:M,candidats!P:P=F19)"),"M") -> M | H19: 69276
A20: Aquitaine - Limousin - Poitou-Charentes | B20: 10 | C20: LEXG | D20: LUTTE OUVRIERE | E20: LUTTE OUVRIERE - FAIRE ENTENDRE LE CAMP DES TRAVAILLEURS | F20: PERCHET Guillaume | G20: =IFERROR(__xludf.DUMMYFUNCTION("FILTER(candidats!M:M,candidats!P:P=F20)"),"M") -> M | H20: 29206
A21: Auvergne - Rhône-Alpes | B21: 1 | C21: LDIV | D21: L'UPR, AVEC FRANÇOIS ASSE | E21: L'UPR, avec François ASSELINEAU - LE PARTI QUI MONTE malgré le silence des médias | F21: FÉDÈLE Alain | G21: =IFERROR(__xludf.DUMMYFUNCTION("FILTER(candidats!M:M,candidats!P:P=F21)"),"M") -> M | H21: 21723
A22: Auvergne - Rhône-Alpes | B22: 2 | C22: LDVD | D22: 100% CITOYEN | E22: 100% CITOYEN | F22: LAFOND Eric | G22: =IFERROR(__xludf.DUMMYFUNCTION("FILTER(candidats!M:M,candidats!P:P=F22)"),"M") -> M | H22: 39187
A23: Auvergne - Rhône-Alpes | B23: 3 | C23: LFN | D23: LISTE FRONT NATIONAL PRÉS | E23: Liste Front National présentée par Marine LE PEN | F23: BOUDOT Christophe | G23: =IFERROR(__xludf.DUMMYFUNCTION("FILTER(candidats!M:M,candidats!P:P=F23)"),"M") -> M | H23: 639923
A24: Auvergne - Rhône-Alpes | B24: 4 | C24: LCOM | D24: L'HUMAIN D'ABORD, AVEC LA | E24: L'Humain d'abord, avec la gauche républicaine et sociale | F24: CUKIERMAN Cécile | G24: =IFERROR(__xludf.DUMMYFUNCTION("FILTER(candidats!M:M,candidats!P:P=F24)"),"F") -> F | H24: 135274
A25: Auvergne - Rhône-Alpes | B25: 5 | C25: LEXG | D25: LUTTE OUVRIERE - FAIRE EN | E25: Lutte ouvrière - Faire entendre le camp des travailleurs | F25: GOMEZ Chantal | G25: =IFERROR(__xludf.DUMMYFUNCTION("FILTER(candidats!M:M,candidats!P:P=F25)"),"F") -> F | H25: 31359
A26: Auvergne - Rhône-Alpes | B26: 6 | C26: LUD | D26: WAUQUIEZ 2015, UN NOUVEAU | E26: WAUQUIEZ 2015, un nouveau souffle pour notre région LE GRAND RASSEMBLEMENT de la DROITE et du CENTRE | F26: WAUQUIEZ Laurent | G26: =IFERROR(__xludf.DUMMYFUNCTION("FILTER(candidats!M:M,candidats!P:P=F26)"),"M") -> M | H26: 795661
A27: Auvergne - Rhône-Alpes | B27: 8 | C27: LVEG | D27: LE RASSEMBLEMENT CITOYEN, | E27: LE RASSEMBLEMENT CITOYEN, ECOLOGIQUE ET SOLIDAIRE | F27: KOHLHAAS Jean-Charles | G27: =IFERROR(__xludf.DUMMYFUNCTION("FILTER(candidats!M:M,candidats!P:P=F27)"),"M") -> M | H27: 173038
A28: Auvergne - Rhône-Alpes | B28: 9 | C28: LDLF | D28: DEBOUT LA FRANCE AVEC NIC | E28: DEBOUT LA FRANCE AVEC NICOLAS DUPONT-AIGNAN | F28: RAMBAUD Gerbert | G28: =IFERROR(__xludf.DUMMYFUNCTION("FILTER(candidats!M:M,candidats!P:P=F28)"),"M") -> M | H28: 71538
A29: Auvergne - Rhône-Alpes | B29: 10 | C29: LUG | D29: NOUS, C'EST LA RÉGION | E29: NOUS, C'EST LA RÉGION | F29: QUEYRANNE Jean-Jack | G29: =IFERROR(__xludf.DUMMYFUNCTION("FILTER(candidats!M:M,candidats!P:P=F29)"),"M") -> M | H29: 600112
A30: Bourgogne - Franche-Comté | B30: 1 | C30: LFN | D30: FRONT NATIONAL | E30: LISTE FRONT NATIONAL PRÉSENTÉE PAR MARINE LE PEN | F30: MONTEL Sophie | G30: =IFERROR(__xludf.DUMMYFUNCTION("FILTER(candidats!M:M,candidats!P:P=F30)"),"F") -> F | H30: 303143
A31: Bourgogne - Franche-Comté | B31: 2 | C31: LDIV | D31: UPR | E31: L'UPR avec François ASSELINEAU - LE PARTI QUI MONTE malgré le silence des médias | F31: GALLOIS Charles-Henri | G31: =IFERROR(__xludf.DUMMYFUNCTION("FILTER(candidats!M:M,candidats!P:P=F31)"),"M") -> M | H31: 8835
A32: Bourgogne - Franche-Comté | B32: 3 | C32: LUD | D32: REGION GRAND | E32: LA REGION EN GRAND | F32: SAUVADET François | G32: =IFERROR(__xludf.DUMMYFUNCTION("FILTER(candidats!M:M,candidats!P:P=F32)"),"M") -> M | H32: 231069
A33: Bourgogne - Franche-Comté | B33: 4 | C33: LECO | D33: AEI BFC | E33: ALLIANCE ECOLOGISTE INDEPENDANTE DE BOURGOGNE ET FRANCHE-COMTE | F33: GONZALEZ Julien | G33: =IFERROR(__xludf.DUMMYFUNCTION("FILTER(candidats!M:M,candidats!P:P=F33)"),"M") -> M | H33: 20616
A34: Bourgogne - Franche-Comté | B34: 5 | C34: LVEC | D34: ÉCOLOGISTES BFC | E34: LES ÉCOLOGISTES DE BOURGOGNE FRANCHE-COMTÉ | F34: PRUDHOMME Cécile | G34: =IFERROR(__xludf.DUMMYFUNCTION("FILTER(candidats!M:M,candidats!P:P=F34)"),"F") -> F | H34: 37707
A35: Bourgogne - Franche-Comté | B35: 6 | C35: LFG | D35: ALTERNATIVE GAUCHE | E35: L'ALTERNATIVE À GAUCHE | F35: VERMOREL Nathalie | G35: =IFERROR(__xludf.DUMMYFUNCTION("FILTER(candidats!M:M,candidats!P:P=F35)"),"F") -> F | H35: 44471
A36: Bourgogne - Franche-Comté | B36: 7 | C36: LEXG | D36: LUTTE OUVRIERE | E36: LUTTE OUVRIERE - FAIRE ENTENDRE LE CAMP DES TRAVAILLEURS | F36: ROCHER Claire | G36: =IFERROR(__xludf.DUMMYFUNCTION("FILTER(candidats!M:M,candidats!P:P=F36)"),"F") -> F | H36: 14518
A37: Bourgogne - Franche-Comté | B37: 8 | C37: LDLF | D37: DEBOUT LA FRANCE | E37: DEBOUT LA FRANCE AVEC NICOLAS DUPONT-AIGNAN | F37: THIÉBAUT Maxime | G37: =IFERROR(__xludf.DUMMYFUNCTION("FILTER(candidats!M:M,candidats!P:P=F37)"),"M") -> M | H37: 49802
A38: Bourgogne - Franche-Comté | B38: 9 | C38: LMDM | D38: 3 MILLIONS GRUDLER | E38: 3 Millions de raisons avec Christophe GRUDLER | F38: GRUDLER Christophe | G38: =IFERROR(__xludf.DUMMYFUNCTION("FILTER(candidats!M:M,candidats!P:P=F38)"),"M") -> M | H38: 31431
A39: Bourgogne - Franche-Comté | B39: 10 | C39: LUG | D39: REGION AVANCE | E39: NOTRE REGION D'AVANCE | F39: DUFAY Marie-Guite | G39: =IFERROR(__xludf.DUMMYFUNCTION("FILTER(candidats!M:M,candidats!P:P=F39)"),"F") -> F | H39: 221376
A40: Bretagne | B40: 1 | C40: LEXG | D40: BRETAGNE EN LUTTES | E40: BRETAGNE EN LUTTES BREIZH O STOURM | F40: ROBLIN Gael | G40: =IFERROR(__xludf.DUMMYFUNCTION("FILTER(candidats!M:M,candidats!P:P=F40)"),"M") -> M | H40: 7465
A41: Bretagne | B41: 2 | C41: LUG | D41: AVEC J.Y. LE DRIAN | E41: POUR LA BRETAGNE AVEC JEAN-YVES LE DRIAN | F41: LE DRIAN Jean-Yves | G41: =IFERROR(__xludf.DUMMYFUNCTION("FILTER(candidats!M:M,candidats!P:P=F41)"),"M") -> M | H41: 419846
A42: Bretagne | B42: 3 | C42: LREG | D42: NOTRE CHANCE INDEPENDANCE | E42: NOTRE CHANCE, L'INDEPENDANCE | F42: DELÉON Bertrand | G42: =IFERROR(__xludf.DUMMYFUNCTION("FILTER(candidats!M:M,candidats!P:P=F42)"),"M") -> M | H42: 6521
A43: Bretagne | B43: 4 | C43: LREG | D43: OUI LA BRETAGNE | E43: OUI LA BRETAGNE | F43: TROADEC Christian | G43: =IFERROR(__xludf.DUMMYFUNCTION("FILTER(candidats!M:M,candidats!P:P=F43)"),"M") -> M | H43: 80727
A44: Bretagne | B44: 5 | C44: LDIV | D44: L'UPR | E44: L'UPR, avec François ASSELINEAU LE PARTI QUI MONTE malgré le silence des médias | F44: GOURVENEC Jean-François | G44: =IFERROR(__xludf.DUMMYFUNCTION("FILTER(candidats!M:M,candidats!P:P=F44)"),"M") -> M | H44: 10412
A45: Bretagne | B45: 6 | C45: LDLF | D45: DEBOUT LA FRANCE | E45: Debout la France avec Nicolas Dupont-Aignan | F45: FOUCHER Jean-Jacques | G45: =IFERROR(__xludf.DUMMYFUNCTION("FILTER(candidats!M:M,candidats!P:P=F45)"),"M") -> M | H45: 34926
A46: Bretagne | B46: 7 | C46: LFN | D46: FRONT NATIONAL | E46: LISTE FRONT NATIONAL PRESENTEE PAR MARINE LE PEN | F46: PENNELLE Gilles | G46: =IFERROR(__xludf.DUMMYFUNCTION("FILTER(candidats!M:M,candidats!P:P=F46)"),"M") -> M | H46: 218474
A47: Bretagne | B47: 8 | C47: LUD | D47: LES REPUBLICAINS | E47: LE CHOIX DE LA BRETAGNE | F47: LE FUR Marc | G47: =IFERROR(__xludf.DUMMYFUNCTION("FILTER(candidats!M:M,candidats!P:P=F47)"),"M") -> M | H47: 282006
A48: Bretagne | B48: 9 | C48: LVEC | D48: UNE AUTRE VOIE | E48: UNE AUTRE VOIE POUR LA BRETAGNE | F48: LOUAIL René | G48: =IFERROR(__xludf.DUMMYFUNCTION("FILTER(candidats!M:M,candidats!P:P=F48)"),"M") -> M | H48: 80516
A49: Bretagne | B49: 10 | C49: LFG | D49: L'HUMAIN D'ABORD | E49: pour une bretagne sociale et écologique: l'humain d'abord | F49: COMPAIN Xavier | G49: =IFERROR(__xludf.DUMMYFUNCTION("FILTER(candidats!M:M,candidats!P:P=F49)"),"M") -> M | H49: 44938
A50: Bretagne | B50: 11 | C50: LEXG | D50: LUTTE OUVRIERE | E50: LUTTE OUVRIERE - FAIRE ENTENDRE LE CAMP DES TRAVAILLEURS | F50: HAMON Valérie | G50: =IFERROR(__xludf.DUMMYFUNCTION("FILTER(candidats!M:M,candidats!P:P=F50)"),"F") -> F | H50: 16445
A51: Centre-Val de Loire | B51: 1 | C51: LFN | D51: LISTE FRONT NATIONAL | E51: LISTE FRONT NATIONAL PRESENTEE PAR MARINE LE PEN | F51: LOISEAU Philippe | G51: =IFERROR(__xludf.DUMMYFUNCTION("FILTER(candidats!M:M,candidats!P:P=F51)"),"M") -> M | H51: 262156
A52: Centre-Val de Loire | B52: 2 | C52: LDIV | D52: L'UPR | E52: L'UPR, avec François ASSELINEAU - LE PARTI QUI MONTE malgré le silence des médias | F52: FOUQUIAU Thierry | G52: =IFERROR(__xludf.DUMMYFUNCTION("FILTER(candidats!M:M,candidats!P:P=F52)"),"M") -> M | H52: 12759
A53: Centre-Val de Loire | B53: 3 | C53: LEXG | D53: LUTTE OUVRIERE | E53: LUTTE OUVRIERE - Faire entendre le camp des travailleurs | F53: MEGDOUD Farida | G53: =IFERROR(__xludf.DUMMYFUNCTION("FILTER(candidats!M:M,candidats!P:P=F53)"),"F") -> F | H53: 14612
A54: Centre-Val de Loire | B54: 4 | C54: LDLF | D54: DEBOUT LA FRANCE | E54: DEBOUT LA FRANCE AVEC NICOLAS DUPONT-AIGNAN | F54: PENLOUP Alix | G54: =IFERROR(__xludf.DUMMYFUNCTION("FILTER(candidats!M:M,candidats!P:P=F54)"),"F") -> F | H54: 39422
A55: Centre-Val de Loire | B55: 5 | C55: LUD | D55: CENTRE RENAISSANCE | E55: Centre - Val de Loire, la Renaissance ! | F55: VIGIER Philippe | G55: =IFERROR(__xludf.DUMMYFUNCTION("FILTER(candidats!M:M,candidats!P:P=F55)"),"M") -> M | H55: 225777
A56: Centre-Val de Loire | B56: 6 | C56: LVEC | D56: ECOLOGISTES | E56: ECOLOGISTES, CITOYENS ET SOLIDAIRES | F56: FOURNIER Charles | G56: =IFERROR(__xludf.DUMMYFUNCTION("FILTER(candidats!M:M,candidats!P:P=F56)"),"M") -> M | H56: 56754
A57: Centre-Val de Loire | B57: 7 | C57: LUG | D57: A FOND MA RÉGION | E57: A FOND MA REGION AVEC FRANCOIS BONNEAU | F57: BONNEAU François | G57: =IFERROR(__xludf.DUMMYFUNCTION("FILTER(candidats!M:M,candidats!P:P=F57)"),"M") -> M | H57: 209024
A58: Centre-Val de Loire | B58: 8 | C58: LCOM | D58: HUMAIN AU CENTRE | E58: Rassembler avec l'Humain au Centre - Val de Loire | F58: SANSU Nicolas | G58: =IFERROR(__xludf.DUMMYFUNCTION("FILTER(candidats!M:M,candidats!P:P=F58)"),"M") -> M | H58: 39453
A59: Corse | B59: 2 | C59: LREG | D59: FEMU A CORSICA | E59: FEMU A CORSICA SIMEONI ANGELINI | F59: SIMEONI Gilles | G59: =IFERROR(__xludf.DUMMYFUNCTION("FILTER(candidats!M:M,candidats!P:P=F59)"),"M") -> M | H59: 23603
A60: Corse | B60: 3 | C60: LDVD | D60: RASSEMBLER POUR LA CORSE | E60: RASSEMBLER POUR LA CORSE / UNITI PER A CORSICA | F60: DE ROCCA SERRA Camille | G60: =IFERROR(__xludf.DUMMYFUNCTION("FILTER(candidats!M:M,candidats!P:P=F60)"),"M") -> M | H60: 17018
A61: Corse | B61: 4 | C61: LRDG | D61: LA GARANTIE REPUBLICAINE | E61: LA GARANTIE REPUBLICAINE | F61: ZUCCARELLI Jean | G61: =IFERROR(__xludf.DUMMYFUNCTION("FILTER(candidats!M:M,candidats!P:P=F61)"),"M") -> M | H61: 4227
A62: Corse | B62: 5 | C62: LSOC | D62: LA CORSE QUI OSE | E62: La Corse qui ose - Corsic'Ardita | F62: DE GENTILI Emmanuelle | G62: =IFERROR(__xludf.DUMMYFUNCTION("FILTER(candidats!M:M,candidats!P:P=F62)"),"F") -> F | H62: 4353
A63: Corse | B63: 6 | C63: LDVG | D63: PRIMA A CORSICA | E63: PRIMA A CORSICA | F63: GIACOBBI Paul | G63: =IFERROR(__xludf.DUMMYFUNCTION("FILTER(candidats!M:M,candidats!P:P=F63)"),"M") -> M | H63: 24686
A64: Corse | B64: 7 | C64: LREG | D64: RINNOVU | E64: RINNOVU | F64: BENEDETTI Paul-Félix | G64: =IFERROR(__xludf.DUMMYFUNCTION("FILTER(candidats!M:M,candidats!P:P=F64)"),"M") -> M | H64: 3451
A65: Corse | B65: 9 | C65: LREG | D65: CORSICA LIBERA | E65: CORSICA LIBERA | F65: TALAMONI Jean-Guy | G65: =IFERROR(__xludf.DUMMYFUNCTION("FILTER(candidats!M:M,candidats!P:P=F65)"),"M") -> M | H65: 10353
A66: Corse | B66: 10 | C66: LFG | D66: A CORSICA IN CUMUNU | E66: A CORSICA IN CUMUNU - PCF - FRONT DE GAUCHE | F66: BUCCHINI Dominique | G66: =IFERROR(__xludf.DUMMYFUNCTION("FILTER(candidats!M:M,candidats!P:P=F66)"),"M") -> M | H66: 7448
A67: Corse | B67: 11 | C67: LLR | D67: JOSE ROSSI 2015 | E67: JOSE ROSSI 2015 | F67: ROSSI José | G67: =IFERROR(__xludf.DUMMYFUNCTION("FILTER(candidats!M:M,candidats!P:P=F67)"),"M") -> M | H67: 17642
A68: Corse | B68: 12 | C68: LDVG | D68: LISTE ORSUCCI - PIERI | E68: LISTE ORSUCCI - PIERI / LA CORSE A COEUR | F68: ORSUCCI Jean-Charles | G68: =IFERROR(__xludf.DUMMYFUNCTION("FILTER(candidats!M:M,candidats!P:P=F68)"),"M") -> M | H68: 5532
A69: Corse | B69: 13 | C69: LDLF | D69: DEBOUT LA FRANCE | E69: DEBOUT LA FRANCE | F69: SANTONI Hyacinthe | G69: =IFERROR(__xludf.DUMMYFUNCTION("FILTER(candidats!M:M,candidats!P:P=F69)"),"M") -> M | H69: 1500
A70: Guadeloupe | B70: 1 | C70: LDVG | D70: ALTERNATIVE POPULAIRE | E70: ALTERNATIVE POPULAIRE ET CITOYENNE | F70: PLAISIR Alain | G70: =IFERROR(__xludf.DUMMYFUNCTION("FILTER(candidats!M:M,candidats!P:P=F70)"),"M") -> M | H70: 2603
A71: Guadeloupe | B71: 2 | C71: LLR | D71: GUADELOUPE SOLIDAIRE | E71: GUADELOUPE SOLIDAIRE | F71: BERNIER Laurent | G71: =IFERROR(__xludf.DUMMYFUNCTION("FILTER(candidats!M:M,candidats!P:P=F71)"),"M") -> M | H71: 6312
A72: Guadeloupe | B72: 3 | C72: LREG | D72: NOUVELLE ALLIANCE | E72: NOUVELLE ALLIANCE POUR LA GUADELOUPE | F72: MYRE Marie-Christine | G72: =IFERROR(__xludf.DUMMYFUNCTION("FILTER(candidats!M:M,candidats!P:P=F72)"),"F") -> F | H72: 697
A73: Guadeloupe | B73: 4 | C73: LFN | D73: GUADELOUPE BLEU MARINE | E73: LISTE FRONT NATIONAL PRESENTEE PAR MARINE LE PEN - GUADELOUPE BLEU MARINE | F73: VIENNET Stephan | G73: =IFERROR(__xludf.DUMMYFUNCTION("FILTER(candidats!M:M,candidats!P:P=F73)"),"M") -> M | H73: 1973
A74: Guadeloupe | B74: 5 | C74: LSOC | D74: LA GUADELOUPE TOUJOURS | E74: LA GUADELOUPE - TOUJOURS MIEUX | F74: LUREL Victorin | G74: =IFERROR(__xludf.DUMMYFUNCTION("FILTER(candidats!M:M,candidats!P:P=F74)"),"M") -> M | H74: 57717
A75: Guadeloupe | B75: 6 | C75: LDVD | D75: NOFWAP | E75: NOFWAP LA GUADELOUPE EN ACTION VERITE ET JUSTICE SOCIALE | F75: YOYOTTE Henri | G75: =IFERROR(__xludf.DUMMYFUNCTION("FILTER(candidats!M:M,candidats!P:P=F75)"),"M") -> M | H75: 2220
A76: Guadeloupe | B76: 7 | C76: LCOM | D76: POU BA GWADLOUP ON DÔT | E76: POU BA GWADLOUP ON DÔT DIREKSION, ON DÔT BALAN | F76: CADOCE Mona | G76: =IFERROR(__xludf.DUMMYFUNCTION("FILTER(candidats!M:M,candidats!P:P=F76)"),"F") -> F | H76: 1297
A77: Guadeloupe | B77: 8 | C77: LDVG | D77: CHANGEZ D'AVENIR | E77: CHANGEZ D'AVENIR | F77: CHALUS Ary | G77: =IFERROR(__xludf.DUMMYFUNCTION("FILTER(candidats!M:M,candidats!P:P=F77)"),"M") -> M | H77: 61173
A78: Guadeloupe | B78: 9 | C78: LDVD | D78: OUI A LA GUADELOUPE | E78: OUI A LA GUADELOUPE | F78: SEYMOUR Mélina | G78: =IFERROR(__xludf.DUMMYFUNCTION("FILTER(candidats!M:M,candidats!P:P=F78)"),"F") -> F | H78: 4470
A79: Guadeloupe | B79: 10 | C79: LEXG | D79: COMBAT OUVRIER | E79: COMBAT OUVRIER | F79: NOMERTIN Jean-Marie | G79: =IFERROR(__xludf.DUMMYFUNCTION("FILTER(candidats!M:M,candidats!P:P=F79)"),"M") -> M | H79: 1992
A80: Guyane | B80: 1 | C80: LLR | D80: LFPBG | E80: La force pour bâtir la Guyane | F80: BUDOC Rémy Louis | G80: =IFERROR(__xludf.DUMMYFUNCTION("FILTER(candidats!M:M,candidats!P:P=F80)"),"M") -> M | H80: 1114
A81: Guyane | B81: 2 | C81: LDVG | D81: GTF | E81: Guyane, de toutes nos forces ! | F81: LÉTARD Line | G81: =IFERROR(__xludf.DUMMYFUNCTION("FILTER(candidats!M:M,candidats!P:P=""LETARD Line"")"),"F") -> F | H81: 2565
A82: Guyane | B82: 3 | C82: LDVG | D82: TD | E82: Un territoire, une collectivité, un destin | F82: ALEXANDRE Rodolphe | G82: =IFERROR(__xludf.DUMMYFUNCTION("FILTER(candidats!M:M,candidats!P:P=F82)"),"M") -> M | H82: 15298
A83: Guyane | B83: 4 | C83: LDVD | D83: LUG | E83: l'union Guyane | F83: ICARE NOUREL Muriel | G83: =IFERROR(__xludf.DUMMYFUNCTION("FILTER(candidats!M:M,candidats!P:P=F83)"),"F") -> F | H83: 573
A84: Guyane | B84: 5 | C84: LREG | D84: NVIS | E84: Pour une NOUVELLE VISION de la Guyane française : un STATUT ambitieu et cohérent | F84: LÉTARD Sylvio | G84: =IFERROR(__xludf.DUMMYFUNCTION("FILTER(candidats!M:M,candidats!P:P=""LETARD Sylvio"")"),"M") -> M | H84: 174
A85: Guyane | B85: 6 | C85: LDVG | D85: CLG | E85: Cultiver la Guyane | F85: BERTHELOT Chantal | G85: =IFERROR(__xludf.DUMMYFUNCTION("FILTER(candidats!M:M,candidats!P:P=F85)"),"F") -> F | H85: 3067
A86: Guyane | B86: 7 | C86: LDVG | D86: PGA | E86: Pour une Guyane audacieuse | F86: TIEN-LIONG Alain | G86: =IFERROR(__xludf.DUMMYFUNCTION("FILTER(candidats!M:M,candidats!P:P=F86)"),"M") -> M | H86: 10926
A87: Guyane | B87: 8 | C87: LDVG | D87: LGP | E87: La Guyane en prospective | F87: TAUBIRA Jean-Marie | G87: =IFERROR(__xludf.DUMMYFUNCTION("FILTER(candidats!M:M,candidats!P:P=F87)"),"M") -> M | H87: 349
A88: Guyane | B88: 9 | C88: LREG | D88: NSG | E88: NOUS SOMMES GUYANE | F88: CANAVY Fabien | G88: =IFERROR(__xludf.DUMMYFUNCTION("FILTER(candidats!M:M,candidats!P:P=F88)"),"M") -> M | H88: 2064
A89: Île-de-France | B89: 1 | C89: LFG | D89: NOS VIES D'ABORD ! | E89: NOS VIES D'ABORD ! égalité écologie dignité citoyenneté Pierre LAURENT Eric COQUEREL Clémentine AUTAIN | F89: LAURENT Pierre | G89: =IFERROR(__xludf.DUMMYFUNCTION("FILTER(candidats!M:M,candidats!P:P=F89)"),"M") -> M | H89: 208943
A90: Île-de-France | B90: 2 | C90: LUG | D90: LISTE CLAUDE BARTOLONE | E90: Avec Claude Bartolone, une Ile-de-France humaine | F90: BARTOLONE Claude | G90: =IFERROR(__xludf.DUMMYFUNCTION("FILTER(candidats!M:M,candidats!P:P=F90)"),"M") -> M | H90: 794322
A91: Île-de-France | B91: 3 | C91: LDIV | D91: UPR FRANCOIS ASSELINEAU | E91: l'UPR avec François ASSELINEAU, le parti qui monte malgré le silence des médias | F91: ASSELINEAU François | G91: =IFERROR(__xludf.DUMMYFUNCTION("FILTER(candidats!M:M,candidats!P:P=F91)"),"M") -> M | H91: 29755
A92: Île-de-France | B92: 4 | C92: LVEC | D92: CHANGEONS D'AIR | E92: CHANGEONS D'AIR, LE RASSEMBLEMENT ECOLOGISTE ET CITOYEN | F92: COSSE Emmanuelle | G92: =IFERROR(__xludf.DUMMYFUNCTION("FILTER(candidats!M:M,candidats!P:P=F92)"),"F") -> F | H92: 253153
A93: Île-de-France | B93: 5 | C93: LDIV | D93: LISTE D'UNION CITOYENNE | E93: LISTE D'UNION CITOYENNE | F93: HORSFALL Dawari | G93: =IFERROR(__xludf.DUMMYFUNCTION("FILTER(candidats!M:M,candidats!P:P=F93)"),"M") -> M | H93: 7096
A94: Île-de-France | B94: 6 | C94: LDVD | D94: NOUS CITOYENS | E94: NOUS CITOYENS POUR L'ILE DE FRANCE | F94: SACHS Valerie | G94: =IFERROR(__xludf.DUMMYFUNCTION("FILTER(candidats!M:M,candidats!P:P=""SACHS Valerie"")"),"F") -> F | H94: 19981
A95: Île-de-France | B95: 7 | C95: LDIV | D95: LISTE FLUO | E95: F.L.U.O. (Fédération Libertaire Unitaire Ouverte) | F95: DE SMET Sylvain | G95: =IFERROR(__xludf.DUMMYFUNCTION("FILTER(candidats!M:M,candidats!P:P=F95)"),"M") -> M | H95: 9547
A96: Île-de-France | B96: 8 | C96: LDIV | D96: UDMF | E96: Union des Démocrates Musulmans Français | F96: BOURCHADA Nizarr | G96: =IFERROR(__xludf.DUMMYFUNCTION("FILTER(candidats!M:M,candidats!P:P=F96)"),"M") -> M | H96: 12528
A97: Île-de-France | B97: 9 | C97: LDLF | D97: DEBOUT LA FRANCE | E97: DEBOUT LA FRANCE AVEC NICOLAS DUPONT-AIGNAN | F97: DUPONT-AIGNAN Nicolas | G97: =IFERROR(__xludf.DUMMYFUNCTION("FILTER(candidats!M:M,candidats!P:P=F97)"),"M") -> M | H97: 207280
A98: Île-de-France | B98: 10 | C98: LUD | D98: LISTE PECRESSE | E98: L'alternance avec Valérie Pécresse | F98: PECRESSE Valérie | G98: =IFERROR(__xludf.DUMMYFUNCTION("FILTER(candidats!M:M,candidats!P:P=F98)"),"F") -> F | H98: 962119
A99: Île-de-France | B99: 13 | C99: LEXG | D99: LUTTE OUVRIÈRE | E99: Lutte ouvrière - Faire entendre le camp des travailleurs | F99: ARTHAUD Nathalie | G99: =IFERROR(__xludf.DUMMYFUNCTION("FILTER(candidats!M:M,candidats!P:P=F99)"),"F") -> F | H99: 44182
A100: La Réunion | B100: 1 | C100: LDVG | D100: VOTER, SE REVOLTER, | E100: VOTER, SE REVOLTER, POUR AVANCER | F100: RATENON Jean-Hugues | G100: =IFERROR(__xludf.DUMMYFUNCTION("FILTER(candidats!M:M,candidats!P:P=F100)"),"M") -> M | H100: 4484
...

Sheet 2_analyse

Sheet 3_analyse
C1: sexe_gagnant
C2: =IFERROR(__xludf.DUMMYFUNCTION("filter('1_rapprochement'!G:G,'1_rapprochement'!H:H=B2)"),"M") -> M
C3: =IFERROR(__xludf.DUMMYFUNCTION("filter('1_rapprochement'!G:G,'1_rapprochement'!H:H=B3)"),"M") -> M
C4: =IFERROR(__xludf.DUMMYFUNCTION("filter('1_rapprochement'!G:G,'1_rapprochement'!H:H=B4)"),"M") -> M
C5: =IFERROR(__xludf.DUMMYFUNCTION("filter('1_rapprochement'!G:G,'1_rapprochement'!H:H=B5)"),"F") -> F
C6: =IFERROR(__xludf.DUMMYFUNCTION("filter('1_rapprochement'!G:G,'1_rapprochement'!H:H=B6)"),"M") -> M
C7: =IFERROR(__xludf.DUMMYFUNCTION("filter('1_rapprochement'!G:G,'1_rapprochement'!H:H=B7)"),"M") -> M
C8: =IFERROR(__xludf.DUMMYFUNCTION("filter('1_rapprochement'!G:G,'1_rapprochement'!H:H=B8)"),"M") -> M
C9: =IFERROR(__xludf.DUMMYFUNCTION("filter('1_rapprochement'!G:G,'1_rapprochement'!H:H=B9)"),"M") -> M
C10: =IFERROR(__xludf.DUMMYFUNCTION("filter('1_rapprochement'!G:G,'1_rapprochement'!H:H=B10)"),"M") -> M
C11: =IFERROR(__xludf.DUMMYFUNCTION("filter('1_rapprochement'!G:G,'1_rapprochement'!H:H=B11)"),"F") -> F
C12: =IFERROR(__xludf.DUMMYFUNCTION("filter('1_rapprochement'!G:G,'1_rapprochement'!H:H=B12)"),"M") -> M
C13: =IFERROR(__xludf.DUMMYFUNCTION("filter('1_rapprochement'!G:G,'1_rapprochement'!H:H=B13)"),"M") -> M
C14: =IFERROR(__xludf.DUMMYFUNCTION("filter('1_rapprochement'!G:G,'1_rapprochement'!H:H=B14)"),"M") -> M
C15: =IFERROR(__xludf.DUMMYFUNCTION("filter('1_rapprochement'!G:G,'1_rapprochement'!H:H=B15)"),"F") -> F
C16: =IFERROR(__xludf.DUMMYFUNCTION("filter('1_rapprochement'!G:G,'1_rapprochement'!H:H=B16)"),"M") -> M
C17: =IFERROR(__xludf.DUMMYFUNCTION("filter('1_rapprochement'!G:G,'1_rapprochement'!H:H=B17)"),"M") -> M
C18: =IFERROR(__xludf.DUMMYFUNCTION("filter('1_rapprochement'!G:G,'1_rapprochement'!H:H=B18)"),"F") -> F

Sheet 4_edition
A1: Libellé de la région | B1: nouveau nom | C1: geographie | D1: N°Liste | E1: Nuance Liste | F1: Couleur | G1: Libellé Abrégé Liste | H1: Libellé Etendu Liste | I1: Nom Tête de Liste | J1: sexe | K1: Voix
A2: Alsace - Champagne-Ardenne - Lorraine | B2: =IFERROR(__xludf.DUMMYFUNCTION("FILTER('5_categorisation'!C:C,'5_categorisation'!A:A=A2)"),"Grand Est") -> Grand Est | C2: =IFS(A2='5_categorisation'!$A$2,'5_categorisation'!$B$2,A2='5_categorisation'!$A$3,'5_categorisation'!$B$3,A2='5_categorisation'!$A$4,'5_categorisation'!$B$4,A2='5_categorisation'!$A$5,'5_categorisation'!$B$5,A2='5_categorisation'!$A$6,'5_categorisation'!$B$6,A2='5_categorisation'!$A$7,'5_categorisation'!$B$7,A2='5_categorisation'!$A$8,'5_categorisation'!$B$8,A2='5_categorisation'!$A$9,'5_categorisation'!$B$9,A2='5_categorisation'!$A10,'5_categorisation'!$B$10,A2='5_categorisation'!$A$12,'5_categorisation'!$B$12,A2='5_categorisation'!$A$12,'5_categorisation'!$B$12,A2='5_categorisation'!$A$13,'5_categorisation'!$B$13,A2='5_categorisation'!$A$14,'5_categorisation'!$B$14,A2='5_categorisation'!$A$15,'5_categorisation'!$B$15,A2='5_categorisation'!$A$16,'5_categorisation'!$B$16,A2='5_categorisation'!$A$17,'5_categorisation'!$B$17,A2='5_categorisation'!$A$11,'5_categorisation'!$B$11) -> est | D2: 1 | E2: LVEC | F2: =ifs(E2='5_categorisation'!$D$2,'5_categorisation'!$F$2,E2='5_categorisation'!$D$3,'5_categorisation'!$F$3,E2='5_categorisation'!$D$4,'5_categorisation'!$F$4,E2='5_categorisation'!$D$5,'5_categorisation'!$F$5,E2='5_categorisation'!$D$6,'5_categorisation'!$F$6,E2='5_categorisation'!$D$7,'5_categorisation'!$F$7,E2='5_categorisation'!$D$8,'5_categorisation'!$F$8,E2='5_categorisation'!$D$9,'5_categorisation'!$F$9,E2='5_categorisation'!$D$10,'5_categorisation'!$F$10,E2='5_categorisation'!$D$11,'5_categorisation'!$F$11,E2='5_categorisation'!$D$12,'5_categorisation'!$F$12,E2='5_categorisation'!$D$13,'5_categorisation'!$F$13,E2='5_categorisation'!$D$14,'5_categorisation'!$F$14,E2='5_categorisation'!$D$15,'5_categorisation'!$F$15,E2='5_categorisation'!$D$16,'5_categorisation'!$F$16,E2='5_categorisation'!$D$17,'5_categorisation'!$F$17,E2='5_categorisation'!$D$18,'5_categorisation'!$F$18,E2='5_categorisation'!$D$19,'5_categorisation'!$F$19,E2='5_categorisation'!$D$20,'5_categorisation'!$F$20,E2='5_categorisation'!$D$21,'5_categorisation'!$F$21,E2='5_categorisation'!$D$22,'5_categorisation'!$F$22) -> gauche | G2: EUROPE ECOLOGIE LES VERTS | H2: ÉCOLOGISTES, SOLIDAIRES ET CITOYENS | I2: BÉLIER Sandrine | J2: =IFERROR(__xludf.DUMMYFUNCTION("FILTER(candidats!M:M,candidats!P:P=I2)"),"F") -> F | K2: 119091
A3: Alsace - Champagne-Ardenne - Lorraine | B3: =IFERROR(__xludf.DUMMYFUNCTION("FILTER('5_categorisation'!C:C,'5_categorisation'!A:A=A3)"),"Grand Est") -> Grand Est | C3: =IFS(A3='5_categorisation'!$A$2,'5_categorisation'!$B$2,A3='5_categorisation'!$A$3,'5_categorisation'!$B$3,A3='5_categorisation'!$A$4,'5_categorisation'!$B$4,A3='5_categorisation'!$A$5,'5_categorisation'!$B$5,A3='5_categorisation'!$A$6,'5_categorisation'!$B$6,A3='5_categorisation'!$A$7,'5_categorisation'!$B$7,A3='5_categorisation'!$A$8,'5_categorisation'!$B$8,A3='5_categorisation'!$A$9,'5_categorisation'!$B$9,A3='5_categorisation'!$A11,'5_categorisation'!$B$10,A3='5_categorisation'!$A$12,'5_categorisation'!$B$12,A3='5_categorisation'!$A$12,'5_categorisation'!$B$12,A3='5_categorisation'!$A$13,'5_categorisation'!$B$13,A3='5_categorisation'!$A$14,'5_categorisation'!$B$14,A3='5_categorisation'!$A$15,'5_categorisation'!$B$15,A3='5_categorisation'!$A$16,'5_categorisation'!$B$16,A3='5_categorisation'!$A$17,'5_categorisation'!$B$17,A3='5_categorisation'!$A$11,'5_categorisation'!$B$11) -> est | D3: 2 | E3: LFG | F3: =ifs(E3='5_categorisation'!$D$2,'5_categorisation'!$F$2,E3='5_categorisation'!$D$3,'5_categorisation'!$F$3,E3='5_categorisation'!$D$4,'5_categorisation'!$F$4,E3='5_categorisation'!$D$5,'5_categorisation'!$F$5,E3='5_categorisation'!$D$6,'5_categorisation'!$F$6,E3='5_categorisation'!$D$7,'5_categorisation'!$F$7,E3='5_categorisation'!$D$8,'5_categorisation'!$F$8,E3='5_categorisation'!$D$9,'5_categorisation'!$F$9,E3='5_categorisation'!$D$10,'5_categorisation'!$F$10,E3='5_categorisation'!$D$11,'5_categorisation'!$F$11,E3='5_categorisation'!$D$12,'5_categorisation'!$F$12,E3='5_categorisation'!$D$13,'5_categorisation'!$F$13,E3='5_categorisation'!$D$14,'5_categorisation'!$F$14,E3='5_categorisation'!$D$15,'5_categorisation'!$F$15,E3='5_categorisation'!$D$16,'5_categorisation'!$F$16,E3='5_categorisation'!$D$17,'5_categorisation'!$F$17,E3='5_categorisation'!$D$18,'5_categorisation'!$F$18,E3='5_categorisation'!$D$19,'5_categorisation'!$F$19,E3='5_categorisation'!$D$20,'5_categorisation'!$F$20,E3='5_categorisation'!$D$21,'5_categorisation'!$F$21,E3='5_categorisation'!$D$22,'5_categorisation'!$F$22) -> gauche | G3: LFG | H3: Nos vies d'abord ! | I3: PERON Patrick | J3: =IFERROR(__xludf.DUMMYFUNCTION("FILTER(candidats!M:M,candidats!P:P=I3)"),"M") -> M
A4: Alsace - Champagne-Ardenne - Lorraine | B4: =IFERROR(__xludf.DUMMYFUNCTION("FILTER('5_categorisation'!C:C,'5_categorisation'!A:A=A4)"),"Grand Est") -> Grand Est | C4: =IFS(A4='5_categorisation'!$A$2,'5_categorisation'!$B$2,A4='5_categorisation'!$A$3,'5_categorisation'!$B$3,A4='5_categorisation'!$A$4,'5_categorisation'!$B$4,A4='5_categorisation'!$A$5,'5_categorisation'!$B$5,A4='5_categorisation'!$A$6,'5_categorisation'!$B$6,A4='5_categorisation'!$A$7,'5_categorisation'!$B$7,A4='5_categorisation'!$A$8,'5_categorisation'!$B$8,A4='5_categorisation'!$A$9,'5_categorisation'!$B$9,A4='5_categorisation'!$A12,'5_categorisation'!$B$10,A4='5_categorisation'!$A$12,'5_categorisation'!$B$12,A4='5_categorisation'!$A$12,'5_categorisation'!$B$12,A4='5_categorisation'!$A$13,'5_categorisation'!$B$13,A4='5_categorisation'!$A$14,'5_categorisation'!$B$14,A4='5_categorisation'!$A$15,'5_categorisation'!$B$15,A4='5_categorisation'!$A$16,'5_categorisation'!$B$16,A4='5_categorisation'!$A$17,'5_categorisation'!$B$17,A4='5_categorisation'!$A$11,'5_categorisation'!$B$11) -> est | D4: 3 | E4: LDLF | F4: =ifs(E4='5_categorisation'!$D$2,'5_categorisation'!$F$2,E4='5_categorisation'!$D$3,'5_categorisation'!$F$3,E4='5_categorisation'!$D$4,'5_categorisation'!$F$4,E4='5_categorisation'!$D$5,'5_categorisation'!$F$5,E4='5_categorisation'!$D$6,'5_categorisation'!$F$6,E4='5_categorisation'!$D$7,'5_categorisation'!$F$7,E4='5_categorisation'!$D$8,'5_categorisation'!$F$8,E4='5_categorisation'!$D$9,'5_categorisation'!$F$9,E4='5_categorisation'!$D$10,'5_categorisation'!$F$10,E4='5_categorisation'!$D$11,'5_categorisation'!$F$11,E4='5_categorisation'!$D$12,'5_categorisation'!$F$12,E4='5_categorisation'!$D$13,'5_categorisation'!$F$13,E4='5_categorisation'!$D$14,'5_categorisation'!$F$14,E4='5_categorisation'!$D$15,'5_categorisation'!$F$15,E4='5_categorisation'!$D$16,'5_categorisation'!$F$16,E4='5_categorisation'!$D$17,'5_categorisation'!$F$17,E4='5_categorisation'!$D$18,'5_categorisation'!$F$18,E4='5_categorisation'!$D$19,'5_categorisation'!$F$19,E4='5_categorisation'!$D$20,'5_categorisation'!$F$20,E4='5_categorisation'!$D$21,'5_categorisation'!$F$21,E4='5_categorisation'!$D$22,'5_categorisation'!$F$22) -> droite | G4: DEBOUT LA FRANCE | H4: DEBOUT LA FRANCE AVEC NICOLAS DUPONT-AIGNAN | I4: JACOBELLI Laurent | J4: =IFERROR(__xludf.DUMMYFUNCTION("FILTER(candidats!M:M,candidats!P:P=I4)"),"M") -> M | K4: 84886
A5: Alsace - Champagne-Ardenne - Lorraine | B5: =IFERROR(__xludf.DUMMYFUNCTION("FILTER('5_categorisation'!C:C,'5_categorisation'!A:A=A5)"),"Grand Est") -> Grand Est | C5: =IFS(A5='5_categorisation'!$A$2,'5_categorisation'!$B$2,A5='5_categorisation'!$A$3,'5_categorisation'!$B$3,A5='5_categorisation'!$A$4,'5_categorisation'!$B$4,A5='5_categorisation'!$A$5,'5_categorisation'!$B$5,A5='5_categorisation'!$A$6,'5_categorisation'!$B$6,A5='5_categorisation'!$A$7,'5_categorisation'!$B$7,A5='5_categorisation'!$A$8,'5_categorisation'!$B$8,A5='5_categorisation'!$A$9,'5_categorisation'!$B$9,A5='5_categorisation'!$A13,'5_categorisation'!$B$10,A5='5_categorisation'!$A$12,'5_categorisation'!$B$12,A5='5_categorisation'!$A$12,'5_categorisation'!$B$12,A5='5_categorisation'!$A$13,'5_categorisation'!$B$13,A5='5_categorisation'!$A$14,'5_categorisation'!$B$14,A5='5_categorisation'!$A$15,'5_categorisation'!$B$15,A5='5_categorisation'!$A$16,'5_categorisation'!$B$16,A5='5_categorisation'!$A$17,'5_categorisation'!$B$17,A5='5_categorisation'!$A$11,'5_categorisation'!$B$11) -> est | D5: 4 | E5: LUG | F5: =ifs(E5='5_categorisation'!$D$2,'5_categorisation'!$F$2,E5='5_categorisation'!$D$3,'5_categorisation'!$F$3,E5='5_categorisation'!$D$4,'5_categorisation'!$F$4,E5='5_categorisation'!$D$5,'5_categorisation'!$F$5,E5='5_categorisation'!$D$6,'5_categorisation'!$F$6,E5='5_categorisation'!$D$7,'5_categorisation'!$F$7,E5='5_categorisation'!$D$8,'5_categorisation'!$F$8,E5='5_categorisation'!$D$9,'5_categorisation'!$F$9,E5='5_categorisation'!$D$10,'5_categorisation'!$F$10,E5='5_categorisation'!$D$11,'5_categorisation'!$F$11,E5='5_categorisation'!$D$12,'5_categorisation'!$F$12,E5='5_categorisation'!$D$13,'5_categorisation'!$F$13,E5='5_categorisation'!$D$14,'5_categorisation'!$F$14,E5='5_categorisation'!$D$15,'5_categorisation'!$F$15,E5='5_categorisation'!$D$16,'5_categorisation'!$F$16,E5='5_categorisation'!$D$17,'5_categorisation'!$F$17,E5='5_categorisation'!$D$18,'5_categorisation'!$F$18,E5='5_categorisation'!$D$19,'5_categorisation'!$F$19,E5='5_categorisation'!$D$20,'5_categorisation'!$F$20,E5='5_categorisation'!$D$21,'5_categorisation'!$F$21,E5='5_categorisation'!$D$22,'5_categorisation'!$F$22) -> gauche | G5: PARTI SOCIALISTE | H5: + FORTE, + PROCHE, NOTRE REGION AVEC JEAN-PIERRE MASSERET | I5: MASSERET Jean-Pierre | J5: =IFERROR(__xludf.DUMMYFUNCTION("FILTER(candidats!M:M,candidats!P:P=I5)"),"M") -> M | K5: 286390
A6: Alsace - Champagne-Ardenne - Lorraine | B6: =IFERROR(__xludf.DUMMYFUNCTION("FILTER('5_categorisation'!C:C,'5_categorisation'!A:A=A6)"),"Grand Est") -> Grand Est | C6: =IFS(A6='5_categorisation'!$A$2,'5_categorisation'!$B$2,A6='5_categorisation'!$A$3,'5_categorisation'!$B$3,A6='5_categorisation'!$A$4,'5_categorisation'!$B$4,A6='5_categorisation'!$A$5,'5_categorisation'!$B$5,A6='5_categorisation'!$A$6,'5_categorisation'!$B$6,A6='5_categorisation'!$A$7,'5_categorisation'!$B$7,A6='5_categorisation'!$A$8,'5_categorisation'!$B$8,A6='5_categorisation'!$A$9,'5_categorisation'!$B$9,A6='5_categorisation'!$A14,'5_categorisation'!$B$10,A6='5_categorisation'!$A$12,'5_categorisation'!$B$12,A6='5_categorisation'!$A$12,'5_categorisation'!$B$12,A6='5_categorisation'!$A$13,'5_categorisation'!$B$13,A6='5_categorisation'!$A$14,'5_categorisation'!$B$14,A6='5_categorisation'!$A$15,'5_categorisation'!$B$15,A6='5_categorisation'!$A$16,'5_categorisation'!$B$16,A6='5_categorisation'!$A$17,'5_categorisation'!$B$17,A6='5_categorisation'!$A$11,'5_categorisation'!$B$11) -> est | D6: 5 | E6: LFN | F6: =ifs(E6='5_categorisation'!$D$2,'5_categorisation'!$F$2,E6='5_categorisation'!$D$3,'5_categorisation'!$F$3,E6='5_categorisation'!$D$4,'5_categorisation'!$F$4,E6='5_categorisation'!$D$5,'5_categorisation'!$F$5,E6='5_categorisation'!$D$6,'5_categorisation'!$F$6,E6='5_categorisation'!$D$7,'5_categorisation'!$F$7,E6='5_categorisation'!$D$8,'5_categorisation'!$F$8,E6='5_categorisation'!$D$9,'5_categorisation'!$F$9,E6='5_categorisation'!$D$10,'5_categorisation'!$F$10,E6='5_categorisation'!$D$11,'5_categorisation'!$F$11,E6='5_categorisation'!$D$12,'5_categorisation'!$F$12,E6='5_categorisation'!$D$13,'5_categorisation'!$F$13,E6='5_categorisation'!$D$14,'5_categorisation'!$F$14,E6='5_categorisation'!$D$15,'5_categorisation'!$F$15,E6='5_categorisation'!$D$16,'5_categorisation'!$F$16,E6='5_categorisation'!$D$17,'5_categorisation'!$F$17,E6='5_categorisation'!$D$18,'5_categorisation'!$F$18,E6='5_categorisation'!$D$19,'5_categorisation'!$F$19,E6='5_categorisation'!$D$20,'5_categorisation'!$F$20,E6='5_categorisation'!$D$21,'5_categorisation'!$F$21,E6='5_categorisation'!$D$22,'5_categorisation'!$F$22) -> droite | G6: FRONT NATIONAL | H6: LISTE FRONT NATIONAL PRESENTEE PAR MARINE LE PEN | I6: PHILIPPOT Florian | J6: =IFERROR(__xludf.DUMMYFUNCTION("FILTER(candidats!M:M,candidats!P:P=I6)"),"M") -> M | K6: 641234
A7: Alsace - Champagne-Ardenne - Lorraine | B7: =IFERROR(__xludf.DUMMYFUNCTION("FILTER('5_categorisation'!C:C,'5_categorisation'!A:A=A7)"),"Grand Est") -> Grand Est | C7: =IFS(A7='5_categorisation'!$A$2,'5_categorisation'!$B$2,A7='5_categorisation'!$A$3,'5_categorisation'!$B$3,A7='5_categorisation'!$A$4,'5_categorisation'!$B$4,A7='5_categorisation'!$A$5,'5_categorisation'!$B$5,A7='5_categorisation'!$A$6,'5_categorisation'!$B$6,A7='5_categorisation'!$A$7,'5_categorisation'!$B$7,A7='5_categorisation'!$A$8,'5_categorisation'!$B$8,A7='5_categorisation'!$A$9,'5_categorisation'!$B$9,A7='5_categorisation'!$A15,'5_categorisation'!$B$10,A7='5_categorisation'!$A$12,'5_categorisation'!$B$12,A7='5_categorisation'!$A$12,'5_categorisation'!$B$12,A7='5_categorisation'!$A$13,'5_categorisation'!$B$13,A7='5_categorisation'!$A$14,'5_categorisation'!$B$14,A7='5_categorisation'!$A$15,'5_categorisation'!$B$15,A7='5_categorisation'!$A$16,'5_categorisation'!$B$16,A7='5_categorisation'!$A$17,'5_categorisation'!$B$17,A7='5_categorisation'!$A$11,'5_categorisation'!$B$11) -> est | D7: 6 | E7: LDIV | F7: =ifs(E7='5_categorisation'!$D$2,'5_categorisation'!$F$2,E7='5_categorisation'!$D$3,'5_categorisation'!$F$3,E7='5_categorisation'!$D$4,'5_categorisation'!$F$4,E7='5_categorisation'!$D$5,'5_categorisation'!$F$5,E7='5_categorisation'!$D$6,'5_categorisation'!$F$6,E7='5_categorisation'!$D$7,'5_categorisation'!$F$7,E7='5_categorisation'!$D$8,'5_categorisation'!$F$8,E7='5_categorisation'!$D$9,'5_categorisation'!$F$9,E7='5_categorisation'!$D$10,'5_categorisation'!$F$10,E7='5_categorisation'!$D$11,'5_categorisation'!$F$11,E7='5_categorisation'!$D$12,'5_categorisation'!$F$12,E7='5_categorisation'!$D$13,'5_categorisation'!$F$13,E7='5_categorisation'!$D$14,'5_categorisation'!$F$14,E7='5_categorisation'!$D$15,'5_categorisation'!$F$15,E7='5_categorisation'!$D$16,'5_categorisation'!$F$16,E7='5_categorisation'!$D$17,'5_categorisation'!$F$17,E7='5_categorisation'!$D$18,'5_categorisation'!$F$18,E7='5_categorisation'!$D$19,'5_categorisation'!$F$19,E7='5_categorisation'!$D$20,'5_categorisation'!$F$20,E7='5_categorisation'!$D$21,'5_categorisation'!$F$21,E7='5_categorisation'!$D$22,'5_categorisation'!$F$22) -> autre | G7: UPR | H7: L'UPR, avec FRANÇOIS ASSELINEAU - LE PARTI QUI MONTE malgré le silence des médias | I7: WENTZEL David | J7: =IFERROR(__xludf.DUMMYFUNCTION("FILTER(candidats!M:M,candidats!P:P=I7)"),"M") -> M | K7: 19171
A8: Alsace - Champagne-Ardenne - Lorraine | B8: =IFERROR(__xludf.DUMMYFUNCTION("FILTER('5_categorisation'!C:C,'5_categorisation'!A:A=A8)"),"Grand Est") -> Grand Est | C8: =IFS(A8='5_categorisation'!$A$2,'5_categorisation'!$B$2,A8='5_categorisation'!$A$3,'5_categorisation'!$B$3,A8='5_categorisation'!$A$4,'5_categorisation'!$B$4,A8='5_categorisation'!$A$5,'5_categorisation'!$B$5,A8='5_categorisation'!$A$6,'5_categorisation'!$B$6,A8='5_categorisation'!$A$7,'5_categorisation'!$B$7,A8='5_categorisation'!$A$8,'5_categorisation'!$B$8,A8='5_categorisation'!$A$9,'5_categorisation'!$B$9,A8='5_categorisation'!$A16,'5_categorisation'!$B$10,A8='5_categorisation'!$A$12,'5_categorisation'!$B$12,A8='5_categorisation'!$A$12,'5_categorisation'!$B$12,A8='5_categorisation'!$A$13,'5_categorisation'!$B$13,A8='5_categorisation'!$A$14,'5_categorisation'!$B$14,A8='5_categorisation'!$A$15,'5_categorisation'!$B$15,A8='5_categorisation'!$A$16,'5_categorisation'!$B$16,A8='5_categorisation'!$A$17,'5_categorisation'!$B$17,A8='5_categorisation'!$A$11,'5_categorisation'!$B$11) -> est | D8: 7 | E8: LEXG | F8: =ifs(E8='5_categorisation'!$D$2,'5_categorisation'!$F$2,E8='5_categorisation'!$D$3,'5_categorisation'!$F$3,E8='5_categorisation'!$D$4,'5_categorisation'!$F$4,E8='5_categorisation'!$D$5,'5_categorisation'!$F$5,E8='5_categorisation'!$D$6,'5_categorisation'!$F$6,E8='5_categorisation'!$D$7,'5_categorisation'!$F$7,E8='5_categorisation'!$D$8,'5_categorisation'!$F$8,E8='5_categorisation'!$D$9,'5_categorisation'!$F$9,E8='5_categorisation'!$D$10,'5_categorisation'!$F$10,E8='5_categorisation'!$D$11,'5_categorisation'!$F$11,E8='5_categorisation'!$D$12,'5_categorisation'!$F$12,E8='5_categorisation'!$D$13,'5_categorisation'!$F$13,E8='5_categorisation'!$D$14,'5_categorisation'!$F$14,E8='5_categorisation'!$D$15,'5_categorisation'!$F$15,E8='5_categorisation'!$D$16,'5_categorisation'!$F$16,E8='5_categorisation'!$D$17,'5_categorisation'!$F$17,E8='5_categorisation'!$D$18,'5_categorisation'!$F$18,E8='5_categorisation'!$D$19,'5_categorisation'!$F$19,E8='5_categorisation'!$D$20,'5_categorisation'!$F$20,E8='5_categorisation'!$D$21,'5_categorisation'!$F$21,E8='5_categorisation'!$D$22,'5_categorisation'!$F$22) -> gauche | G8: LUTTE OUVRIERE | H8: Lutte ouvrière - Faire entendre le camp des travailleurs | I8: WOSTYN Julien | J8: =IFERROR(__xludf.DUMMYFUNCTION("FILTER(candidats!M:M,candidats!P:P=I8)"),"M") -> M | K8: 26347
A9: Alsace - Champagne-Ardenne - Lorraine | B9: =IFERROR(__xludf.DUMMYFUNCTION("FILTER('5_categorisation'!C:C,'5_categorisation'!A:A=A9)"),"Grand Est") -> Grand Est | C9: =IFS(A9='5_categorisation'!$A$2,'5_categorisation'!$B$2,A9='5_categorisation'!$A$3,'5_categorisation'!$B$3,A9='5_categorisation'!$A$4,'5_categorisation'!$B$4,A9='5_categorisation'!$A$5,'5_categorisation'!$B$5,A9='5_categorisation'!$A$6,'5_categorisation'!$B$6,A9='5_categorisation'!$A$7,'5_categorisation'!$B$7,A9='5_categorisation'!$A$8,'5_categorisation'!$B$8,A9='5_categorisation'!$A$9,'5_categorisation'!$B$9,A9='5_categorisation'!$A17,'5_categorisation'!$B$10,A9='5_categorisation'!$A$12,'5_categorisation'!$B$12,A9='5_categorisation'!$A$12,'5_categorisation'!$B$12,A9='5_categorisation'!$A$13,'5_categorisation'!$B$13,A9='5_categorisation'!$A$14,'5_categorisation'!$B$14,A9='5_categorisation'!$A$15,'5_categorisation'!$B$15,A9='5_categorisation'!$A$16,'5_categorisation'!$B$16,A9='5_categorisation'!$A$17,'5_categorisation'!$B$17,A9='5_categorisation'!$A$11,'5_categorisation'!$B$11) -> est | D9: 8 | E9: LREG | F9: =ifs(E9='5_categorisation'!$D$2,'5_categorisation'!$F$2,E9='5_categorisation'!$D$3,'5_categorisation'!$F$3,E9='5_categorisation'!$D$4,'5_categorisation'!$F$4,E9='5_categorisation'!$D$5,'5_categorisation'!$F$5,E9='5_categorisation'!$D$6,'5_categorisation'!$F$6,E9='5_categorisation'!$D$7,'5_categorisation'!$F$7,E9='5_categorisation'!$D$8,'5_categorisation'!$F$8,E9='5_categorisation'!$D$9,'5_categorisation'!$F$9,E9='5_categorisation'!$D$10,'5_categorisation'!$F$10,E9='5_categorisation'!$D$11,'5_categorisation'!$F$11,E9='5_categorisation'!$D$12,'5_categorisation'!$F$12,E9='5_categorisation'!$D$13,'5_categorisation'!$F$13,E9='5_categorisation'!$D$14,'5_categorisation'!$F$14,E9='5_categorisation'!$D$15,'5_categorisation'!$F$15,E9='5_categorisation'!$D$16,'5_categorisation'!$F$16,E9='5_categorisation'!$D$17,'5_categorisation'!$F$17,E9='5_categorisation'!$D$18,'5_categorisation'!$F$18,E9='5_categorisation'!$D$19,'5_categorisation'!$F$19,E9='5_categorisation'!$D$20,'5_categorisation'!$F$20,E9='5_categorisation'!$D$21,'5_categorisation'!$F$21,E9='5_categorisation'!$D$22,'5_categorisation'!$F$22) -> autre | G9: LISTE RÉGIONALISTE | H9: Non à l'ACAL, Oui à nos régions ! | I9: TROUILLET Jean-Georges | J9: =IFERROR(__xludf.DUMMYFUNCTION("FILTER(candidats!M:M,candidats!P:P=I9)"),"M") -> M | K9: 84147
A10: Alsace - Champagne-Ardenne - Lorraine | B10: =IFERROR(__xludf.DUMMYFUNCTION("FILTER('5_categorisation'!C:C,'5_categorisation'!A:A=A10)"),"Grand Est") -> Grand Est | C10: =IFS(A10='5_categorisation'!$A$2,'5_categorisation'!$B$2,A10='5_categorisation'!$A$3,'5_categorisation'!$B$3,A10='5_categorisation'!$A$4,'5_categorisation'!$B$4,A10='5_categorisation'!$A$5,'5_categorisation'!$B$5,A10='5_categorisation'!$A$6,'5_categorisation'!$B$6,A10='5_categorisation'!$A$7,'5_categorisation'!$B$7,A10='5_categorisation'!$A$8,'5_categorisation'!$B$8,A10='5_categorisation'!$A$9,'5_categorisation'!$B$9,A10='5_categorisation'!$A18,'5_categorisation'!$B$10,A10='5_categorisation'!$A$12,'5_categorisation'!$B$12,A10='5_categorisation'!$A$12,'5_categorisation'!$B$12,A10='5_categorisation'!$A$13,'5_categorisation'!$B$13,A10='5_categorisation'!$A$14,'5_categorisation'!$B$14,A10='5_categorisation'!$A$15,'5_categorisation'!$B$15,A10='5_categorisation'!$A$16,'5_categorisation'!$B$16,A10='5_categorisation'!$A$17,'5_categorisation'!$B$17,A10='5_categorisation'!$A$11,'5_categorisation'!$B$11) -> est | D10: 9 | E10: LUD | F10: =ifs(E10='5_categorisation'!$D$2,'5_categorisation'!$F$2,E10='5_categorisation'!$D$3,'5_categorisation'!$F$3,E10='5_categorisation'!$D$4,'5_categorisation'!$F$4,E10='5_categorisation'!$D$5,'5_categorisation'!$F$5,E10='5_categorisation'!$D$6,'5_categorisation'!$F$6,E10='5_categorisation'!$D$7,'5_categorisation'!$F$7,E10='5_categorisation'!$D$8,'5_categorisation'!$F$8,E10='5_categorisation'!$D$9,'5_categorisation'!$F$9,E10='5_categorisation'!$D$10,'5_categorisation'!$F$10,E10='5_categorisation'!$D$11,'5_categorisation'!$F$11,E10='5_categorisation'!$D$12,'5_categorisation'!$F$12,E10='5_categorisation'!$D$13,'5_categorisation'!$F$13,E10='5_categorisation'!$D$14,'5_categorisation'!$F$14,E10='5_categorisation'!$D$15,'5_categorisation'!$F$15,E10='5_categorisation'!$D$16,'5_categorisation'!$F$16,E10='5_categorisation'!$D$17,'5_categorisation'!$F$17,E10='5_categorisation'!$D$18,'5_categorisation'!$F$18,E10='5_categorisation'!$D$19,'5_categorisation'!$F$19,E10='5_categorisation'!$D$20,'5_categorisation'!$F$20,E10='5_categorisation'!$D$21,'5_categorisation'!$F$21,E10='5_categorisation'!$D$22,'5_categorisation'!$F$22) -> droite | G10: LLR | H10: Unissons nos énergies avec Philippe RICHERT | I10: RICHERT Philippe | J10: =IFERROR(__xludf.DUMMYFUNCTION("FILTER(candidats!M:M,candidats!P:P=I10)"),"M") -> M | K10: 459212
A11: Aquitaine - Limousin - Poitou-Charentes | B11: =IFERROR(__xludf.DUMMYFUNCTION("FILTER('5_categorisation'!C:C,'5_categorisation'!A:A=A11)"),"Nouvelle-Aquitaine") -> Nouvelle-Aquitaine | C11: =IFS(A11='5_categorisation'!$A$2,'5_categorisation'!$B$2,A11='5_categorisation'!$A$3,'5_categorisation'!$B$3,A11='5_categorisation'!$A$4,'5_categorisation'!$B$4,A11='5_categorisation'!$A$5,'5_categorisation'!$B$5,A11='5_categorisation'!$A$6,'5_categorisation'!$B$6,A11='5_categorisation'!$A$7,'5_categorisation'!$B$7,A11='5_categorisation'!$A$8,'5_categorisation'!$B$8,A11='5_categorisation'!$A$9,'5_categorisation'!$B$9,A11='5_categorisation'!$A19,'5_categorisation'!$B$10,A11='5_categorisation'!$A$12,'5_categorisation'!$B$12,A11='5_categorisation'!$A$12,'5_categorisation'!$B$12,A11='5_categorisation'!$A$13,'5_categorisation'!$B$13,A11='5_categorisation'!$A$14,'5_categorisation'!$B$14,A11='5_categorisation'!$A$15,'5_categorisation'!$B$15,A11='5_categorisation'!$A$16,'5_categorisation'!$B$16,A11='5_categorisation'!$A$17,'5_categorisation'!$B$17,A11='5_categorisation'!$A$11,'5_categorisation'!$B$11) -> ouest | D11: 1 | E11: LDVG | F11: =ifs(E11='5_categorisation'!$D$2,'5_categorisation'!$F$2,E11='5_categorisation'!$D$3,'5_categorisation'!$F$3,E11='5_categorisation'!$D$4,'5_categorisation'!$F$4,E11='5_categorisation'!$D$5,'5_categorisation'!$F$5,E11='5_categorisation'!$D$6,'5_categorisation'!$F$6,E11='5_categorisation'!$D$7,'5_categorisation'!$F$7,E11='5_categorisation'!$D$8,'5_categorisation'!$F$8,E11='5_categorisation'!$D$9,'5_categorisation'!$F$9,E11='5_categorisation'!$D$10,'5_categorisation'!$F$10,E11='5_categorisation'!$D$11,'5_categorisation'!$F$11,E11='5_categorisation'!$D$12,'5_categorisation'!$F$12,E11='5_categorisation'!$D$13,'5_categorisation'!$F$13,E11='5_categorisation'!$D$14,'5_categorisation'!$F$14,E11='5_categorisation'!$D$15,'5_categorisation'!$F$15,E11='5_categorisation'!$D$16,'5_categorisation'!$F$16,E11='5_categorisation'!$D$17,'5_categorisation'!$F$17,E11='5_categorisation'!$D$18,'5_categorisation'!$F$18,E11='5_categorisation'!$D$19,'5_categorisation'!$F$19,E11='5_categorisation'!$D$20,'5_categorisation'!$F$20,E11='5_categorisation'!$D$21,'5_categorisation'!$F$21,E11='5_categorisation'!$D$22,'5_categorisation'!$F$22) -> gauche | G11: NOUVELLE DONNE | H11: NOUVELLE DONNE : REPRENEZ LA MAIN ! | I11: PEREIRA Nicolas | J11: =IFERROR(__xludf.DUMMYFUNCTION("FILTER(candidats!M:M,candidats!P:P=I11)"),"M") -> M | K11: 24964
A12: Aquitaine - Limousin - Poitou-Charentes | B12: =IFERROR(__xludf.DUMMYFUNCTION("FILTER('5_categorisation'!C:C,'5_categorisation'!A:A=A12)"),"Nouvelle-Aquitaine") -> Nouvelle-Aquitaine | C12: =IFS(A12='5_categorisation'!$A$2,'5_categorisation'!$B$2,A12='5_categorisation'!$A$3,'5_categorisation'!$B$3,A12='5_categorisation'!$A$4,'5_categorisation'!$B$4,A12='5_categorisation'!$A$5,'5_categorisation'!$B$5,A12='5_categorisation'!$A$6,'5_categorisation'!$B$6,A12='5_categorisation'!$A$7,'5_categorisation'!$B$7,A12='5_categorisation'!$A$8,'5_categorisation'!$B$8,A12='5_categorisation'!$A$9,'5_categorisation'!$B$9,A12='5_categorisation'!$A20,'5_categorisation'!$B$10,A12='5_categorisation'!$A$12,'5_categorisation'!$B$12,A12='5_categorisation'!$A$12,'5_categorisation'!$B$12,A12='5_categorisation'!$A$13,'5_categorisation'!$B$13,A12='5_categorisation'!$A$14,'5_categorisation'!$B$14,A12='5_categorisation'!$A$15,'5_categorisation'!$B$15,A12='5_categorisation'!$A$16,'5_categorisation'!$B$16,A12='5_categorisation'!$A$17,'5_categorisation'!$B$17,A12='5_categorisation'!$A$11,'5_categorisation'!$B$11) -> ouest | D12: 2 | E12: LUG | F12: =ifs(E12='5_categorisation'!$D$2,'5_categorisation'!$F$2,E12='5_categorisation'!$D$3,'5_categorisation'!$F$3,E12='5_categorisation'!$D$4,'5_categorisation'!$F$4,E12='5_categorisation'!$D$5,'5_categorisation'!$F$5,E12='5_categorisation'!$D$6,'5_categorisation'!$F$6,E12='5_categorisation'!$D$7,'5_categorisation'!$F$7,E12='5_categorisation'!$D$8,'5_categorisation'!$F$8,E12='5_categorisation'!$D$9,'5_categorisation'!$F$9,E12='5_categorisation'!$D$10,'5_categorisation'!$F$10,E12='5_categorisation'!$D$11,'5_categorisation'!$F$11,E12='5_categorisation'!$D$12,'5_categorisation'!$F$12,E12='5_categorisation'!$D$13,'5_categorisation'!$F$13,E12='5_categorisation'!$D$14,'5_categorisation'!$F$14,E12='5_categorisation'!$D$15,'5_categorisation'!$F$15,E12='5_categorisation'!$D$16,'5_categorisation'!$F$16,E12='5_categorisation'!$D$17,'5_categorisation'!$F$17,E12='5_categorisation'!$D$18,'5_categorisation'!$F$18,E12='5_categorisation'!$D$19,'5_categorisation'!$F$19,E12='5_categorisation'!$D$20,'5_categorisation'!$F$20,E12='5_categorisation'!$D$21,'5_categorisation'!$F$21,E12='5_categorisation'!$D$22,'5_categorisation'!$F$22) -> gauche | G12: PLUS FORTS, PLUS SOLIDAIR | H12: PLUS FORTS, PLUS SOLIDAIRES, ENSEMBLE | I12: ROUSSET Alain | J12: =IFERROR(__xludf.DUMMYFUNCTION("FILTER(candidats!M:M,candidats!P:P=I12)"),"M") -> M | K12: 628667
A13: Aquitaine - Limousin - Poitou-Charentes | B13: =IFERROR(__xludf.DUMMYFUNCTION("FILTER('5_categorisation'!C:C,'5_categorisation'!A:A=A13)"),"Nouvelle-Aquitaine") -> Nouvelle-Aquitaine | C13: =IFS(A13='5_categorisation'!$A$2,'5_categorisation'!$B$2,A13='5_categorisation'!$A$3,'5_categorisation'!$B$3,A13='5_categorisation'!$A$4,'5_categorisation'!$B$4,A13='5_categorisation'!$A$5,'5_categorisation'!$B$5,A13='5_categorisation'!$A$6,'5_categorisation'!$B$6,A13='5_categorisation'!$A$7,'5_categorisation'!$B$7,A13='5_categorisation'!$A$8,'5_categorisation'!$B$8,A13='5_categorisation'!$A$9,'5_categorisation'!$B$9,A13='5_categorisation'!$A21,'5_categorisation'!$B$10,A13='5_categorisation'!$A$12,'5_categorisation'!$B$12,A13='5_categorisation'!$A$12,'5_categorisation'!$B$12,A13='5_categorisation'!$A$13,'5_categorisation'!$B$13,A13='5_categorisation'!$A$14,'5_categorisation'!$B$14,A13='5_categorisation'!$A$15,'5_categorisation'!$B$15,A13='5_categorisation'!$A$16,'5_categorisation'!$B$16,A13='5_categorisation'!$A$17,'5_categorisation'!$B$17,A13='5_categorisation'!$A$11,'5_categorisation'!$B$11) -> ouest | D13: 3 | E13: LUD | F13: =ifs(E13='5_categorisation'!$D$2,'5_categorisation'!$F$2,E13='5_categorisation'!$D$3,'5_categorisation'!$F$3,E13='5_categorisation'!$D$4,'5_categorisation'!$F$4,E13='5_categorisation'!$D$5,'5_categorisation'!$F$5,E13='5_categorisation'!$D$6,'5_categorisation'!$F$6,E13='5_categorisation'!$D$7,'5_categorisation'!$F$7,E13='5_categorisation'!$D$8,'5_categorisation'!$F$8,E13='5_categorisation'!$D$9,'5_categorisation'!$F$9,E13='5_categorisation'!$D$10,'5_categorisation'!$F$10,E13='5_categorisation'!$D$11,'5_categorisation'!$F$11,E13='5_categorisation'!$D$12,'5_categorisation'!$F$12,E13='5_categorisation'!$D$13,'5_categorisation'!$F$13,E13='5_categorisation'!$D$14,'5_categorisation'!$F$14,E13='5_categorisation'!$D$15,'5_categorisation'!$F$15,E13='5_categorisation'!$D$16,'5_categorisation'!$F$16,E13='5_categorisation'!$D$17,'5_categorisation'!$F$17,E13='5_categorisation'!$D$18,'5_categorisation'!$F$18,E13='5_categorisation'!$D$19,'5_categorisation'!$F$19,E13='5_categorisation'!$D$20,'5_categorisation'!$F$20,E13='5_categorisation'!$D$21,'5_categorisation'!$F$21,E13='5_categorisation'!$D$22,'5_categorisation'!$F$22) -> droite | G13: GENERATION NOUVELLE REGIO | H13: GENERATION NOUVELLE REGION | I13: CALMELS Virginie | J13: =IFERROR(__xludf.DUMMYFUNCTION("FILTER(candidats!M:M,candidats!P:P=I13)"),"F") -> F | K13: 562500
A14: Aquitaine - Limousin - Poitou-Charentes | B14: =IFERROR(__xludf.DUMMYFUNCTION("FILTER('5_categorisation'!C:C,'5_categorisation'!A:A=A14)"),"Nouvelle-Aquitaine") -> Nouvelle-Aquitaine | C14: =IFS(A14='5_categorisation'!$A$2,'5_categorisation'!$B$2,A14='5_categorisation'!$A$3,'5_categorisation'!$B$3,A14='5_categorisation'!$A$4,'5_categorisation'!$B$4,A14='5_categorisation'!$A$5,'5_categorisation'!$B$5,A14='5_categorisation'!$A$6,'5_categorisation'!$B$6,A14='5_categorisation'!$A$7,'5_categorisation'!$B$7,A14='5_categorisation'!$A$8,'5_categorisation'!$B$8,A14='5_categorisation'!$A$9,'5_categorisation'!$B$9,A14='5_categorisation'!$A22,'5_categorisation'!$B$10,A14='5_categorisation'!$A$12,'5_categorisation'!$B$12,A14='5_categorisation'!$A$12,'5_categorisation'!$B$12,A14='5_categorisation'!$A$13,'5_categorisation'!$B$13,A14='5_categorisation'!$A$14,'5_categorisation'!$B$14,A14='5_categorisation'!$A$15,'5_categorisation'!$B$15,A14='5_categorisation'!$A$16,'5_categorisation'!$B$16,A14='5_categorisation'!$A$17,'5_categorisation'!$B$17,A14='5_categorisation'!$A$11,'5_categorisation'!$B$11) -> ouest | D14: 4 | E14: LFG | F14: =ifs(E14='5_categorisation'!$D$2,'5_categorisation'!$F$2,E14='5_categorisation'!$D$3,'5_categorisation'!$F$3,E14='5_categorisation'!$D$4,'5_categorisation'!$F$4,E14='5_categorisation'!$D$5,'5_categorisation'!$F$5,E14='5_categorisation'!$D$6,'5_categorisation'!$F$6,E14='5_categorisation'!$D$7,'5_categorisation'!$F$7,E14='5_categorisation'!$D$8,'5_categorisation'!$F$8,E14='5_categorisation'!$D$9,'5_categorisation'!$F$9,E14='5_categorisation'!$D$10,'5_categorisation'!$F$10,E14='5_categorisation'!$D$11,'5_categorisation'!$F$11,E14='5_categorisation'!$D$12,'5_categorisation'!$F$12,E14='5_categorisation'!$D$13,'5_categorisation'!$F$13,E14='5_categorisation'!$D$14,'5_categorisation'!$F$14,E14='5_categorisation'!$D$15,'5_categorisation'!$F$15,E14='5_categorisation'!$D$16,'5_categorisation'!$F$16,E14='5_categorisation'!$D$17,'5_categorisation'!$F$17,E14='5_categorisation'!$D$18,'5_categorisation'!$F$18,E14='5_categorisation'!$D$19,'5_categorisation'!$F$19,E14='5_categorisation'!$D$20,'5_categorisation'!$F$20,E14='5_categorisation'!$D$21,'5_categorisation'!$F$21,E14='5_categorisation'!$D$22,'5_categorisation'!$F$22) -> gauche | G14: L'HUMAIN D'ABORD ! | H14: L'HUMAIN D'ABORD ! | I14: DARTIGOLLES Olivier | J14: =IFERROR(__xludf.DUMMYFUNCTION("FILTER(candidats!M:M,candidats!P:P=I14)"),"M") -> M | K14: 100380
A15: Aquitaine - Limousin - Poitou-Charentes | B15: =IFERROR(__xludf.DUMMYFUNCTION("FILTER('5_categorisation'!C:C,'5_categorisation'!A:A=A15)"),"Nouvelle-Aquitaine") -> Nouvelle-Aquitaine | C15: =IFS(A15='5_categorisation'!$A$2,'5_categorisation'!$B$2,A15='5_categorisation'!$A$3,'5_categorisation'!$B$3,A15='5_categorisation'!$A$4,'5_categorisation'!$B$4,A15='5_categorisation'!$A$5,'5_categorisation'!$B$5,A15='5_categorisation'!$A$6,'5_categorisation'!$B$6,A15='5_categorisation'!$A$7,'5_categorisation'!$B$7,A15='5_categorisation'!$A$8,'5_categorisation'!$B$8,A15='5_categorisation'!$A$9,'5_categorisation'!$B$9,A15='5_categorisation'!$A23,'5_categorisation'!$B$10,A15='5_categorisation'!$A$12,'5_categorisation'!$B$12,A15='5_categorisation'!$A$12,'5_categorisation'!$B$12,A15='5_categorisation'!$A$13,'5_categorisation'!$B$13,A15='5_categorisation'!$A$14,'5_categorisation'!$B$14,A15='5_categorisation'!$A$15,'5_categorisation'!$B$15,A15='5_categorisation'!$A$16,'5_categorisation'!$B$16,A15='5_categorisation'!$A$17,'5_categorisation'!$B$17,A15='5_categorisation'!$A$11,'5_categorisation'!$B$11) -> ouest | D15: 5 | E15: LDIV | F15: =ifs(E15='5_categorisation'!$D$2,'5_categorisation'!$F$2,E15='5_categorisation'!$D$3,'5_categorisation'!$F$3,E15='5_categorisation'!$D$4,'5_categorisation'!$F$4,E15='5_categorisation'!$D$5,'5_categorisation'!$F$5,E15='5_categorisation'!$D$6,'5_categorisation'!$F$6,E15='5_categorisation'!$D$7,'5_categorisation'!$F$7,E15='5_categorisation'!$D$8,'5_categorisation'!$F$8,E15='5_categorisation'!$D$9,'5_categorisation'!$F$9,E15='5_categorisation'!$D$10,'5_categorisation'!$F$10,E15='5_categorisation'!$D$11,'5_categorisation'!$F$11,E15='5_categorisation'!$D$12,'5_categorisation'!$F$12,E15='5_categorisation'!$D$13,'5_categorisation'!$F$13,E15='5_categorisation'!$D$14,'5_categorisation'!$F$14,E15='5_categorisation'!$D$15,'5_categorisation'!$F$15,E15='5_categorisation'!$D$16,'5_categorisation'!$F$16,E15='5_categorisation'!$D$17,'5_categorisation'!$F$17,E15='5_categorisation'!$D$18,'5_categorisation'!$F$18,E15='5_categorisation'!$D$19,'5_categorisation'!$F$19,E15='5_categorisation'!$D$20,'5_categorisation'!$F$20,E15='5_categorisation'!$D$21,'5_categorisation'!$F$21,E15='5_categorisation'!$D$22,'5_categorisation'!$F$22) -> autre | G15: L'UPR | H15: L'UPR AVEC FRANCOIS ASSELINEAU - LE PARTI QUI MONTE MALGRE LE SILENCE DES MEDIAS | I15: DOUET William | J15: =IFERROR(__xludf.DUMMYFUNCTION("FILTER(candidats!M:M,candidats!P:P=I15)"),"M") -> M | K15: 19050
A16: Aquitaine - Limousin - Poitou-Charentes | B16: =IFERROR(__xludf.DUMMYFUNCTION("FILTER('5_categorisation'!C:C,'5_categorisation'!A:A=A16)"),"Nouvelle-Aquitaine") -> Nouvelle-Aquitaine | C16: =IFS(A16='5_categorisation'!$A$2,'5_categorisation'!$B$2,A16='5_categorisation'!$A$3,'5_categorisation'!$B$3,A16='5_categorisation'!$A$4,'5_categorisation'!$B$4,A16='5_categorisation'!$A$5,'5_categorisation'!$B$5,A16='5_categorisation'!$A$6,'5_categorisation'!$B$6,A16='5_categorisation'!$A$7,'5_categorisation'!$B$7,A16='5_categorisation'!$A$8,'5_categorisation'!$B$8,A16='5_categorisation'!$A$9,'5_categorisation'!$B$9,A16='5_categorisation'!$A24,'5_categorisation'!$B$10,A16='5_categorisation'!$A$12,'5_categorisation'!$B$12,A16='5_categorisation'!$A$12,'5_categorisation'!$B$12,A16='5_categorisation'!$A$13,'5_categorisation'!$B$13,A16='5_categorisation'!$A$14,'5_categorisation'!$B$14,A16='5_categorisation'!$A$15,'5_categorisation'!$B$15,A16='5_categorisation'!$A$16,'5_categorisation'!$B$16,A16='5_categorisation'!$A$17,'5_categorisation'!$B$17,A16='5_categorisation'!$A$11,'5_categorisation'!$B$11) -> ouest | D16: 6 | E16: LDVG | F16: =ifs(E16='5_categorisation'!$D$2,'5_categorisation'!$F$2,E16='5_categorisation'!$D$3,'5_categorisation'!$F$3,E16='5_categorisation'!$D$4,'5_categorisation'!$F$4,E16='5_categorisation'!$D$5,'5_categorisation'!$F$5,E16='5_categorisation'!$D$6,'5_categorisation'!$F$6,E16='5_categorisation'!$D$7,'5_categorisation'!$F$7,E16='5_categorisation'!$D$8,'5_categorisation'!$F$8,E16='5_categorisation'!$D$9,'5_categorisation'!$F$9,E16='5_categorisation'!$D$10,'5_categorisation'!$F$10,E16='5_categorisation'!$D$11,'5_categorisation'!$F$11,E16='5_categorisation'!$D$12,'5_categorisation'!$F$12,E16='5_categorisation'!$D$13,'5_categorisation'!$F$13,E16='5_categorisation'!$D$14,'5_categorisation'!$F$14,E16='5_categorisation'!$D$15,'5_categorisation'!$F$15,E16='5_categorisation'!$D$16,'5_categorisation'!$F$16,E16='5_categorisation'!$D$17,'5_categorisation'!$F$17,E16='5_categorisation'!$D$18,'5_categorisation'!$F$18,E16='5_categorisation'!$D$19,'5_categorisation'!$F$19,E16='5_categorisation'!$D$20,'5_categorisation'!$F$20,E16='5_categorisation'!$D$21,'5_categorisation'!$F$21,E16='5_categorisation'!$D$22,'5_categorisation'!$F$22) -> gauche | G16: FAISONS ENSEMBLE | H16: FAISONS ENSEMBLE | I16: BOUSSION Joseph | J16: =IFERROR(__xludf.DUMMYFUNCTION("FILTER(candidats!M:M,candidats!P:P=I16)"),"M") -> M | K16: 38315
A17: Aquitaine - Limousin - Poitou-Charentes | B17: =IFERROR(__xludf.DUMMYFUNCTION("FILTER('5_categorisation'!C:C,'5_categorisation'!A:A=A17)"),"Nouvelle-Aquitaine") -> Nouvelle-Aquitaine | C17: =IFS(A17='5_categorisation'!$A$2,'5_categorisation'!$B$2,A17='5_categorisation'!$A$3,'5_categorisation'!$B$3,A17='5_categorisation'!$A$4,'5_categorisation'!$B$4,A17='5_categorisation'!$A$5,'5_categorisation'!$B$5,A17='5_categorisation'!$A$6,'5_categorisation'!$B$6,A17='5_categorisation'!$A$7,'5_categorisation'!$B$7,A17='5_categorisation'!$A$8,'5_categorisation'!$B$8,A17='5_categorisation'!$A$9,'5_categorisation'!$B$9,A17='5_categorisation'!$A25,'5_categorisation'!$B$10,A17='5_categorisation'!$A$12,'5_categorisation'!$B$12,A17='5_categorisation'!$A$12,'5_categorisation'!$B$12,A17='5_categorisation'!$A$13,'5_categorisation'!$B$13,A17='5_categorisation'!$A$14,'5_categorisation'!$B$14,A17='5_categorisation'!$A$15,'5_categorisation'!$B$15,A17='5_categorisation'!$A$16,'5_categorisation'!$B$16,A17='5_categorisation'!$A$17,'5_categorisation'!$B$17,A17='5_categorisation'!$A$11,'5_categorisation'!$B$11) -> ouest | D17: 7 | E17: LVEC | F17: =ifs(E17='5_categorisation'!$D$2,'5_categorisation'!$F$2,E17='5_categorisation'!$D$3,'5_categorisation'!$F$3,E17='5_categorisation'!$D$4,'5_categorisation'!$F$4,E17='5_categorisation'!$D$5,'5_categorisation'!$F$5,E17='5_categorisation'!$D$6,'5_categorisation'!$F$6,E17='5_categorisation'!$D$7,'5_categorisation'!$F$7,E17='5_categorisation'!$D$8,'5_categorisation'!$F$8,E17='5_categorisation'!$D$9,'5_categorisation'!$F$9,E17='5_categorisation'!$D$10,'5_categorisation'!$F$10,E17='5_categorisation'!$D$11,'5_categorisation'!$F$11,E17='5_categorisation'!$D$12,'5_categorisation'!$F$12,E17='5_categorisation'!$D$13,'5_categorisation'!$F$13,E17='5_categorisation'!$D$14,'5_categorisation'!$F$14,E17='5_categorisation'!$D$15,'5_categorisation'!$F$15,E17='5_categorisation'!$D$16,'5_categorisation'!$F$16,E17='5_categorisation'!$D$17,'5_categorisation'!$F$17,E17='5_categorisation'!$D$18,'5_categorisation'!$F$18,E17='5_categorisation'!$D$19,'5_categorisation'!$F$19,E17='5_categorisation'!$D$20,'5_categorisation'!$F$20,E17='5_categorisation'!$D$21,'5_categorisation'!$F$21,E17='5_categorisation'!$D$22,'5_categorisation'!$F$22) -> gauche | G17: OSONS MIEUX | H17: OSONS MIEUX AVEC FRANÇOISE COUTANT - LISTE ECOLOGISTE ET CITOYENNE | I17: COUTANT Françoise | J17: =IFERROR(__xludf.DUMMYFUNCTION("FILTER(candidats!M:M,candidats!P:P=I17)"),"F") -> F | K17: 115782
A18: Aquitaine - Limousin - Poitou-Charentes | B18: =IFERROR(__xludf.DUMMYFUNCTION("FILTER('5_categorisation'!C:C,'5_categorisation'!A:A=A18)"),"Nouvelle-Aquitaine") -> Nouvelle-Aquitaine | C18: =IFS(A18='5_categorisation'!$A$2,'5_categorisation'!$B$2,A18='5_categorisation'!$A$3,'5_categorisation'!$B$3,A18='5_categorisation'!$A$4,'5_categorisation'!$B$4,A18='5_categorisation'!$A$5,'5_categorisation'!$B$5,A18='5_categorisation'!$A$6,'5_categorisation'!$B$6,A18='5_categorisation'!$A$7,'5_categorisation'!$B$7,A18='5_categorisation'!$A$8,'5_categorisation'!$B$8,A18='5_categorisation'!$A$9,'5_categorisation'!$B$9,A18='5_categorisation'!$A26,'5_categorisation'!$B$10,A18='5_categorisation'!$A$12,'5_categorisation'!$B$12,A18='5_categorisation'!$A$12,'5_categorisation'!$B$12,A18='5_categorisation'!$A$13,'5_categorisation'!$B$13,A18='5_categorisation'!$A$14,'5_categorisation'!$B$14,A18='5_categorisation'!$A$15,'5_categorisation'!$B$15,A18='5_categorisation'!$A$16,'5_categorisation'!$B$16,A18='5_categorisation'!$A$17,'5_categorisation'!$B$17,A18='5_categorisation'!$A$11,'5_categorisation'!$B$11) -> ouest | D18: 8 | E18: LFN | F18: =ifs(E18='5_categorisation'!$D$2,'5_categorisation'!$F$2,E18='5_categorisation'!$D$3,'5_categorisation'!$F$3,E18='5_categorisation'!$D$4,'5_categorisation'!$F$4,E18='5_categorisation'!$D$5,'5_categorisation'!$F$5,E18='5_categorisation'!$D$6,'5_categorisation'!$F$6,E18='5_categorisation'!$D$7,'5_categorisation'!$F$7,E18='5_categorisation'!$D$8,'5_categorisation'!$F$8,E18='5_categorisation'!$D$9,'5_categorisation'!$F$9,E18='5_categorisation'!$D$10,'5_categorisation'!$F$10,E18='5_categorisation'!$D$11,'5_categorisation'!$F$11,E18='5_categorisation'!$D$12,'5_categorisation'!$F$12,E18='5_categorisation'!$D$13,'5_categorisation'!$F$13,E18='5_categorisation'!$D$14,'5_categorisation'!$F$14,E18='5_categorisation'!$D$15,'5_categorisation'!$F$15,E18='5_categorisation'!$D$16,'5_categorisation'!$F$16,E18='5_categorisation'!$D$17,'5_categorisation'!$F$17,E18='5_categorisation'!$D$18,'5_categorisation'!$F$18,E18='5_categorisation'!$D$19,'5_categorisation'!$F$19,E18='5_categorisation'!$D$20,'5_categorisation'!$F$20,E18='5_categorisation'!$D$21,'5_categorisation'!$F$21,E18='5_categorisation'!$D$22,'5_categorisation'!$F$22) -> droite | G18: LISTE FRONT NATIONAL | H18: LISTE FRONT NATIONAL PRESENTEE PAR MARINE LE PEN | I18: COLOMBIER Jacques | J18: =IFERROR(__xludf.DUMMYFUNCTION("FILTER(candidats!M:M,candidats!P:P=I18)"),"M") -> M | K18: 480621
A19: Aquitaine - Limousin - Poitou-Charentes | B19: =IFERROR(__xludf.DUMMYFUNCTION("FILTER('5_categorisation'!C:C,'5_categorisation'!A:A=A19)"),"Nouvelle-Aquitaine") -> Nouvelle-Aquitaine | C19: =IFS(A19='5_categorisation'!$A$2,'5_categorisation'!$B$2,A19='5_categorisation'!$A$3,'5_categorisation'!$B$3,A19='5_categorisation'!$A$4,'5_categorisation'!$B$4,A19='5_categorisation'!$A$5,'5_categorisation'!$B$5,A19='5_categorisation'!$A$6,'5_categorisation'!$B$6,A19='5_categorisation'!$A$7,'5_categorisation'!$B$7,A19='5_categorisation'!$A$8,'5_categorisation'!$B$8,A19='5_categorisation'!$A$9,'5_categorisation'!$B$9,A19='5_categorisation'!$A27,'5_categorisation'!$B$10,A19='5_categorisation'!$A$12,'5_categorisation'!$B$12,A19='5_categorisation'!$A$12,'5_categorisation'!$B$12,A19='5_categorisation'!$A$13,'5_categorisation'!$B$13,A19='5_categorisation'!$A$14,'5_categorisation'!$B$14,A19='5_categorisation'!$A$15,'5_categorisation'!$B$15,A19='5_categorisation'!$A$16,'5_categorisation'!$B$16,A19='5_categorisation'!$A$17,'5_categorisation'!$B$17,A19='5_categorisation'!$A$11,'5_categorisation'!$B$11) -> ouest | D19: 9 | E19: LDLF | F19: =ifs(E19='5_categorisation'!$D$2,'5_categorisation'!$F$2,E19='5_categorisation'!$D$3,'5_categorisation'!$F$3,E19='5_categorisation'!$D$4,'5_categorisation'!$F$4,E19='5_categorisation'!$D$5,'5_categorisation'!$F$5,E19='5_categorisation'!$D$6,'5_categorisation'!$F$6,E19='5_categorisation'!$D$7,'5_categorisation'!$F$7,E19='5_categorisation'!$D$8,'5_categorisation'!$F$8,E19='5_categorisation'!$D$9,'5_categorisation'!$F$9,E19='5_categorisation'!$D$10,'5_categorisation'!$F$10,E19='5_categorisation'!$D$11,'5_categorisation'!$F$11,E19='5_categorisation'!$D$12,'5_categorisation'!$F$12,E19='5_categorisation'!$D$13,'5_categorisation'!$F$13,E19='5_categorisation'!$D$14,'5_categorisation'!$F$14,E19='5_categorisation'!$D$15,'5_categorisation'!$F$15,E19='5_categorisation'!$D$16,'5_categorisation'!$F$16,E19='5_categorisation'!$D$17,'5_categorisation'!$F$17,E19='5_categorisation'!$D$18,'5_categorisation'!$F$18,E19='5_categorisation'!$D$19,'5_categorisation'!$F$19,E19='5_categorisation'!$D$20,'5_categorisation'!$F$20,E19='5_categorisation'!$D$21,'5_categorisation'!$F$21,E19='5_categorisation'!$D$22,'5_categorisation'!$F$22) -> droite | G19: DEBOUT LA FRANCE | H19: DEBOUT LA FRANCE AVEC NICOLAS DUPONT AIGNAN | I19: SETZE Yvon | J19: =IFERROR(__xludf.DUMMYFUNCTION("FILTER(candidats!M:M,candidats!P:P=I19)"),"M") -> M | K19: 69276
A20: Aquitaine - Limousin - Poitou-Charentes | B20: =IFERROR(__xludf.DUMMYFUNCTION("FILTER('5_categorisation'!C:C,'5_categorisation'!A:A=A20)"),"Nouvelle-Aquitaine") -> Nouvelle-Aquitaine | C20: =IFS(A20='5_categorisation'!$A$2,'5_categorisation'!$B$2,A20='5_categorisation'!$A$3,'5_categorisation'!$B$3,A20='5_categorisation'!$A$4,'5_categorisation'!$B$4,A20='5_categorisation'!$A$5,'5_categorisation'!$B$5,A20='5_categorisation'!$A$6,'5_categorisation'!$B$6,A20='5_categorisation'!$A$7,'5_categorisation'!$B$7,A20='5_categorisation'!$A$8,'5_categorisation'!$B$8,A20='5_categorisation'!$A$9,'5_categorisation'!$B$9,A20='5_categorisation'!$A28,'5_categorisation'!$B$10,A20='5_categorisation'!$A$12,'5_categorisation'!$B$12,A20='5_categorisation'!$A$12,'5_categorisation'!$B$12,A20='5_categorisation'!$A$13,'5_categorisation'!$B$13,A20='5_categorisation'!$A$14,'5_categorisation'!$B$14,A20='5_categorisation'!$A$15,'5_categorisation'!$B$15,A20='5_categorisation'!$A$16,'5_categorisation'!$B$16,A20='5_categorisation'!$A$17,'5_categorisation'!$B$17,A20='5_categorisation'!$A$11,'5_categorisation'!$B$11) -> ouest | D20: 10 | E20: LEXG | F20: =ifs(E20='5_categorisation'!$D$2,'5_categorisation'!$F$2,E20='5_categorisation'!$D$3,'5_categorisation'!$F$3,E20='5_categorisation'!$D$4,'5_categorisation'!$F$4,E20='5_categorisation'!$D$5,'5_categorisation'!$F$5,E20='5_categorisation'!$D$6,'5_categorisation'!$F$6,E20='5_categorisation'!$D$7,'5_categorisation'!$F$7,E20='5_categorisation'!$D$8,'5_categorisation'!$F$8,E20='5_categorisation'!$D$9,'5_categorisation'!$F$9,E20='5_categorisation'!$D$10,'5_categorisation'!$F$10,E20='5_categorisation'!$D$11,'5_categorisation'!$F$11,E20='5_categorisation'!$D$12,'5_categorisation'!$F$12,E20='5_categorisation'!$D$13,'5_categorisation'!$F$13,E20='5_categorisation'!$D$14,'5_categorisation'!$F$14,E20='5_categorisation'!$D$15,'5_categorisation'!$F$15,E20='5_categorisation'!$D$16,'5_categorisation'!$F$16,E20='5_categorisation'!$D$17,'5_categorisation'!$F$17,E20='5_categorisation'!$D$18,'5_categorisation'!$F$18,E20='5_categorisation'!$D$19,'5_categorisation'!$F$19,E20='5_categorisation'!$D$20,'5_categorisation'!$F$20,E20='5_categorisation'!$D$21,'5_categorisation'!$F$21,E20='5_categorisation'!$D$22,'5_categorisation'!$F$22) -> gauche | G20: LUTTE OUVRIERE | H20: LUTTE OUVRIERE - FAIRE ENTENDRE LE CAMP DES TRAVAILLEURS | I20: PERCHET Guillaume | J20: =IFERROR(__xludf.DUMMYFUNCTION("FILTER(candidats!M:M,candidats!P:P=I20)"),"M") -> M | K20: 29206
A21: Auvergne - Rhône-Alpes | B21: =IFERROR(__xludf.DUMMYFUNCTION("FILTER('5_categorisation'!C:C,'5_categorisation'!A:A=A21)"),"Auvergne-Rhône-Alpes") -> Auvergne-Rhône-Alpes | C21: =IFS(A21='5_categorisation'!$A$2,'5_categorisation'!$B$2,A21='5_categorisation'!$A$3,'5_categorisation'!$B$3,A21='5_categorisation'!$A$4,'5_categorisation'!$B$4,A21='5_categorisation'!$A$5,'5_categorisation'!$B$5,A21='5_categorisation'!$A$6,'5_categorisation'!$B$6,A21='5_categorisation'!$A$7,'5_categorisation'!$B$7,A21='5_categorisation'!$A$8,'5_categorisation'!$B$8,A21='5_categorisation'!$A$9,'5_categorisation'!$B$9,A21='5_categorisation'!$A29,'5_categorisation'!$B$10,A21='5_categorisation'!$A$12,'5_categorisation'!$B$12,A21='5_categorisation'!$A$12,'5_categorisation'!$B$12,A21='5_categorisation'!$A$13,'5_categorisation'!$B$13,A21='5_categorisation'!$A$14,'5_categorisation'!$B$14,A21='5_categorisation'!$A$15,'5_categorisation'!$B$15,A21='5_categorisation'!$A$16,'5_categorisation'!$B$16,A21='5_categorisation'!$A$17,'5_categorisation'!$B$17,A21='5_categorisation'!$A$11,'5_categorisation'!$B$11) -> centre | D21: 1 | E21: LDIV | F21: =ifs(E21='5_categorisation'!$D$2,'5_categorisation'!$F$2,E21='5_categorisation'!$D$3,'5_categorisation'!$F$3,E21='5_categorisation'!$D$4,'5_categorisation'!$F$4,E21='5_categorisation'!$D$5,'5_categorisation'!$F$5,E21='5_categorisation'!$D$6,'5_categorisation'!$F$6,E21='5_categorisation'!$D$7,'5_categorisation'!$F$7,E21='5_categorisation'!$D$8,'5_categorisation'!$F$8,E21='5_categorisation'!$D$9,'5_categorisation'!$F$9,E21='5_categorisation'!$D$10,'5_categorisation'!$F$10,E21='5_categorisation'!$D$11,'5_categorisation'!$F$11,E21='5_categorisation'!$D$12,'5_categorisation'!$F$12,E21='5_categorisation'!$D$13,'5_categorisation'!$F$13,E21='5_categorisation'!$D$14,'5_categorisation'!$F$14,E21='5_categorisation'!$D$15,'5_categorisation'!$F$15,E21='5_categorisation'!$D$16,'5_categorisation'!$F$16,E21='5_categorisation'!$D$17,'5_categorisation'!$F$17,E21='5_categorisation'!$D$18,'5_categorisation'!$F$18,E21='5_categorisation'!$D$19,'5_categorisation'!$F$19,E21='5_categorisation'!$D$20,'5_categorisation'!$F$20,E21='5_categorisation'!$D$21,'5_categorisation'!$F$21,E21='5_categorisation'!$D$22,'5_categorisation'!$F$22) -> autre | G21: L'UPR, AVEC FRANÇOIS ASSE | H21: L'UPR, avec François ASSELINEAU - LE PARTI QUI MONTE malgré le silence des médias | I21: FÉDÈLE Alain | J21: =IFERROR(__xludf.DUMMYFUNCTION("FILTER(candidats!M:M,candidats!P:P=I21)"),"M") -> M | K21: 21723
A22: Auvergne - Rhône-Alpes | B22: =IFERROR(__xludf.DUMMYFUNCTION("FILTER('5_categorisation'!C:C,'5_categorisation'!A:A=A22)"),"Auvergne-Rhône-Alpes") -> Auvergne-Rhône-Alpes | C22: =IFS(A22='5_categorisation'!$A$2,'5_categorisation'!$B$2,A22='5_categorisation'!$A$3,'5_categorisation'!$B$3,A22='5_categorisation'!$A$4,'5_categorisation'!$B$4,A22='5_categorisation'!$A$5,'5_categorisation'!$B$5,A22='5_categorisation'!$A$6,'5_categorisation'!$B$6,A22='5_categorisation'!$A$7,'5_categorisation'!$B$7,A22='5_categorisation'!$A$8,'5_categorisation'!$B$8,A22='5_categorisation'!$A$9,'5_categorisation'!$B$9,A22='5_categorisation'!$A30,'5_categorisation'!$B$10,A22='5_categorisation'!$A$12,'5_categorisation'!$B$12,A22='5_categorisation'!$A$12,'5_categorisation'!$B$12,A22='5_categorisation'!$A$13,'5_categorisation'!$B$13,A22='5_categorisation'!$A$14,'5_categorisation'!$B$14,A22='5_categorisation'!$A$15,'5_categorisation'!$B$15,A22='5_categorisation'!$A$16,'5_categorisation'!$B$16,A22='5_categorisation'!$A$17,'5_categorisation'!$B$17,A22='5_categorisation'!$A$11,'5_categorisation'!$B$11) -> centre | D22: 2 | E22: LDVD | F22: =ifs(E22='5_categorisation'!$D$2,'5_categorisation'!$F$2,E22='5_categorisation'!$D$3,'5_categorisation'!$F$3,E22='5_categorisation'!$D$4,'5_categorisation'!$F$4,E22='5_categorisation'!$D$5,'5_categorisation'!$F$5,E22='5_categorisation'!$D$6,'5_categorisation'!$F$6,E22='5_categorisation'!$D$7,'5_categorisation'!$F$7,E22='5_categorisation'!$D$8,'5_categorisation'!$F$8,E22='5_categorisation'!$D$9,'5_categorisation'!$F$9,E22='5_categorisation'!$D$10,'5_categorisation'!$F$10,E22='5_categorisation'!$D$11,'5_categorisation'!$F$11,E22='5_categorisation'!$D$12,'5_categorisation'!$F$12,E22='5_categorisation'!$D$13,'5_categorisation'!$F$13,E22='5_categorisation'!$D$14,'5_categorisation'!$F$14,E22='5_categorisation'!$D$15,'5_categorisation'!$F$15,E22='5_categorisation'!$D$16,'5_categorisation'!$F$16,E22='5_categorisation'!$D$17,'5_categorisation'!$F$17,E22='5_categorisation'!$D$18,'5_categorisation'!$F$18,E22='5_categorisation'!$D$19,'5_categorisation'!$F$19,E22='5_categorisation'!$D$20,'5_categorisation'!$F$20,E22='5_categorisation'!$D$21,'5_categorisation'!$F$21,E22='5_categorisation'!$D$22,'5_categorisation'!$F$22) -> droite | G22: 100% CITOYEN | H22: 100% CITOYEN | I22: LAFOND Eric | J22: =IFERROR(__xludf.DUMMYFUNCTION("FILTER(candidats!M:M,candidats!P:P=I22)"),"M") -> M | K22: 39187
A23: Auvergne - Rhône-Alpes | B23: =IFERROR(__xludf.DUMMYFUNCTION("FILTER('5_categorisation'!C:C,'5_categorisation'!A:A=A23)"),"Auvergne-Rhône-Alpes") -> Auvergne-Rhône-Alpes | C23: =IFS(A23='5_categorisation'!$A$2,'5_categorisation'!$B$2,A23='5_categorisation'!$A$3,'5_categorisation'!$B$3,A23='5_categorisation'!$A$4,'5_categorisation'!$B$4,A23='5_categorisation'!$A$5,'5_categorisation'!$B$5,A23='5_categorisation'!$A$6,'5_categorisation'!$B$6,A23='5_categorisation'!$A$7,'5_categorisation'!$B$7,A23='5_categorisation'!$A$8,'5_categorisation'!$B$8,A23='5_categorisation'!$A$9,'5_categorisation'!$B$9,A23='5_categorisation'!$A31,'5_categorisation'!$B$10,A23='5_categorisation'!$A$12,'5_categorisation'!$B$12,A23='5_categorisation'!$A$12,'5_categorisation'!$B$12,A23='5_categorisation'!$A$13,'5_categorisation'!$B$13,A23='5_categorisation'!$A$14,'5_categorisation'!$B$14,A23='5_categorisation'!$A$15,'5_categorisation'!$B$15,A23='5_categorisation'!$A$16,'5_categorisation'!$B$16,A23='5_categorisation'!$A$17,'5_categorisation'!$B$17,A23='5_categorisation'!$A$11,'5_categorisation'!$B$11) -> centre | D23: 3 | E23: LFN | F23: =ifs(E23='5_categorisation'!$D$2,'5_categorisation'!$F$2,E23='5_categorisation'!$D$3,'5_categorisation'!$F$3,E23='5_categorisation'!$D$4,'5_categorisation'!$F$4,E23='5_categorisation'!$D$5,'5_categorisation'!$F$5,E23='5_categorisation'!$D$6,'5_categorisation'!$F$6,E23='5_categorisation'!$D$7,'5_categorisation'!$F$7,E23='5_categorisation'!$D$8,'5_categorisation'!$F$8,E23='5_categorisation'!$D$9,'5_categorisation'!$F$9,E23='5_categorisation'!$D$10,'5_categorisation'!$F$10,E23='5_categorisation'!$D$11,'5_categorisation'!$F$11,E23='5_categorisation'!$D$12,'5_categorisation'!$F$12,E23='5_categorisation'!$D$13,'5_categorisation'!$F$13,E23='5_categorisation'!$D$14,'5_categorisation'!$F$14,E23='5_categorisation'!$D$15,'5_categorisation'!$F$15,E23='5_categorisation'!$D$16,'5_categorisation'!$F$16,E23='5_categorisation'!$D$17,'5_categorisation'!$F$17,E23='5_categorisation'!$D$18,'5_categorisation'!$F$18,E23='5_categorisation'!$D$19,'5_categorisation'!$F$19,E23='5_categorisation'!$D$20,'5_categorisation'!$F$20,E23='5_categorisation'!$D$21,'5_categorisation'!$F$21,E23='5_categorisation'!$D$22,'5_categorisation'!$F$22) -> droite | G23: LISTE FRONT NATIONAL PRÉS | H23: Liste Front National présentée par Marine LE PEN | I23: BOUDOT Christophe | J23: =IFERROR(__xludf.DUMMYFUNCTION("FILTER(candidats!M:M,candidats!P:P=I23)"),"M") -> M | K23: 639923
A24: Auvergne - Rhône-Alpes | B24: =IFERROR(__xludf.DUMMYFUNCTION("FILTER('5_categorisation'!C:C,'5_categorisation'!A:A=A24)"),"Auvergne-Rhône-Alpes") -> Auvergne-Rhône-Alpes | C24: =IFS(A24='5_categorisation'!$A$2,'5_categorisation'!$B$2,A24='5_categorisation'!$A$3,'5_categorisation'!$B$3,A24='5_categorisation'!$A$4,'5_categorisation'!$B$4,A24='5_categorisation'!$A$5,'5_categorisation'!$B$5,A24='5_categorisation'!$A$6,'5_categorisation'!$B$6,A24='5_categorisation'!$A$7,'5_categorisation'!$B$7,A24='5_categorisation'!$A$8,'5_categorisation'!$B$8,A24='5_categorisation'!$A$9,'5_categorisation'!$B$9,A24='5_categorisation'!$A32,'5_categorisation'!$B$10,A24='5_categorisation'!$A$12,'5_categorisation'!$B$12,A24='5_categorisation'!$A$12,'5_categorisation'!$B$12,A24='5_categorisation'!$A$13,'5_categorisation'!$B$13,A24='5_categorisation'!$A$14,'5_categorisation'!$B$14,A24='5_categorisation'!$A$15,'5_categorisation'!$B$15,A24='5_categorisation'!$A$16,'5_categorisation'!$B$16,A24='5_categorisation'!$A$17,'5_categorisation'!$B$17,A24='5_categorisation'!$A$11,'5_categorisation'!$B$11) -> centre | D24: 4 | E24: LCOM | F24: =ifs(E24='5_categorisation'!$D$2,'5_categorisation'!$F$2,E24='5_categorisation'!$D$3,'5_categorisation'!$F$3,E24='5_categorisation'!$D$4,'5_categorisation'!$F$4,E24='5_categorisation'!$D$5,'5_categorisation'!$F$5,E24='5_categorisation'!$D$6,'5_categorisation'!$F$6,E24='5_categorisation'!$D$7,'5_categorisation'!$F$7,E24='5_categorisation'!$D$8,'5_categorisation'!$F$8,E24='5_categorisation'!$D$9,'5_categorisation'!$F$9,E24='5_categorisation'!$D$10,'5_categorisation'!$F$10,E24='5_categorisation'!$D$11,'5_categorisation'!$F$11,E24='5_categorisation'!$D$12,'5_categorisation'!$F$12,E24='5_categorisation'!$D$13,'5_categorisation'!$F$13,E24='5_categorisation'!$D$14,'5_categorisation'!$F$14,E24='5_categorisation'!$D$15,'5_categorisation'!$F$15,E24='5_categorisation'!$D$16,'5_categorisation'!$F$16,E24='5_categorisation'!$D$17,'5_categorisation'!$F$17,E24='5_categorisation'!$D$18,'5_categorisation'!$F$18,E24='5_categorisation'!$D$19,'5_categorisation'!$F$19,E24='5_categorisation'!$D$20,'5_categorisation'!$F$20,E24='5_categorisation'!$D$21,'5_categorisation'!$F$21,E24='5_categorisation'!$D$22,'5_categorisation'!$F$22) -> gauche | G24: L'HUMAIN D'ABORD, AVEC LA | H24: L'Humain d'abord, avec la gauche républicaine et sociale | I24: CUKIERMAN Cécile | J24: =IFERROR(__xludf.DUMMYFUNCTION("FILTER(candidats!M:M,candidats!P:P=I24)"),"F") -> F | K24: 135274
A25: Auvergne - Rhône-Alpes | B25: =IFERROR(__xludf.DUMMYFUNCTION("FILTER('5_categorisation'!C:C,'5_categorisation'!A:A=A25)"),"Auvergne-Rhône-Alpes") -> Auvergne-Rhône-Alpes | C25: =IFS(A25='5_categorisation'!$A$2,'5_categorisation'!$B$2,A25='5_categorisation'!$A$3,'5_categorisation'!$B$3,A25='5_categorisation'!$A$4,'5_categorisation'!$B$4,A25='5_categorisation'!$A$5,'5_categorisation'!$B$5,A25='5_categorisation'!$A$6,'5_categorisation'!$B$6,A25='5_categorisation'!$A$7,'5_categorisation'!$B$7,A25='5_categorisation'!$A$8,'5_categorisation'!$B$8,A25='5_categorisation'!$A$9,'5_categorisation'!$B$9,A25='5_categorisation'!$A33,'5_categorisation'!$B$10,A25='5_categorisation'!$A$12,'5_categorisation'!$B$12,A25='5_categorisation'!$A$12,'5_categorisation'!$B$12,A25='5_categorisation'!$A$13,'5_categorisation'!$B$13,A25='5_categorisation'!$A$14,'5_categorisation'!$B$14,A25='5_categorisation'!$A$15,'5_categorisation'!$B$15,A25='5_categorisation'!$A$16,'5_categorisation'!$B$16,A25='5_categorisation'!$A$17,'5_categorisation'!$B$17,A25='5_categorisation'!$A$11,'5_categorisation'!$B$11) -> centre | D25: 5 | E25: LEXG | F25: =ifs(E25='5_categorisation'!$D$2,'5_categorisation'!$F$2,E25='5_categorisation'!$D$3,'5_categorisation'!$F$3,E25='5_categorisation'!$D$4,'5_categorisation'!$F$4,E25='5_categorisation'!$D$5,'5_categorisation'!$F$5,E25='5_categorisation'!$D$6,'5_categorisation'!$F$6,E25='5_categorisation'!$D$7,'5_categorisation'!$F$7,E25='5_categorisation'!$D$8,'5_categorisation'!$F$8,E25='5_categorisation'!$D$9,'5_categorisation'!$F$9,E25='5_categorisation'!$D$10,'5_categorisation'!$F$10,E25='5_categorisation'!$D$11,'5_categorisation'!$F$11,E25='5_categorisation'!$D$12,'5_categorisation'!$F$12,E25='5_categorisation'!$D$13,'5_categorisation'!$F$13,E25='5_categorisation'!$D$14,'5_categorisation'!$F$14,E25='5_categorisation'!$D$15,'5_categorisation'!$F$15,E25='5_categorisation'!$D$16,'5_categorisation'!$F$16,E25='5_categorisation'!$D$17,'5_categorisation'!$F$17,E25='5_categorisation'!$D$18,'5_categorisation'!$F$18,E25='5_categorisation'!$D$19,'5_categorisation'!$F$19,E25='5_categorisation'!$D$20,'5_categorisation'!$F$20,E25='5_categorisation'!$D$21,'5_categorisation'!$F$21,E25='5_categorisation'!$D$22,'5_categorisation'!$F$22) -> gauche | G25: LUTTE OUVRIERE - FAIRE EN | H25: Lutte ouvrière - Faire entendre le camp des travailleurs | I25: GOMEZ Chantal | J25: =IFERROR(__xludf.DUMMYFUNCTION("FILTER(candidats!M:M,candidats!P:P=I25)"),"F") -> F | K25: 31359
A26: Auvergne - Rhône-Alpes | B26: =IFERROR(__xludf.DUMMYFUNCTION("FILTER('5_categorisation'!C:C,'5_categorisation'!A:A=A26)"),"Auvergne-Rhône-Alpes") -> Auvergne-Rhône-Alpes | C26: =IFS(A26='5_categorisation'!$A$2,'5_categorisation'!$B$2,A26='5_categorisation'!$A$3,'5_categorisation'!$B$3,A26='5_categorisation'!$A$4,'5_categorisation'!$B$4,A26='5_categorisation'!$A$5,'5_categorisation'!$B$5,A26='5_categorisation'!$A$6,'5_categorisation'!$B$6,A26='5_categorisation'!$A$7,'5_categorisation'!$B$7,A26='5_categorisation'!$A$8,'5_categorisation'!$B$8,A26='5_categorisation'!$A$9,'5_categorisation'!$B$9,A26='5_categorisation'!$A34,'5_categorisation'!$B$10,A26='5_categorisation'!$A$12,'5_categorisation'!$B$12,A26='5_categorisation'!$A$12,'5_categorisation'!$B$12,A26='5_categorisation'!$A$13,'5_categorisation'!$B$13,A26='5_categorisation'!$A$14,'5_categorisation'!$B$14,A26='5_categorisation'!$A$15,'5_categorisation'!$B$15,A26='5_categorisation'!$A$16,'5_categorisation'!$B$16,A26='5_categorisation'!$A$17,'5_categorisation'!$B$17,A26='5_categorisation'!$A$11,'5_categorisation'!$B$11) -> centre | D26: 6 | E26: LUD | F26: =ifs(E26='5_categorisation'!$D$2,'5_categorisation'!$F$2,E26='5_categorisation'!$D$3,'5_categorisation'!$F$3,E26='5_categorisation'!$D$4,'5_categorisation'!$F$4,E26='5_categorisation'!$D$5,'5_categorisation'!$F$5,E26='5_categorisation'!$D$6,'5_categorisation'!$F$6,E26='5_categorisation'!$D$7,'5_categorisation'!$F$7,E26='5_categorisation'!$D$8,'5_categorisation'!$F$8,E26='5_categorisation'!$D$9,'5_categorisation'!$F$9,E26='5_categorisation'!$D$10,'5_categorisation'!$F$10,E26='5_categorisation'!$D$11,'5_categorisation'!$F$11,E26='5_categorisation'!$D$12,'5_categorisation'!$F$12,E26='5_categorisation'!$D$13,'5_categorisation'!$F$13,E26='5_categorisation'!$D$14,'5_categorisation'!$F$14,E26='5_categorisation'!$D$15,'5_categorisation'!$F$15,E26='5_categorisation'!$D$16,'5_categorisation'!$F$16,E26='5_categorisation'!$D$17,'5_categorisation'!$F$17,E26='5_categorisation'!$D$18,'5_categorisation'!$F$18,E26='5_categorisation'!$D$19,'5_categorisation'!$F$19,E26='5_categorisation'!$D$20,'5_categorisation'!$F$20,E26='5_categorisation'!$D$21,'5_categorisation'!$F$21,E26='5_categorisation'!$D$22,'5_categorisation'!$F$22) -> droite | G26: WAUQUIEZ 2015, UN NOUVEAU | H26: WAUQUIEZ 2015, un nouveau souffle pour notre région LE GRAND RASSEMBLEMENT de la DROITE et du CENTRE | I26: WAUQUIEZ Laurent | J26: =IFERROR(__xludf.DUMMYFUNCTION("FILTER(candidats!M:M,candidats!P:P=I26)"),"M") -> M | K26: 795661
A27: Auvergne - Rhône-Alpes | B27: =IFERROR(__xludf.DUMMYFUNCTION("FILTER('5_categorisation'!C:C,'5_categorisation'!A:A=A27)"),"Auvergne-Rhône-Alpes") -> Auvergne-Rhône-Alpes | C27: =IFS(A27='5_categorisation'!$A$2,'5_categorisation'!$B$2,A27='5_categorisation'!$A$3,'5_categorisation'!$B$3,A27='5_categorisation'!$A$4,'5_categorisation'!$B$4,A27='5_categorisation'!$A$5,'5_categorisation'!$B$5,A27='5_categorisation'!$A$6,'5_categorisation'!$B$6,A27='5_categorisation'!$A$7,'5_categorisation'!$B$7,A27='5_categorisation'!$A$8,'5_categorisation'!$B$8,A27='5_categorisation'!$A$9,'5_categorisation'!$B$9,A27='5_categorisation'!$A35,'5_categorisation'!$B$10,A27='5_categorisation'!$A$12,'5_categorisation'!$B$12,A27='5_categorisation'!$A$12,'5_categorisation'!$B$12,A27='5_categorisation'!$A$13,'5_categorisation'!$B$13,A27='5_categorisation'!$A$14,'5_categorisation'!$B$14,A27='5_categorisation'!$A$15,'5_categorisation'!$B$15,A27='5_categorisation'!$A$16,'5_categorisation'!$B$16,A27='5_categorisation'!$A$17,'5_categorisation'!$B$17,A27='5_categorisation'!$A$11,'5_categorisation'!$B$11) -> centre | D27: 8 | E27: LVEG | F27: =ifs(E27='5_categorisation'!$D$2,'5_categorisation'!$F$2,E27='5_categorisation'!$D$3,'5_categorisation'!$F$3,E27='5_categorisation'!$D$4,'5_categorisation'!$F$4,E27='5_categorisation'!$D$5,'5_categorisation'!$F$5,E27='5_categorisation'!$D$6,'5_categorisation'!$F$6,E27='5_categorisation'!$D$7,'5_categorisation'!$F$7,E27='5_categorisation'!$D$8,'5_categorisation'!$F$8,E27='5_categorisation'!$D$9,'5_categorisation'!$F$9,E27='5_categorisation'!$D$10,'5_categorisation'!$F$10,E27='5_categorisation'!$D$11,'5_categorisation'!$F$11,E27='5_categorisation'!$D$12,'5_categorisation'!$F$12,E27='5_categorisation'!$D$13,'5_categorisation'!$F$13,E27='5_categorisation'!$D$14,'5_categorisation'!$F$14,E27='5_categorisation'!$D$15,'5_categorisation'!$F$15,E27='5_categorisation'!$D$16,'5_categorisation'!$F$16,E27='5_categorisation'!$D$17,'5_categorisation'!$F$17,E27='5_categorisation'!$D$18,'5_categorisation'!$F$18,E27='5_categorisation'!$D$19,'5_categorisation'!$F$19,E27='5_categorisation'!$D$20,'5_categorisation'!$F$20,E27='5_categorisation'!$D$21,'5_categorisation'!$F$21,E27='5_categorisation'!$D$22,'5_categorisation'!$F$22) -> gauche | G27: LE RASSEMBLEMENT CITOYEN, | H27: LE RASSEMBLEMENT CITOYEN, ECOLOGIQUE ET SOLIDAIRE | I27: KOHLHAAS Jean-Charles | J27: =IFERROR(__xludf.DUMMYFUNCTION("FILTER(candidats!M:M,candidats!P:P=I27)"),"M") -> M | K27: 173038
A28: Auvergne - Rhône-Alpes | B28: =IFERROR(__xludf.DUMMYFUNCTION("FILTER('5_categorisation'!C:C,'5_categorisation'!A:A=A28)"),"Auvergne-Rhône-Alpes") -> Auvergne-Rhône-Alpes | C28: =IFS(A28='5_categorisation'!$A$2,'5_categorisation'!$B$2,A28='5_categorisation'!$A$3,'5_categorisation'!$B$3,A28='5_categorisation'!$A$4,'5_categorisation'!$B$4,A28='5_categorisation'!$A$5,'5_categorisation'!$B$5,A28='5_categorisation'!$A$6,'5_categorisation'!$B$6,A28='5_categorisation'!$A$7,'5_categorisation'!$B$7,A28='5_categorisation'!$A$8,'5_categorisation'!$B$8,A28='5_categorisation'!$A$9,'5_categorisation'!$B$9,A28='5_categorisation'!$A36,'5_categorisation'!$B$10,A28='5_categorisation'!$A$12,'5_categorisation'!$B$12,A28='5_categorisation'!$A$12,'5_categorisation'!$B$12,A28='5_categorisation'!$A$13,'5_categorisation'!$B$13,A28='5_categorisation'!$A$14,'5_categorisation'!$B$14,A28='5_categorisation'!$A$15,'5_categorisation'!$B$15,A28='5_categorisation'!$A$16,'5_categorisation'!$B$16,A28='5_categorisation'!$A$17,'5_categorisation'!$B$17,A28='5_categorisation'!$A$11,'5_categorisation'!$B$11) -> centre | D28: 9 | E28: LDLF | F28: =ifs(E28='5_categorisation'!$D$2,'5_categorisation'!$F$2,E28='5_categorisation'!$D$3,'5_categorisation'!$F$3,E28='5_categorisation'!$D$4,'5_categorisation'!$F$4,E28='5_categorisation'!$D$5,'5_categorisation'!$F$5,E28='5_categorisation'!$D$6,'5_categorisation'!$F$6,E28='5_categorisation'!$D$7,'5_categorisation'!$F$7,E28='5_categorisation'!$D$8,'5_categorisation'!$F$8,E28='5_categorisation'!$D$9,'5_categorisation'!$F$9,E28='5_categorisation'!$D$10,'5_categorisation'!$F$10,E28='5_categorisation'!$D$11,'5_categorisation'!$F$11,E28='5_categorisation'!$D$12,'5_categorisation'!$F$12,E28='5_categorisation'!$D$13,'5_categorisation'!$F$13,E28='5_categorisation'!$D$14,'5_categorisation'!$F$14,E28='5_categorisation'!$D$15,'5_categorisation'!$F$15,E28='5_categorisation'!$D$16,'5_categorisation'!$F$16,E28='5_categorisation'!$D$17,'5_categorisation'!$F$17,E28='5_categorisation'!$D$18,'5_categorisation'!$F$18,E28='5_categorisation'!$D$19,'5_categorisation'!$F$19,E28='5_categorisation'!$D$20,'5_categorisation'!$F$20,E28='5_categorisation'!$D$21,'5_categorisation'!$F$21,E28='5_categorisation'!$D$22,'5_categorisation'!$F$22) -> droite | G28: DEBOUT LA FRANCE AVEC NIC | H28: DEBOUT LA FRANCE AVEC NICOLAS DUPONT-AIGNAN | I28: RAMBAUD Gerbert | J28: =IFERROR(__xludf.DUMMYFUNCTION("FILTER(candidats!M:M,candidats!P:P=I28)"),"M") -> M | K28: 71538
A29: Auvergne - Rhône-Alpes | B29: =IFERROR(__xludf.DUMMYFUNCTION("FILTER('5_categorisation'!C:C,'5_categorisation'!A:A=A29)"),"Auvergne-Rhône-Alpes") -> Auvergne-Rhône-Alpes | C29: =IFS(A29='5_categorisation'!$A$2,'5_categorisation'!$B$2,A29='5_categorisation'!$A$3,'5_categorisation'!$B$3,A29='5_categorisation'!$A$4,'5_categorisation'!$B$4,A29='5_categorisation'!$A$5,'5_categorisation'!$B$5,A29='5_categorisation'!$A$6,'5_categorisation'!$B$6,A29='5_categorisation'!$A$7,'5_categorisation'!$B$7,A29='5_categorisation'!$A$8,'5_categorisation'!$B$8,A29='5_categorisation'!$A$9,'5_categorisation'!$B$9,A29='5_categorisation'!$A37,'5_categorisation'!$B$10,A29='5_categorisation'!$A$12,'5_categorisation'!$B$12,A29='5_categorisation'!$A$12,'5_categorisation'!$B$12,A29='5_categorisation'!$A$13,'5_categorisation'!$B$13,A29='5_categorisation'!$A$14,'5_categorisation'!$B$14,A29='5_categorisation'!$A$15,'5_categorisation'!$B$15,A29='5_categorisation'!$A$16,'5_categorisation'!$B$16,A29='5_categorisation'!$A$17,'5_categorisation'!$B$17,A29='5_categorisation'!$A$11,'5_categorisation'!$B$11) -> centre | D29: 10 | E29: LUG | F29: =ifs(E29='5_categorisation'!$D$2,'5_categorisation'!$F$2,E29='5_categorisation'!$D$3,'5_categorisation'!$F$3,E29='5_categorisation'!$D$4,'5_categorisation'!$F$4,E29='5_categorisation'!$D$5,'5_categorisation'!$F$5,E29='5_categorisation'!$D$6,'5_categorisation'!$F$6,E29='5_categorisation'!$D$7,'5_categorisation'!$F$7,E29='5_categorisation'!$D$8,'5_categorisation'!$F$8,E29='5_categorisation'!$D$9,'5_categorisation'!$F$9,E29='5_categorisation'!$D$10,'5_categorisation'!$F$10,E29='5_categorisation'!$D$11,'5_categorisation'!$F$11,E29='5_categorisation'!$D$12,'5_categorisation'!$F$12,E29='5_categorisation'!$D$13,'5_categorisation'!$F$13,E29='5_categorisation'!$D$14,'5_categorisation'!$F$14,E29='5_categorisation'!$D$15,'5_categorisation'!$F$15,E29='5_categorisation'!$D$16,'5_categorisation'!$F$16,E29='5_categorisation'!$D$17,'5_categorisation'!$F$17,E29='5_categorisation'!$D$18,'5_categorisation'!$F$18,E29='5_categorisation'!$D$19,'5_categorisation'!$F$19,E29='5_categorisation'!$D$20,'5_categorisation'!$F$20,E29='5_categorisation'!$D$21,'5_categorisation'!$F$21,E29='5_categorisation'!$D$22,'5_categorisation'!$F$22) -> gauche | G29: NOUS, C'EST LA RÉGION | H29: NOUS, C'EST LA RÉGION | I29: QUEYRANNE Jean-Jack | J29: =IFERROR(__xludf.DUMMYFUNCTION("FILTER(candidats!M:M,candidats!P:P=I29)"),"M") -> M | K29: 600112
A30: Bourgogne - Franche-Comté | B30: =IFERROR(__xludf.DUMMYFUNCTION("FILTER('5_categorisation'!C:C,'5_categorisation'!A:A=A30)"),"Bourgogne-Franche-Comté") -> Bourgogne-Franche-Comté | C30: =IFS(A30='5_categorisation'!$A$2,'5_categorisation'!$B$2,A30='5_categorisation'!$A$3,'5_categorisation'!$B$3,A30='5_categorisation'!$A$4,'5_categorisation'!$B$4,A30='5_categorisation'!$A$5,'5_categorisation'!$B$5,A30='5_categorisation'!$A$6,'5_categorisation'!$B$6,A30='5_categorisation'!$A$7,'5_categorisation'!$B$7,A30='5_categorisation'!$A$8,'5_categorisation'!$B$8,A30='5_categorisation'!$A$9,'5_categorisation'!$B$9,A30='5_categorisation'!$A38,'5_categorisation'!$B$10,A30='5_categorisation'!$A$12,'5_categorisation'!$B$12,A30='5_categorisation'!$A$12,'5_categorisation'!$B$12,A30='5_categorisation'!$A$13,'5_categorisation'!$B$13,A30='5_categorisation'!$A$14,'5_categorisation'!$B$14,A30='5_categorisation'!$A$15,'5_categorisation'!$B$15,A30='5_categorisation'!$A$16,'5_categorisation'!$B$16,A30='5_categorisation'!$A$17,'5_categorisation'!$B$17,A30='5_categorisation'!$A$11,'5_categorisation'!$B$11) -> est | D30: 1 | E30: LFN | F30: =ifs(E30='5_categorisation'!$D$2,'5_categorisation'!$F$2,E30='5_categorisation'!$D$3,'5_categorisation'!$F$3,E30='5_categorisation'!$D$4,'5_categorisation'!$F$4,E30='5_categorisation'!$D$5,'5_categorisation'!$F$5,E30='5_categorisation'!$D$6,'5_categorisation'!$F$6,E30='5_categorisation'!$D$7,'5_categorisation'!$F$7,E30='5_categorisation'!$D$8,'5_categorisation'!$F$8,E30='5_categorisation'!$D$9,'5_categorisation'!$F$9,E30='5_categorisation'!$D$10,'5_categorisation'!$F$10,E30='5_categorisation'!$D$11,'5_categorisation'!$F$11,E30='5_categorisation'!$D$12,'5_categorisation'!$F$12,E30='5_categorisation'!$D$13,'5_categorisation'!$F$13,E30='5_categorisation'!$D$14,'5_categorisation'!$F$14,E30='5_categorisation'!$D$15,'5_categorisation'!$F$15,E30='5_categorisation'!$D$16,'5_categorisation'!$F$16,E30='5_categorisation'!$D$17,'5_categorisation'!$F$17,E30='5_categorisation'!$D$18,'5_categorisation'!$F$18,E30='5_categorisation'!$D$19,'5_categorisation'!$F$19,E30='5_categorisation'!$D$20,'5_categorisation'!$F$20,E30='5_categorisation'!$D$21,'5_categorisation'!$F$21,E30='5_categorisation'!$D$22,'5_categorisation'!$F$22) -> droite | G30: FRONT NATIONAL | H30: LISTE FRONT NATIONAL PRÉSENTÉE PAR MARINE LE PEN | I30: MONTEL Sophie | J30: =IFERROR(__xludf.DUMMYFUNCTION("FILTER(candidats!M:M,candidats!P:P=I30)"),"F") -> F | K30: 303143
A31: Bourgogne - Franche-Comté | B31: =IFERROR(__xludf.DUMMYFUNCTION("FILTER('5_categorisation'!C:C,'5_categorisation'!A:A=A31)"),"Bourgogne-Franche-Comté") -> Bourgogne-Franche-Comté | C31: =IFS(A31='5_categorisation'!$A$2,'5_categorisation'!$B$2,A31='5_categorisation'!$A$3,'5_categorisation'!$B$3,A31='5_categorisation'!$A$4,'5_categorisation'!$B$4,A31='5_categorisation'!$A$5,'5_categorisation'!$B$5,A31='5_categorisation'!$A$6,'5_categorisation'!$B$6,A31='5_categorisation'!$A$7,'5_categorisation'!$B$7,A31='5_categorisation'!$A$8,'5_categorisation'!$B$8,A31='5_categorisation'!$A$9,'5_categorisation'!$B$9,A31='5_categorisation'!$A39,'5_categorisation'!$B$10,A31='5_categorisation'!$A$12,'5_categorisation'!$B$12,A31='5_categorisation'!$A$12,'5_categorisation'!$B$12,A31='5_categorisation'!$A$13,'5_categorisation'!$B$13,A31='5_categorisation'!$A$14,'5_categorisation'!$B$14,A31='5_categorisation'!$A$15,'5_categorisation'!$B$15,A31='5_categorisation'!$A$16,'5_categorisation'!$B$16,A31='5_categorisation'!$A$17,'5_categorisation'!$B$17,A31='5_categorisation'!$A$11,'5_categorisation'!$B$11) -> est | D31: 2 | E31: LDIV | F31: =ifs(E31='5_categorisation'!$D$2,'5_categorisation'!$F$2,E31='5_categorisation'!$D$3,'5_categorisation'!$F$3,E31='5_categorisation'!$D$4,'5_categorisation'!$F$4,E31='5_categorisation'!$D$5,'5_categorisation'!$F$5,E31='5_categorisation'!$D$6,'5_categorisation'!$F$6,E31='5_categorisation'!$D$7,'5_categorisation'!$F$7,E31='5_categorisation'!$D$8,'5_categorisation'!$F$8,E31='5_categorisation'!$D$9,'5_categorisation'!$F$9,E31='5_categorisation'!$D$10,'5_categorisation'!$F$10,E31='5_categorisation'!$D$11,'5_categorisation'!$F$11,E31='5_categorisation'!$D$12,'5_categorisation'!$F$12,E31='5_categorisation'!$D$13,'5_categorisation'!$F$13,E31='5_categorisation'!$D$14,'5_categorisation'!$F$14,E31='5_categorisation'!$D$15,'5_categorisation'!$F$15,E31='5_categorisation'!$D$16,'5_categorisation'!$F$16,E31='5_categorisation'!$D$17,'5_categorisation'!$F$17,E31='5_categorisation'!$D$18,'5_categorisation'!$F$18,E31='5_categorisation'!$D$19,'5_categorisation'!$F$19,E31='5_categorisation'!$D$20,'5_categorisation'!$F$20,E31='5_categorisation'!$D$21,'5_categorisation'!$F$21,E31='5_categorisation'!$D$22,'5_categorisation'!$F$22) -> autre | G31: UPR | H31: L'UPR avec François ASSELINEAU - LE PARTI QUI MONTE malgré le silence des médias | I31: GALLOIS Charles-Henri | J31: =IFERROR(__xludf.DUMMYFUNCTION("FILTER(candidats!M:M,candidats!P:P=I31)"),"M") -> M | K31: 8835
A32: Bourgogne - Franche-Comté | B32: =IFERROR(__xludf.DUMMYFUNCTION("FILTER('5_categorisation'!C:C,'5_categorisation'!A:A=A32)"),"Bourgogne-Franche-Comté") -> Bourgogne-Franche-Comté | C32: =IFS(A32='5_categorisation'!$A$2,'5_categorisation'!$B$2,A32='5_categorisation'!$A$3,'5_categorisation'!$B$3,A32='5_categorisation'!$A$4,'5_categorisation'!$B$4,A32='5_categorisation'!$A$5,'5_categorisation'!$B$5,A32='5_categorisation'!$A$6,'5_categorisation'!$B$6,A32='5_categorisation'!$A$7,'5_categorisation'!$B$7,A32='5_categorisation'!$A$8,'5_categorisation'!$B$8,A32='5_categorisation'!$A$9,'5_categorisation'!$B$9,A32='5_categorisation'!$A40,'5_categorisation'!$B$10,A32='5_categorisation'!$A$12,'5_categorisation'!$B$12,A32='5_categorisation'!$A$12,'5_categorisation'!$B$12,A32='5_categorisation'!$A$13,'5_categorisation'!$B$13,A32='5_categorisation'!$A$14,'5_categorisation'!$B$14,A32='5_categorisation'!$A$15,'5_categorisation'!$B$15,A32='5_categorisation'!$A$16,'5_categorisation'!$B$16,A32='5_categorisation'!$A$17,'5_categorisation'!$B$17,A32='5_categorisation'!$A$11,'5_categorisation'!$B$11) -> est | D32: 3 | E32: LUD | F32: =ifs(E32='5_categorisation'!$D$2,'5_categorisation'!$F$2,E32='5_categorisation'!$D$3,'5_categorisation'!$F$3,E32='5_categorisation'!$D$4,'5_categorisation'!$F$4,E32='5_categorisation'!$D$5,'5_categorisation'!$F$5,E32='5_categorisation'!$D$6,'5_categorisation'!$F$6,E32='5_categorisation'!$D$7,'5_categorisation'!$F$7,E32='5_categorisation'!$D$8,'5_categorisation'!$F$8,E32='5_categorisation'!$D$9,'5_categorisation'!$F$9,E32='5_categorisation'!$D$10,'5_categorisation'!$F$10,E32='5_categorisation'!$D$11,'5_categorisation'!$F$11,E32='5_categorisation'!$D$12,'5_categorisation'!$F$12,E32='5_categorisation'!$D$13,'5_categorisation'!$F$13,E32='5_categorisation'!$D$14,'5_categorisation'!$F$14,E32='5_categorisation'!$D$15,'5_categorisation'!$F$15,E32='5_categorisation'!$D$16,'5_categorisation'!$F$16,E32='5_categorisation'!$D$17,'5_categorisation'!$F$17,E32='5_categorisation'!$D$18,'5_categorisation'!$F$18,E32='5_categorisation'!$D$19,'5_categorisation'!$F$19,E32='5_categorisation'!$D$20,'5_categorisation'!$F$20,E32='5_categorisation'!$D$21,'5_categorisation'!$F$21,E32='5_categorisation'!$D$22,'5_categorisation'!$F$22) -> droite | G32: REGION GRAND | H32: LA REGION EN GRAND | I32: SAUVADET François | J32: =IFERROR(__xludf.DUMMYFUNCTION("FILTER(candidats!M:M,candidats!P:P=I32)"),"M") -> M | K32: 231069
A33: Bourgogne - Franche-Comté | B33: =IFERROR(__xludf.DUMMYFUNCTION("FILTER('5_categorisation'!C:C,'5_categorisation'!A:A=A33)"),"Bourgogne-Franche-Comté") -> Bourgogne-Franche-Comté | C33: =IFS(A33='5_categorisation'!$A$2,'5_categorisation'!$B$2,A33='5_categorisation'!$A$3,'5_categorisation'!$B$3,A33='5_categorisation'!$A$4,'5_categorisation'!$B$4,A33='5_categorisation'!$A$5,'5_categorisation'!$B$5,A33='5_categorisation'!$A$6,'5_categorisation'!$B$6,A33='5_categorisation'!$A$7,'5_categorisation'!$B$7,A33='5_categorisation'!$A$8,'5_categorisation'!$B$8,A33='5_categorisation'!$A$9,'5_categorisation'!$B$9,A33='5_categorisation'!$A41,'5_categorisation'!$B$10,A33='5_categorisation'!$A$12,'5_categorisation'!$B$12,A33='5_categorisation'!$A$12,'5_categorisation'!$B$12,A33='5_categorisation'!$A$13,'5_categorisation'!$B$13,A33='5_categorisation'!$A$14,'5_categorisation'!$B$14,A33='5_categorisation'!$A$15,'5_categorisation'!$B$15,A33='5_categorisation'!$A$16,'5_categorisation'!$B$16,A33='5_categorisation'!$A$17,'5_categorisation'!$B$17,A33='5_categorisation'!$A$11,'5_categorisation'!$B$11) -> est | D33: 4 | E33: LECO | F33: =ifs(E33='5_categorisation'!$D$2,'5_categorisation'!$F$2,E33='5_categorisation'!$D$3,'5_categorisation'!$F$3,E33='5_categorisation'!$D$4,'5_categorisation'!$F$4,E33='5_categorisation'!$D$5,'5_categorisation'!$F$5,E33='5_categorisation'!$D$6,'5_categorisation'!$F$6,E33='5_categorisation'!$D$7,'5_categorisation'!$F$7,E33='5_categorisation'!$D$8,'5_categorisation'!$F$8,E33='5_categorisation'!$D$9,'5_categorisation'!$F$9,E33='5_categorisation'!$D$10,'5_categorisation'!$F$10,E33='5_categorisation'!$D$11,'5_categorisation'!$F$11,E33='5_categorisation'!$D$12,'5_categorisation'!$F$12,E33='5_categorisation'!$D$13,'5_categorisation'!$F$13,E33='5_categorisation'!$D$14,'5_categorisation'!$F$14,E33='5_categorisation'!$D$15,'5_categorisation'!$F$15,E33='5_categorisation'!$D$16,'5_categorisation'!$F$16,E33='5_categorisation'!$D$17,'5_categorisation'!$F$17,E33='5_categorisation'!$D$18,'5_categorisation'!$F$18,E33='5_categorisation'!$D$19,'5_categorisation'!$F$19,E33='5_categorisation'!$D$20,'5_categorisation'!$F$20,E33='5_categorisation'!$D$21,'5_categorisation'!$F$21,E33='5_categorisation'!$D$22,'5_categorisation'!$F$22) -> gauche | G33: AEI BFC | H33: ALLIANCE ECOLOGISTE INDEPENDANTE DE BOURGOGNE ET FRANCHE-COMTE | I33: GONZALEZ Julien | J33: =IFERROR(__xludf.DUMMYFUNCTION("FILTER(candidats!M:M,candidats!P:P=I33)"),"M") -> M | K33: 20616
A34: Bourgogne - Franche-Comté | B34: =IFERROR(__xludf.DUMMYFUNCTION("FILTER('5_categorisation'!C:C,'5_categorisation'!A:A=A34)"),"Bourgogne-Franche-Comté") -> Bourgogne-Franche-Comté | C34: =IFS(A34='5_categorisation'!$A$2,'5_categorisation'!$B$2,A34='5_categorisation'!$A$3,'5_categorisation'!$B$3,A34='5_categorisation'!$A$4,'5_categorisation'!$B$4,A34='5_categorisation'!$A$5,'5_categorisation'!$B$5,A34='5_categorisation'!$A$6,'5_categorisation'!$B$6,A34='5_categorisation'!$A$7,'5_categorisation'!$B$7,A34='5_categorisation'!$A$8,'5_categorisation'!$B$8,A34='5_categorisation'!$A$9,'5_categorisation'!$B$9,A34='5_categorisation'!$A42,'5_categorisation'!$B$10,A34='5_categorisation'!$A$12,'5_categorisation'!$B$12,A34='5_categorisation'!$A$12,'5_categorisation'!$B$12,A34='5_categorisation'!$A$13,'5_categorisation'!$B$13,A34='5_categorisation'!$A$14,'5_categorisation'!$B$14,A34='5_categorisation'!$A$15,'5_categorisation'!$B$15,A34='5_categorisation'!$A$16,'5_categorisation'!$B$16,A34='5_categorisation'!$A$17,'5_categorisation'!$B$17,A34='5_categorisation'!$A$11,'5_categorisation'!$B$11) -> est | D34: 5 | E34: LVEC | F34: =ifs(E34='5_categorisation'!$D$2,'5_categorisation'!$F$2,E34='5_categorisation'!$D$3,'5_categorisation'!$F$3,E34='5_categorisation'!$D$4,'5_categorisation'!$F$4,E34='5_categorisation'!$D$5,'5_categorisation'!$F$5,E34='5_categorisation'!$D$6,'5_categorisation'!$F$6,E34='5_categorisation'!$D$7,'5_categorisation'!$F$7,E34='5_categorisation'!$D$8,'5_categorisation'!$F$8,E34='5_categorisation'!$D$9,'5_categorisation'!$F$9,E34='5_categorisation'!$D$10,'5_categorisation'!$F$10,E34='5_categorisation'!$D$11,'5_categorisation'!$F$11,E34='5_categorisation'!$D$12,'5_categorisation'!$F$12,E34='5_categorisation'!$D$13,'5_categorisation'!$F$13,E34='5_categorisation'!$D$14,'5_categorisation'!$F$14,E34='5_categorisation'!$D$15,'5_categorisation'!$F$15,E34='5_categorisation'!$D$16,'5_categorisation'!$F$16,E34='5_categorisation'!$D$17,'5_categorisation'!$F$17,E34='5_categorisation'!$D$18,'5_categorisation'!$F$18,E34='5_categorisation'!$D$19,'5_categorisation'!$F$19,E34='5_categorisation'!$D$20,'5_categorisation'!$F$20,E34='5_categorisation'!$D$21,'5_categorisation'!$F$21,E34='5_categorisation'!$D$22,'5_categorisation'!$F$22) -> gauche | G34: ÉCOLOGISTES BFC | H34: LES ÉCOLOGISTES DE BOURGOGNE FRANCHE-COMTÉ | I34: PRUDHOMME Cécile | J34: =IFERROR(__xludf.DUMMYFUNCTION("FILTER(candidats!M:M,candidats!P:P=I34)"),"F") -> F | K34: 37707
A35: Bourgogne - Franche-Comté | B35: =IFERROR(__xludf.DUMMYFUNCTION("FILTER('5_categorisation'!C:C,'5_categorisation'!A:A=A35)"),"Bourgogne-Franche-Comté") -> Bourgogne-Franche-Comté | C35: =IFS(A35='5_categorisation'!$A$2,'5_categorisation'!$B$2,A35='5_categorisation'!$A$3,'5_categorisation'!$B$3,A35='5_categorisation'!$A$4,'5_categorisation'!$B$4,A35='5_categorisation'!$A$5,'5_categorisation'!$B$5,A35='5_categorisation'!$A$6,'5_categorisation'!$B$6,A35='5_categorisation'!$A$7,'5_categorisation'!$B$7,A35='5_categorisation'!$A$8,'5_categorisation'!$B$8,A35='5_categorisation'!$A$9,'5_categorisation'!$B$9,A35='5_categorisation'!$A43,'5_categorisation'!$B$10,A35='5_categorisation'!$A$12,'5_categorisation'!$B$12,A35='5_categorisation'!$A$12,'5_categorisation'!$B$12,A35='5_categorisation'!$A$13,'5_categorisation'!$B$13,A35='5_categorisation'!$A$14,'5_categorisation'!$B$14,A35='5_categorisation'!$A$15,'5_categorisation'!$B$15,A35='5_categorisation'!$A$16,'5_categorisation'!$B$16,A35='5_categorisation'!$A$17,'5_categorisation'!$B$17,A35='5_categorisation'!$A$11,'5_categorisation'!$B$11) -> est | D35: 6 | E35: LFG | F35: =ifs(E35='5_categorisation'!$D$2,'5_categorisation'!$F$2,E35='5_categorisation'!$D$3,'5_categorisation'!$F$3,E35='5_categorisation'!$D$4,'5_categorisation'!$F$4,E35='5_categorisation'!$D$5,'5_categorisation'!$F$5,E35='5_categorisation'!$D$6,'5_categorisation'!$F$6,E35='5_categorisation'!$D$7,'5_categorisation'!$F$7,E35='5_categorisation'!$D$8,'5_categorisation'!$F$8,E35='5_categorisation'!$D$9,'5_categorisation'!$F$9,E35='5_categorisation'!$D$10,'5_categorisation'!$F$10,E35='5_categorisation'!$D$11,'5_categorisation'!$F$11,E35='5_categorisation'!$D$12,'5_categorisation'!$F$12,E35='5_categorisation'!$D$13,'5_categorisation'!$F$13,E35='5_categorisation'!$D$14,'5_categorisation'!$F$14,E35='5_categorisation'!$D$15,'5_categorisation'!$F$15,E35='5_categorisation'!$D$16,'5_categorisation'!$F$16,E35='5_categorisation'!$D$17,'5_categorisation'!$F$17,E35='5_categorisation'!$D$18,'5_categorisation'!$F$18,E35='5_categorisation'!$D$19,'5_categorisation'!$F$19,E35='5_categorisation'!$D$20,'5_categorisation'!$F$20,E35='5_categorisation'!$D$21,'5_categorisation'!$F$21,E35='5_categorisation'!$D$22,'5_categorisation'!$F$22) -> gauche | G35: ALTERNATIVE GAUCHE | H35: L'ALTERNATIVE À GAUCHE | I35: VERMOREL Nathalie | J35: =IFERROR(__xludf.DUMMYFUNCTION("FILTER(candidats!M:M,candidats!P:P=I35)"),"F") -> F | K35: 44471
A36: Bourgogne - Franche-Comté | B36: =IFERROR(__xludf.DUMMYFUNCTION("FILTER('5_categorisation'!C:C,'5_categorisation'!A:A=A36)"),"Bourgogne-Franche-Comté") -> Bourgogne-Franche-Comté | C36: =IFS(A36='5_categorisation'!$A$2,'5_categorisation'!$B$2,A36='5_categorisation'!$A$3,'5_categorisation'!$B$3,A36='5_categorisation'!$A$4,'5_categorisation'!$B$4,A36='5_categorisation'!$A$5,'5_categorisation'!$B$5,A36='5_categorisation'!$A$6,'5_categorisation'!$B$6,A36='5_categorisation'!$A$7,'5_categorisation'!$B$7,A36='5_categorisation'!$A$8,'5_categorisation'!$B$8,A36='5_categorisation'!$A$9,'5_categorisation'!$B$9,A36='5_categorisation'!$A44,'5_categorisation'!$B$10,A36='5_categorisation'!$A$12,'5_categorisation'!$B$12,A36='5_categorisation'!$A$12,'5_categorisation'!$B$12,A36='5_categorisation'!$A$13,'5_categorisation'!$B$13,A36='5_categorisation'!$A$14,'5_categorisation'!$B$14,A36='5_categorisation'!$A$15,'5_categorisation'!$B$15,A36='5_categorisation'!$A$16,'5_categorisation'!$B$16,A36='5_categorisation'!$A$17,'5_categorisation'!$B$17,A36='5_categorisation'!$A$11,'5_categorisation'!$B$11) -> est | D36: 7 | E36: LEXG | F36: =ifs(E36='5_categorisation'!$D$2,'5_categorisation'!$F$2,E36='5_categorisation'!$D$3,'5_categorisation'!$F$3,E36='5_categorisation'!$D$4,'5_categorisation'!$F$4,E36='5_categorisation'!$D$5,'5_categorisation'!$F$5,E36='5_categorisation'!$D$6,'5_categorisation'!$F$6,E36='5_categorisation'!$D$7,'5_categorisation'!$F$7,E36='5_categorisation'!$D$8,'5_categorisation'!$F$8,E36='5_categorisation'!$D$9,'5_categorisation'!$F$9,E36='5_categorisation'!$D$10,'5_categorisation'!$F$10,E36='5_categorisation'!$D$11,'5_categorisation'!$F$11,E36='5_categorisation'!$D$12,'5_categorisation'!$F$12,E36='5_categorisation'!$D$13,'5_categorisation'!$F$13,E36='5_categorisation'!$D$14,'5_categorisation'!$F$14,E36='5_categorisation'!$D$15,'5_categorisation'!$F$15,E36='5_categorisation'!$D$16,'5_categorisation'!$F$16,E36='5_categorisation'!$D$17,'5_categorisation'!$F$17,E36='5_categorisation'!$D$18,'5_categorisation'!$F$18,E36='5_categorisation'!$D$19,'5_categorisation'!$F$19,E36='5_categorisation'!$D$20,'5_categorisation'!$F$20,E36='5_categorisation'!$D$21,'5_categorisation'!$F$21,E36='5_categorisation'!$D$22,'5_categorisation'!$F$22) -> gauche | G36: LUTTE OUVRIERE | H36: LUTTE OUVRIERE - FAIRE ENTENDRE LE CAMP DES TRAVAILLEURS | I36: ROCHER Claire | J36: =IFERROR(__xludf.DUMMYFUNCTION("FILTER(candidats!M:M,candidats!P:P=I36)"),"F") -> F | K36: 14518
A37: Bourgogne - Franche-Comté | B37: =IFERROR(__xludf.DUMMYFUNCTION("FILTER('5_categorisation'!C:C,'5_categorisation'!A:A=A37)"),"Bourgogne-Franche-Comté") -> Bourgogne-Franche-Comté | C37: =IFS(A37='5_categorisation'!$A$2,'5_categorisation'!$B$2,A37='5_categorisation'!$A$3,'5_categorisation'!$B$3,A37='5_categorisation'!$A$4,'5_categorisation'!$B$4,A37='5_categorisation'!$A$5,'5_categorisation'!$B$5,A37='5_categorisation'!$A$6,'5_categorisation'!$B$6,A37='5_categorisation'!$A$7,'5_categorisation'!$B$7,A37='5_categorisation'!$A$8,'5_categorisation'!$B$8,A37='5_categorisation'!$A$9,'5_categorisation'!$B$9,A37='5_categorisation'!$A45,'5_categorisation'!$B$10,A37='5_categorisation'!$A$12,'5_categorisation'!$B$12,A37='5_categorisation'!$A$12,'5_categorisation'!$B$12,A37='5_categorisation'!$A$13,'5_categorisation'!$B$13,A37='5_categorisation'!$A$14,'5_categorisation'!$B$14,A37='5_categorisation'!$A$15,'5_categorisation'!$B$15,A37='5_categorisation'!$A$16,'5_categorisation'!$B$16,A37='5_categorisation'!$A$17,'5_categorisation'!$B$17,A37='5_categorisation'!$A$11,'5_categorisation'!$B$11) -> est | D37: 8 | E37: LDLF | F37: =ifs(E37='5_categorisation'!$D$2,'5_categorisation'!$F$2,E37='5_categorisation'!$D$3,'5_categorisation'!$F$3,E37='5_categorisation'!$D$4,'5_categorisation'!$F$4,E37='5_categorisation'!$D$5,'5_categorisation'!$F$5,E37='5_categorisation'!$D$6,'5_categorisation'!$F$6,E37='5_categorisation'!$D$7,'5_categorisation'!$F$7,E37='5_categorisation'!$D$8,'5_categorisation'!$F$8,E37='5_categorisation'!$D$9,'5_categorisation'!$F$9,E37='5_categorisation'!$D$10,'5_categorisation'!$F$10,E37='5_categorisation'!$D$11,'5_categorisation'!$F$11,E37='5_categorisation'!$D$12,'5_categorisation'!$F$12,E37='5_categorisation'!$D$13,'5_categorisation'!$F$13,E37='5_categorisation'!$D$14,'5_categorisation'!$F$14,E37='5_categorisation'!$D$15,'5_categorisation'!$F$15,E37='5_categorisation'!$D$16,'5_categorisation'!$F$16,E37='5_categorisation'!$D$17,'5_categorisation'!$F$17,E37='5_categorisation'!$D$18,'5_categorisation'!$F$18,E37='5_categorisation'!$D$19,'5_categorisation'!$F$19,E37='5_categorisation'!$D$20,'5_categorisation'!$F$20,E37='5_categorisation'!$D$21,'5_categorisation'!$F$21,E37='5_categorisation'!$D$22,'5_categorisation'!$F$22) -> droite | G37: DEBOUT LA FRANCE | H37: DEBOUT LA FRANCE AVEC NICOLAS DUPONT-AIGNAN | I37: THIÉBAUT Maxime | J37: =IFERROR(__xludf.DUMMYFUNCTION("FILTER(candidats!M:M,candidats!P:P=I37)"),"M") -> M | K37: 49802
A38: Bourgogne - Franche-Comté | B38: =IFERROR(__xludf.DUMMYFUNCTION("FILTER('5_categorisation'!C:C,'5_categorisation'!A:A=A38)"),"Bourgogne-Franche-Comté") -> Bourgogne-Franche-Comté | C38: =IFS(A38='5_categorisation'!$A$2,'5_categorisation'!$B$2,A38='5_categorisation'!$A$3,'5_categorisation'!$B$3,A38='5_categorisation'!$A$4,'5_categorisation'!$B$4,A38='5_categorisation'!$A$5,'5_categorisation'!$B$5,A38='5_categorisation'!$A$6,'5_categorisation'!$B$6,A38='5_categorisation'!$A$7,'5_categorisation'!$B$7,A38='5_categorisation'!$A$8,'5_categorisation'!$B$8,A38='5_categorisation'!$A$9,'5_categorisation'!$B$9,A38='5_categorisation'!$A46,'5_categorisation'!$B$10,A38='5_categorisation'!$A$12,'5_categorisation'!$B$12,A38='5_categorisation'!$A$12,'5_categorisation'!$B$12,A38='5_categorisation'!$A$13,'5_categorisation'!$B$13,A38='5_categorisation'!$A$14,'5_categorisation'!$B$14,A38='5_categorisation'!$A$15,'5_categorisation'!$B$15,A38='5_categorisation'!$A$16,'5_categorisation'!$B$16,A38='5_categorisation'!$A$17,'5_categorisation'!$B$17,A38='5_categorisation'!$A$11,'5_categorisation'!$B$11) -> est | D38: 9 | E38: LMDM | F38: =ifs(E38='5_categorisation'!$D$2,'5_categorisation'!$F$2,E38='5_categorisation'!$D$3,'5_categorisation'!$F$3,E38='5_categorisation'!$D$4,'5_categorisation'!$F$4,E38='5_categorisation'!$D$5,'5_categorisation'!$F$5,E38='5_categorisation'!$D$6,'5_categorisation'!$F$6,E38='5_categorisation'!$D$7,'5_categorisation'!$F$7,E38='5_categorisation'!$D$8,'5_categorisation'!$F$8,E38='5_categorisation'!$D$9,'5_categorisation'!$F$9,E38='5_categorisation'!$D$10,'5_categorisation'!$F$10,E38='5_categorisation'!$D$11,'5_categorisation'!$F$11,E38='5_categorisation'!$D$12,'5_categorisation'!$F$12,E38='5_categorisation'!$D$13,'5_categorisation'!$F$13,E38='5_categorisation'!$D$14,'5_categorisation'!$F$14,E38='5_categorisation'!$D$15,'5_categorisation'!$F$15,E38='5_categorisation'!$D$16,'5_categorisation'!$F$16,E38='5_categorisation'!$D$17,'5_categorisation'!$F$17,E38='5_categorisation'!$D$18,'5_categorisation'!$F$18,E38='5_categorisation'!$D$19,'5_categorisation'!$F$19,E38='5_categorisation'!$D$20,'5_categorisation'!$F$20,E38='5_categorisation'!$D$21,'5_categorisation'!$F$21,E38='5_categorisation'!$D$22,'5_categorisation'!$F$22) -> centre | G38: 3 MILLIONS GRUDLER | H38: 3 Millions de raisons avec Christophe GRUDLER | I38: GRUDLER Christophe | J38: =IFERROR(__xludf.DUMMYFUNCTION("FILTER(candidats!M:M,candidats!P:P=I38)"),"M") -> M | K38: 31431
A39: Bourgogne - Franche-Comté | B39: =IFERROR(__xludf.DUMMYFUNCTION("FILTER('5_categorisation'!C:C,'5_categorisation'!A:A=A39)"),"Bourgogne-Franche-Comté") -> Bourgogne-Franche-Comté | C39: =IFS(A39='5_categorisation'!$A$2,'5_categorisation'!$B$2,A39='5_categorisation'!$A$3,'5_categorisation'!$B$3,A39='5_categorisation'!$A$4,'5_categorisation'!$B$4,A39='5_categorisation'!$A$5,'5_categorisation'!$B$5,A39='5_categorisation'!$A$6,'5_categorisation'!$B$6,A39='5_categorisation'!$A$7,'5_categorisation'!$B$7,A39='5_categorisation'!$A$8,'5_categorisation'!$B$8,A39='5_categorisation'!$A$9,'5_categorisation'!$B$9,A39='5_categorisation'!$A47,'5_categorisation'!$B$10,A39='5_categorisation'!$A$12,'5_categorisation'!$B$12,A39='5_categorisation'!$A$12,'5_categorisation'!$B$12,A39='5_categorisation'!$A$13,'5_categorisation'!$B$13,A39='5_categorisation'!$A$14,'5_categorisation'!$B$14,A39='5_categorisation'!$A$15,'5_categorisation'!$B$15,A39='5_categorisation'!$A$16,'5_categorisation'!$B$16,A39='5_categorisation'!$A$17,'5_categorisation'!$B$17,A39='5_categorisation'!$A$11,'5_categorisation'!$B$11) -> est | D39: 10 | E39: LUG | F39: =ifs(E39='5_categorisation'!$D$2,'5_categorisation'!$F$2,E39='5_categorisation'!$D$3,'5_categorisation'!$F$3,E39='5_categorisation'!$D$4,'5_categorisation'!$F$4,E39='5_categorisation'!$D$5,'5_categorisation'!$F$5,E39='5_categorisation'!$D$6,'5_categorisation'!$F$6,E39='5_categorisation'!$D$7,'5_categorisation'!$F$7,E39='5_categorisation'!$D$8,'5_categorisation'!$F$8,E39='5_categorisation'!$D$9,'5_categorisation'!$F$9,E39='5_categorisation'!$D$10,'5_categorisation'!$F$10,E39='5_categorisation'!$D$11,'5_categorisation'!$F$11,E39='5_categorisation'!$D$12,'5_categorisation'!$F$12,E39='5_categorisation'!$D$13,'5_categorisation'!$F$13,E39='5_categorisation'!$D$14,'5_categorisation'!$F$14,E39='5_categorisation'!$D$15,'5_categorisation'!$F$15,E39='5_categorisation'!$D$16,'5_categorisation'!$F$16,E39='5_categorisation'!$D$17,'5_categorisation'!$F$17,E39='5_categorisation'!$D$18,'5_categorisation'!$F$18,E39='5_categorisation'!$D$19,'5_categorisation'!$F$19,E39='5_categorisation'!$D$20,'5_categorisation'!$F$20,E39='5_categorisation'!$D$21,'5_categorisation'!$F$21,E39='5_categorisation'!$D$22,'5_categorisation'!$F$22) -> gauche | G39: REGION AVANCE | H39: NOTRE REGION D'AVANCE | I39: DUFAY Marie-Guite | J39: =IFERROR(__xludf.DUMMYFUNCTION("FILTER(candidats!M:M,candidats!P:P=I39)"),"F") -> F | K39: 221376
A40: Bretagne | B40: =IFERROR(__xludf.DUMMYFUNCTION("FILTER('5_categorisation'!C:C,'5_categorisation'!A:A=A40)"),"Bretagne") -> Bretagne | C40: =IFS(A40='5_categorisation'!$A$2,'5_categorisation'!$B$2,A40='5_categorisation'!$A$3,'5_categorisation'!$B$3,A40='5_categorisation'!$A$4,'5_categorisation'!$B$4,A40='5_categorisation'!$A$5,'5_categorisation'!$B$5,A40='5_categorisation'!$A$6,'5_categorisation'!$B$6,A40='5_categorisation'!$A$7,'5_categorisation'!$B$7,A40='5_categorisation'!$A$8,'5_categorisation'!$B$8,A40='5_categorisation'!$A$9,'5_categorisation'!$B$9,A40='5_categorisation'!$A48,'5_categorisation'!$B$10,A40='5_categorisation'!$A$12,'5_categorisation'!$B$12,A40='5_categorisation'!$A$12,'5_categorisation'!$B$12,A40='5_categorisation'!$A$13,'5_categorisation'!$B$13,A40='5_categorisation'!$A$14,'5_categorisation'!$B$14,A40='5_categorisation'!$A$15,'5_categorisation'!$B$15,A40='5_categorisation'!$A$16,'5_categorisation'!$B$16,A40='5_categorisation'!$A$17,'5_categorisation'!$B$17,A40='5_categorisation'!$A$11,'5_categorisation'!$B$11) -> ouest | D40: 1 | E40: LEXG | F40: =ifs(E40='5_categorisation'!$D$2,'5_categorisation'!$F$2,E40='5_categorisation'!$D$3,'5_categorisation'!$F$3,E40='5_categorisation'!$D$4,'5_categorisation'!$F$4,E40='5_categorisation'!$D$5,'5_categorisation'!$F$5,E40='5_categorisation'!$D$6,'5_categorisation'!$F$6,E40='5_categorisation'!$D$7,'5_categorisation'!$F$7,E40='5_categorisation'!$D$8,'5_categorisation'!$F$8,E40='5_categorisation'!$D$9,'5_categorisation'!$F$9,E40='5_categorisation'!$D$10,'5_categorisation'!$F$10,E40='5_categorisation'!$D$11,'5_categorisation'!$F$11,E40='5_categorisation'!$D$12,'5_categorisation'!$F$12,E40='5_categorisation'!$D$13,'5_categorisation'!$F$13,E40='5_categorisation'!$D$14,'5_categorisation'!$F$14,E40='5_categorisation'!$D$15,'5_categorisation'!$F$15,E40='5_categorisation'!$D$16,'5_categorisation'!$F$16,E40='5_categorisation'!$D$17,'5_categorisation'!$F$17,E40='5_categorisation'!$D$18,'5_categorisation'!$F$18,E40='5_categorisation'!$D$19,'5_categorisation'!$F$19,E40='5_categorisation'!$D$20,'5_categorisation'!$F$20,E40='5_categorisation'!$D$21,'5_categorisation'!$F$21,E40='5_categorisation'!$D$22,'5_categorisation'!$F$22) -> gauche | G40: BRETAGNE EN LUTTES | H40: BRETAGNE EN LUTTES BREIZH O STOURM | I40: ROBLIN Gael | J40: =IFERROR(__xludf.DUMMYFUNCTION("FILTER(candidats!M:M,candidats!P:P=I40)"),"M") -> M | K40: 7465
A41: Bretagne | B41: =IFERROR(__xludf.DUMMYFUNCTION("FILTER('5_categorisation'!C:C,'5_categorisation'!A:A=A41)"),"Bretagne") -> Bretagne | C41: =IFS(A41='5_categorisation'!$A$2,'5_categorisation'!$B$2,A41='5_categorisation'!$A$3,'5_categorisation'!$B$3,A41='5_categorisation'!$A$4,'5_categorisation'!$B$4,A41='5_categorisation'!$A$5,'5_categorisation'!$B$5,A41='5_categorisation'!$A$6,'5_categorisation'!$B$6,A41='5_categorisation'!$A$7,'5_categorisation'!$B$7,A41='5_categorisation'!$A$8,'5_categorisation'!$B$8,A41='5_categorisation'!$A$9,'5_categorisation'!$B$9,A41='5_categorisation'!$A49,'5_categorisation'!$B$10,A41='5_categorisation'!$A$12,'5_categorisation'!$B$12,A41='5_categorisation'!$A$12,'5_categorisation'!$B$12,A41='5_categorisation'!$A$13,'5_categorisation'!$B$13,A41='5_categorisation'!$A$14,'5_categorisation'!$B$14,A41='5_categorisation'!$A$15,'5_categorisation'!$B$15,A41='5_categorisation'!$A$16,'5_categorisation'!$B$16,A41='5_categorisation'!$A$17,'5_categorisation'!$B$17,A41='5_categorisation'!$A$11,'5_categorisation'!$B$11) -> ouest | D41: 2 | E41: LUG | F41: =ifs(E41='5_categorisation'!$D$2,'5_categorisation'!$F$2,E41='5_categorisation'!$D$3,'5_categorisation'!$F$3,E41='5_categorisation'!$D$4,'5_categorisation'!$F$4,E41='5_categorisation'!$D$5,'5_categorisation'!$F$5,E41='5_categorisation'!$D$6,'5_categorisation'!$F$6,E41='5_categorisation'!$D$7,'5_categorisation'!$F$7,E41='5_categorisation'!$D$8,'5_categorisation'!$F$8,E41='5_categorisation'!$D$9,'5_categorisation'!$F$9,E41='5_categorisation'!$D$10,'5_categorisation'!$F$10,E41='5_categorisation'!$D$11,'5_categorisation'!$F$11,E41='5_categorisation'!$D$12,'5_categorisation'!$F$12,E41='5_categorisation'!$D$13,'5_categorisation'!$F$13,E41='5_categorisation'!$D$14,'5_categorisation'!$F$14,E41='5_categorisation'!$D$15,'5_categorisation'!$F$15,E41='5_categorisation'!$D$16,'5_categorisation'!$F$16,E41='5_categorisation'!$D$17,'5_categorisation'!$F$17,E41='5_categorisation'!$D$18,'5_categorisation'!$F$18,E41='5_categorisation'!$D$19,'5_categorisation'!$F$19,E41='5_categorisation'!$D$20,'5_categorisation'!$F$20,E41='5_categorisation'!$D$21,'5_categorisation'!$F$21,E41='5_categorisation'!$D$22,'5_categorisation'!$F$22) -> gauche | G41: AVEC J.Y. LE DRIAN | H41: POUR LA BRETAGNE AVEC JEAN-YVES LE DRIAN | I41: LE DRIAN Jean-Yves | J41: =IFERROR(__xludf.DUMMYFUNCTION("FILTER(candidats!M:M,candidats!P:P=I41)"),"M") -> M | K41: 419846
A42: Bretagne | B42: =IFERROR(__xludf.DUMMYFUNCTION("FILTER('5_categorisation'!C:C,'5_categorisation'!A:A=A42)"),"Bretagne") -> Bretagne | C42: =IFS(A42='5_categorisation'!$A$2,'5_categorisation'!$B$2,A42='5_categorisation'!$A$3,'5_categorisation'!$B$3,A42='5_categorisation'!$A$4,'5_categorisation'!$B$4,A42='5_categorisation'!$A$5,'5_categorisation'!$B$5,A42='5_categorisation'!$A$6,'5_categorisation'!$B$6,A42='5_categorisation'!$A$7,'5_categorisation'!$B$7,A42='5_categorisation'!$A$8,'5_categorisation'!$B$8,A42='5_categorisation'!$A$9,'5_categorisation'!$B$9,A42='5_categorisation'!$A50,'5_categorisation'!$B$10,A42='5_categorisation'!$A$12,'5_categorisation'!$B$12,A42='5_categorisation'!$A$12,'5_categorisation'!$B$12,A42='5_categorisation'!$A$13,'5_categorisation'!$B$13,A42='5_categorisation'!$A$14,'5_categorisation'!$B$14,A42='5_categorisation'!$A$15,'5_categorisation'!$B$15,A42='5_categorisation'!$A$16,'5_categorisation'!$B$16,A42='5_categorisation'!$A$17,'5_categorisation'!$B$17,A42='5_categorisation'!$A$11,'5_categorisation'!$B$11) -> ouest | D42: 3 | E42: LREG | F42: =ifs(E42='5_categorisation'!$D$2,'5_categorisation'!$F$2,E42='5_categorisation'!$D$3,'5_categorisation'!$F$3,E42='5_categorisation'!$D$4,'5_categorisation'!$F$4,E42='5_categorisation'!$D$5,'5_categorisation'!$F$5,E42='5_categorisation'!$D$6,'5_categorisation'!$F$6,E42='5_categorisation'!$D$7,'5_categorisation'!$F$7,E42='5_categorisation'!$D$8,'5_categorisation'!$F$8,E42='5_categorisation'!$D$9,'5_categorisation'!$F$9,E42='5_categorisation'!$D$10,'5_categorisation'!$F$10,E42='5_categorisation'!$D$11,'5_categorisation'!$F$11,E42='5_categorisation'!$D$12,'5_categorisation'!$F$12,E42='5_categorisation'!$D$13,'5_categorisation'!$F$13,E42='5_categorisation'!$D$14,'5_categorisation'!$F$14,E42='5_categorisation'!$D$15,'5_categorisation'!$F$15,E42='5_categorisation'!$D$16,'5_categorisation'!$F$16,E42='5_categorisation'!$D$17,'5_categorisation'!$F$17,E42='5_categorisation'!$D$18,'5_categorisation'!$F$18,E42='5_categorisation'!$D$19,'5_categorisation'!$F$19,E42='5_categorisation'!$D$20,'5_categorisation'!$F$20,E42='5_categorisation'!$D$21,'5_categorisation'!$F$21,E42='5_categorisation'!$D$22,'5_categorisation'!$F$22) -> autre | G42: NOTRE CHANCE INDEPENDANCE | H42: NOTRE CHANCE, L'INDEPENDANCE | I42: DELÉON Bertrand | J42: =IFERROR(__xludf.DUMMYFUNCTION("FILTER(candidats!M:M,candidats!P:P=I42)"),"M") -> M | K42: 6521
A43: Bretagne | B43: =IFERROR(__xludf.DUMMYFUNCTION("FILTER('5_categorisation'!C:C,'5_categorisation'!A:A=A43)"),"Bretagne") -> Bretagne | C43: =IFS(A43='5_categorisation'!$A$2,'5_categorisation'!$B$2,A43='5_categorisation'!$A$3,'5_categorisation'!$B$3,A43='5_categorisation'!$A$4,'5_categorisation'!$B$4,A43='5_categorisation'!$A$5,'5_categorisation'!$B$5,A43='5_categorisation'!$A$6,'5_categorisation'!$B$6,A43='5_categorisation'!$A$7,'5_categorisation'!$B$7,A43='5_categorisation'!$A$8,'5_categorisation'!$B$8,A43='5_categorisation'!$A$9,'5_categorisation'!$B$9,A43='5_categorisation'!$A51,'5_categorisation'!$B$10,A43='5_categorisation'!$A$12,'5_categorisation'!$B$12,A43='5_categorisation'!$A$12,'5_categorisation'!$B$12,A43='5_categorisation'!$A$13,'5_categorisation'!$B$13,A43='5_categorisation'!$A$14,'5_categorisation'!$B$14,A43='5_categorisation'!$A$15,'5_categorisation'!$B$15,A43='5_categorisation'!$A$16,'5_categorisation'!$B$16,A43='5_categorisation'!$A$17,'5_categorisation'!$B$17,A43='5_categorisation'!$A$11,'5_categorisation'!$B$11) -> ouest | D43: 4 | E43: LREG | F43: =ifs(E43='5_categorisation'!$D$2,'5_categorisation'!$F$2,E43='5_categorisation'!$D$3,'5_categorisation'!$F$3,E43='5_categorisation'!$D$4,'5_categorisation'!$F$4,E43='5_categorisation'!$D$5,'5_categorisation'!$F$5,E43='5_categorisation'!$D$6,'5_categorisation'!$F$6,E43='5_categorisation'!$D$7,'5_categorisation'!$F$7,E43='5_categorisation'!$D$8,'5_categorisation'!$F$8,E43='5_categorisation'!$D$9,'5_categorisation'!$F$9,E43='5_categorisation'!$D$10,'5_categorisation'!$F$10,E43='5_categorisation'!$D$11,'5_categorisation'!$F$11,E43='5_categorisation'!$D$12,'5_categorisation'!$F$12,E43='5_categorisation'!$D$13,'5_categorisation'!$F$13,E43='5_categorisation'!$D$14,'5_categorisation'!$F$14,E43='5_categorisation'!$D$15,'5_categorisation'!$F$15,E43='5_categorisation'!$D$16,'5_categorisation'!$F$16,E43='5_categorisation'!$D$17,'5_categorisation'!$F$17,E43='5_categorisation'!$D$18,'5_categorisation'!$F$18,E43='5_categorisation'!$D$19,'5_categorisation'!$F$19,E43='5_categorisation'!$D$20,'5_categorisation'!$F$20,E43='5_categorisation'!$D$21,'5_categorisation'!$F$21,E43='5_categorisation'!$D$22,'5_categorisation'!$F$22) -> autre | G43: OUI LA BRETAGNE | H43: OUI LA BRETAGNE | I43: TROADEC Christian | J43: =IFERROR(__xludf.DUMMYFUNCTION("FILTER(candidats!M:M,candidats!P:P=I43)"),"M") -> M | K43: 80727
A44: Bretagne | B44: =IFERROR(__xludf.DUMMYFUNCTION("FILTER('5_categorisation'!C:C,'5_categorisation'!A:A=A44)"),"Bretagne") -> Bretagne | C44: =IFS(A44='5_categorisation'!$A$2,'5_categorisation'!$B$2,A44='5_categorisation'!$A$3,'5_categorisation'!$B$3,A44='5_categorisation'!$A$4,'5_categorisation'!$B$4,A44='5_categorisation'!$A$5,'5_categorisation'!$B$5,A44='5_categorisation'!$A$6,'5_categorisation'!$B$6,A44='5_categorisation'!$A$7,'5_categorisation'!$B$7,A44='5_categorisation'!$A$8,'5_categorisation'!$B$8,A44='5_categorisation'!$A$9,'5_categorisation'!$B$9,A44='5_categorisation'!$A52,'5_categorisation'!$B$10,A44='5_categorisation'!$A$12,'5_categorisation'!$B$12,A44='5_categorisation'!$A$12,'5_categorisation'!$B$12,A44='5_categorisation'!$A$13,'5_categorisation'!$B$13,A44='5_categorisation'!$A$14,'5_categorisation'!$B$14,A44='5_categorisation'!$A$15,'5_categorisation'!$B$15,A44='5_categorisation'!$A$16,'5_categorisation'!$B$16,A44='5_categorisation'!$A$17,'5_categorisation'!$B$17,A44='5_categorisation'!$A$11,'5_categorisation'!$B$11) -> ouest | D44: 5 | E44: LDIV | F44: =ifs(E44='5_categorisation'!$D$2,'5_categorisation'!$F$2,E44='5_categorisation'!$D$3,'5_categorisation'!$F$3,E44='5_categorisation'!$D$4,'5_categorisation'!$F$4,E44='5_categorisation'!$D$5,'5_categorisation'!$F$5,E44='5_categorisation'!$D$6,'5_categorisation'!$F$6,E44='5_categorisation'!$D$7,'5_categorisation'!$F$7,E44='5_categorisation'!$D$8,'5_categorisation'!$F$8,E44='5_categorisation'!$D$9,'5_categorisation'!$F$9,E44='5_categorisation'!$D$10,'5_categorisation'!$F$10,E44='5_categorisation'!$D$11,'5_categorisation'!$F$11,E44='5_categorisation'!$D$12,'5_categorisation'!$F$12,E44='5_categorisation'!$D$13,'5_categorisation'!$F$13,E44='5_categorisation'!$D$14,'5_categorisation'!$F$14,E44='5_categorisation'!$D$15,'5_categorisation'!$F$15,E44='5_categorisation'!$D$16,'5_categorisation'!$F$16,E44='5_categorisation'!$D$17,'5_categorisation'!$F$17,E44='5_categorisation'!$D$18,'5_categorisation'!$F$18,E44='5_categorisation'!$D$19,'5_categorisation'!$F$19,E44='5_categorisation'!$D$20,'5_categorisation'!$F$20,E44='5_categorisation'!$D$21,'5_categorisation'!$F$21,E44='5_categorisation'!$D$22,'5_categorisation'!$F$22) -> autre | G44: L'UPR | H44: L'UPR, avec François ASSELINEAU LE PARTI QUI MONTE malgré le silence des médias | I44: GOURVENEC Jean-François | J44: =IFERROR(__xludf.DUMMYFUNCTION("FILTER(candidats!M:M,candidats!P:P=I44)"),"M") -> M | K44: 10412
A45: Bretagne | B45: =IFERROR(__xludf.DUMMYFUNCTION("FILTER('5_categorisation'!C:C,'5_categorisation'!A:A=A45)"),"Bretagne") -> Bretagne | C45: =IFS(A45='5_categorisation'!$A$2,'5_categorisation'!$B$2,A45='5_categorisation'!$A$3,'5_categorisation'!$B$3,A45='5_categorisation'!$A$4,'5_categorisation'!$B$4,A45='5_categorisation'!$A$5,'5_categorisation'!$B$5,A45='5_categorisation'!$A$6,'5_categorisation'!$B$6,A45='5_categorisation'!$A$7,'5_categorisation'!$B$7,A45='5_categorisation'!$A$8,'5_categorisation'!$B$8,A45='5_categorisation'!$A$9,'5_categorisation'!$B$9,A45='5_categorisation'!$A53,'5_categorisation'!$B$10,A45='5_categorisation'!$A$12,'5_categorisation'!$B$12,A45='5_categorisation'!$A$12,'5_categorisation'!$B$12,A45='5_categorisation'!$A$13,'5_categorisation'!$B$13,A45='5_categorisation'!$A$14,'5_categorisation'!$B$14,A45='5_categorisation'!$A$15,'5_categorisation'!$B$15,A45='5_categorisation'!$A$16,'5_categorisation'!$B$16,A45='5_categorisation'!$A$17,'5_categorisation'!$B$17,A45='5_categorisation'!$A$11,'5_categorisation'!$B$11) -> ouest | D45: 6 | E45: LDLF | F45: =ifs(E45='5_categorisation'!$D$2,'5_categorisation'!$F$2,E45='5_categorisation'!$D$3,'5_categorisation'!$F$3,E45='5_categorisation'!$D$4,'5_categorisation'!$F$4,E45='5_categorisation'!$D$5,'5_categorisation'!$F$5,E45='5_categorisation'!$D$6,'5_categorisation'!$F$6,E45='5_categorisation'!$D$7,'5_categorisation'!$F$7,E45='5_categorisation'!$D$8,'5_categorisation'!$F$8,E45='5_categorisation'!$D$9,'5_categorisation'!$F$9,E45='5_categorisation'!$D$10,'5_categorisation'!$F$10,E45='5_categorisation'!$D$11,'5_categorisation'!$F$11,E45='5_categorisation'!$D$12,'5_categorisation'!$F$12,E45='5_categorisation'!$D$13,'5_categorisation'!$F$13,E45='5_categorisation'!$D$14,'5_categorisation'!$F$14,E45='5_categorisation'!$D$15,'5_categorisation'!$F$15,E45='5_categorisation'!$D$16,'5_categorisation'!$F$16,E45='5_categorisation'!$D$17,'5_categorisation'!$F$17,E45='5_categorisation'!$D$18,'5_categorisation'!$F$18,E45='5_categorisation'!$D$19,'5_categorisation'!$F$19,E45='5_categorisation'!$D$20,'5_categorisation'!$F$20,E45='5_categorisation'!$D$21,'5_categorisation'!$F$21,E45='5_categorisation'!$D$22,'5_categorisation'!$F$22) -> droite | G45: DEBOUT LA FRANCE | H45: Debout la France avec Nicolas Dupont-Aignan | I45: FOUCHER Jean-Jacques | J45: =IFERROR(__xludf.DUMMYFUNCTION("FILTER(candidats!M:M,candidats!P:P=I45)"),"M") -> M | K45: 34926
A46: Bretagne | B46: =IFERROR(__xludf.DUMMYFUNCTION("FILTER('5_categorisation'!C:C,'5_categorisation'!A:A=A46)"),"Bretagne") -> Bretagne | C46: =IFS(A46='5_categorisation'!$A$2,'5_categorisation'!$B$2,A46='5_categorisation'!$A$3,'5_categorisation'!$B$3,A46='5_categorisation'!$A$4,'5_categorisation'!$B$4,A46='5_categorisation'!$A$5,'5_categorisation'!$B$5,A46='5_categorisation'!$A$6,'5_categorisation'!$B$6,A46='5_categorisation'!$A$7,'5_categorisation'!$B$7,A46='5_categorisation'!$A$8,'5_categorisation'!$B$8,A46='5_categorisation'!$A$9,'5_categorisation'!$B$9,A46='5_categorisation'!$A54,'5_categorisation'!$B$10,A46='5_categorisation'!$A$12,'5_categorisation'!$B$12,A46='5_categorisation'!$A$12,'5_categorisation'!$B$12,A46='5_categorisation'!$A$13,'5_categorisation'!$B$13,A46='5_categorisation'!$A$14,'5_categorisation'!$B$14,A46='5_categorisation'!$A$15,'5_categorisation'!$B$15,A46='5_categorisation'!$A$16,'5_categorisation'!$B$16,A46='5_categorisation'!$A$17,'5_categorisation'!$B$17,A46='5_categorisation'!$A$11,'5_categorisation'!$B$11) -> ouest | D46: 7 | E46: LFN | F46: =ifs(E46='5_categorisation'!$D$2,'5_categorisation'!$F$2,E46='5_categorisation'!$D$3,'5_categorisation'!$F$3,E46='5_categorisation'!$D$4,'5_categorisation'!$F$4,E46='5_categorisation'!$D$5,'5_categorisation'!$F$5,E46='5_categorisation'!$D$6,'5_categorisation'!$F$6,E46='5_categorisation'!$D$7,'5_categorisation'!$F$7,E46='5_categorisation'!$D$8,'5_categorisation'!$F$8,E46='5_categorisation'!$D$9,'5_categorisation'!$F$9,E46='5_categorisation'!$D$10,'5_categorisation'!$F$10,E46='5_categorisation'!$D$11,'5_categorisation'!$F$11,E46='5_categorisation'!$D$12,'5_categorisation'!$F$12,E46='5_categorisation'!$D$13,'5_categorisation'!$F$13,E46='5_categorisation'!$D$14,'5_categorisation'!$F$14,E46='5_categorisation'!$D$15,'5_categorisation'!$F$15,E46='5_categorisation'!$D$16,'5_categorisation'!$F$16,E46='5_categorisation'!$D$17,'5_categorisation'!$F$17,E46='5_categorisation'!$D$18,'5_categorisation'!$F$18,E46='5_categorisation'!$D$19,'5_categorisation'!$F$19,E46='5_categorisation'!$D$20,'5_categorisation'!$F$20,E46='5_categorisation'!$D$21,'5_categorisation'!$F$21,E46='5_categorisation'!$D$22,'5_categorisation'!$F$22) -> droite | G46: FRONT NATIONAL | H46: LISTE FRONT NATIONAL PRESENTEE PAR MARINE LE PEN | I46: PENNELLE Gilles | J46: =IFERROR(__xludf.DUMMYFUNCTION("FILTER(candidats!M:M,candidats!P:P=I46)"),"M") -> M | K46: 218474
A47: Bretagne | B47: =IFERROR(__xludf.DUMMYFUNCTION("FILTER('5_categorisation'!C:C,'5_categorisation'!A:A=A47)"),"Bretagne") -> Bretagne | C47: =IFS(A47='5_categorisation'!$A$2,'5_categorisation'!$B$2,A47='5_categorisation'!$A$3,'5_categorisation'!$B$3,A47='5_categorisation'!$A$4,'5_categorisation'!$B$4,A47='5_categorisation'!$A$5,'5_categorisation'!$B$5,A47='5_categorisation'!$A$6,'5_categorisation'!$B$6,A47='5_categorisation'!$A$7,'5_categorisation'!$B$7,A47='5_categorisation'!$A$8,'5_categorisation'!$B$8,A47='5_categorisation'!$A$9,'5_categorisation'!$B$9,A47='5_categorisation'!$A55,'5_categorisation'!$B$10,A47='5_categorisation'!$A$12,'5_categorisation'!$B$12,A47='5_categorisation'!$A$12,'5_categorisation'!$B$12,A47='5_categorisation'!$A$13,'5_categorisation'!$B$13,A47='5_categorisation'!$A$14,'5_categorisation'!$B$14,A47='5_categorisation'!$A$15,'5_categorisation'!$B$15,A47='5_categorisation'!$A$16,'5_categorisation'!$B$16,A47='5_categorisation'!$A$17,'5_categorisation'!$B$17,A47='5_categorisation'!$A$11,'5_categorisation'!$B$11) -> ouest | D47: 8 | E47: LUD | F47: =ifs(E47='5_categorisation'!$D$2,'5_categorisation'!$F$2,E47='5_categorisation'!$D$3,'5_categorisation'!$F$3,E47='5_categorisation'!$D$4,'5_categorisation'!$F$4,E47='5_categorisation'!$D$5,'5_categorisation'!$F$5,E47='5_categorisation'!$D$6,'5_categorisation'!$F$6,E47='5_categorisation'!$D$7,'5_categorisation'!$F$7,E47='5_categorisation'!$D$8,'5_categorisation'!$F$8,E47='5_categorisation'!$D$9,'5_categorisation'!$F$9,E47='5_categorisation'!$D$10,'5_categorisation'!$F$10,E47='5_categorisation'!$D$11,'5_categorisation'!$F$11,E47='5_categorisation'!$D$12,'5_categorisation'!$F$12,E47='5_categorisation'!$D$13,'5_categorisation'!$F$13,E47='5_categorisation'!$D$14,'5_categorisation'!$F$14,E47='5_categorisation'!$D$15,'5_categorisation'!$F$15,E47='5_categorisation'!$D$16,'5_categorisation'!$F$16,E47='5_categorisation'!$D$17,'5_categorisation'!$F$17,E47='5_categorisation'!$D$18,'5_categorisation'!$F$18,E47='5_categorisation'!$D$19,'5_categorisation'!$F$19,E47='5_categorisation'!$D$20,'5_categorisation'!$F$20,E47='5_categorisation'!$D$21,'5_categorisation'!$F$21,E47='5_categorisation'!$D$22,'5_categorisation'!$F$22) -> droite | G47: LES REPUBLICAINS | H47: LE CHOIX DE LA BRETAGNE | I47: LE FUR Marc | J47: =IFERROR(__xludf.DUMMYFUNCTION("FILTER(candidats!M:M,candidats!P:P=I47)"),"M") -> M | K47: 282006
A48: Bretagne | B48: =IFERROR(__xludf.DUMMYFUNCTION("FILTER('5_categorisation'!C:C,'5_categorisation'!A:A=A48)"),"Bretagne") -> Bretagne | C48: =IFS(A48='5_categorisation'!$A$2,'5_categorisation'!$B$2,A48='5_categorisation'!$A$3,'5_categorisation'!$B$3,A48='5_categorisation'!$A$4,'5_categorisation'!$B$4,A48='5_categorisation'!$A$5,'5_categorisation'!$B$5,A48='5_categorisation'!$A$6,'5_categorisation'!$B$6,A48='5_categorisation'!$A$7,'5_categorisation'!$B$7,A48='5_categorisation'!$A$8,'5_categorisation'!$B$8,A48='5_categorisation'!$A$9,'5_categorisation'!$B$9,A48='5_categorisation'!$A56,'5_categorisation'!$B$10,A48='5_categorisation'!$A$12,'5_categorisation'!$B$12,A48='5_categorisation'!$A$12,'5_categorisation'!$B$12,A48='5_categorisation'!$A$13,'5_categorisation'!$B$13,A48='5_categorisation'!$A$14,'5_categorisation'!$B$14,A48='5_categorisation'!$A$15,'5_categorisation'!$B$15,A48='5_categorisation'!$A$16,'5_categorisation'!$B$16,A48='5_categorisation'!$A$17,'5_categorisation'!$B$17,A48='5_categorisation'!$A$11,'5_categorisation'!$B$11) -> ouest | D48: 9 | E48: LVEC | F48: =ifs(E48='5_categorisation'!$D$2,'5_categorisation'!$F$2,E48='5_categorisation'!$D$3,'5_categorisation'!$F$3,E48='5_categorisation'!$D$4,'5_categorisation'!$F$4,E48='5_categorisation'!$D$5,'5_categorisation'!$F$5,E48='5_categorisation'!$D$6,'5_categorisation'!$F$6,E48='5_categorisation'!$D$7,'5_categorisation'!$F$7,E48='5_categorisation'!$D$8,'5_categorisation'!$F$8,E48='5_categorisation'!$D$9,'5_categorisation'!$F$9,E48='5_categorisation'!$D$10,'5_categorisation'!$F$10,E48='5_categorisation'!$D$11,'5_categorisation'!$F$11,E48='5_categorisation'!$D$12,'5_categorisation'!$F$12,E48='5_categorisation'!$D$13,'5_categorisation'!$F$13,E48='5_categorisation'!$D$14,'5_categorisation'!$F$14,E48='5_categorisation'!$D$15,'5_categorisation'!$F$15,E48='5_categorisation'!$D$16,'5_categorisation'!$F$16,E48='5_categorisation'!$D$17,'5_categorisation'!$F$17,E48='5_categorisation'!$D$18,'5_categorisation'!$F$18,E48='5_categorisation'!$D$19,'5_categorisation'!$F$19,E48='5_categorisation'!$D$20,'5_categorisation'!$F$20,E48='5_categorisation'!$D$21,'5_categorisation'!$F$21,E48='5_categorisation'!$D$22,'5_categorisation'!$F$22) -> gauche | G48: UNE AUTRE VOIE | H48: UNE AUTRE VOIE POUR LA BRETAGNE | I48: LOUAIL René | J48: =IFERROR(__xludf.DUMMYFUNCTION("FILTER(candidats!M:M,candidats!P:P=I48)"),"M") -> M | K48: 80516
A49: Bretagne | B49: =IFERROR(__xludf.DUMMYFUNCTION("FILTER('5_categorisation'!C:C,'5_categorisation'!A:A=A49)"),"Bretagne") -> Bretagne | C49: =IFS(A49='5_categorisation'!$A$2,'5_categorisation'!$B$2,A49='5_categorisation'!$A$3,'5_categorisation'!$B$3,A49='5_categorisation'!$A$4,'5_categorisation'!$B$4,A49='5_categorisation'!$A$5,'5_categorisation'!$B$5,A49='5_categorisation'!$A$6,'5_categorisation'!$B$6,A49='5_categorisation'!$A$7,'5_categorisation'!$B$7,A49='5_categorisation'!$A$8,'5_categorisation'!$B$8,A49='5_categorisation'!$A$9,'5_categorisation'!$B$9,A49='5_categorisation'!$A57,'5_categorisation'!$B$10,A49='5_categorisation'!$A$12,'5_categorisation'!$B$12,A49='5_categorisation'!$A$12,'5_categorisation'!$B$12,A49='5_categorisation'!$A$13,'5_categorisation'!$B$13,A49='5_categorisation'!$A$14,'5_categorisation'!$B$14,A49='5_categorisation'!$A$15,'5_categorisation'!$B$15,A49='5_categorisation'!$A$16,'5_categorisation'!$B$16,A49='5_categorisation'!$A$17,'5_categorisation'!$B$17,A49='5_categorisation'!$A$11,'5_categorisation'!$B$11) -> ouest | D49: 10 | E49: LFG | F49: =ifs(E49='5_categorisation'!$D$2,'5_categorisation'!$F$2,E49='5_categorisation'!$D$3,'5_categorisation'!$F$3,E49='5_categorisation'!$D$4,'5_categorisation'!$F$4,E49='5_categorisation'!$D$5,'5_categorisation'!$F$5,E49='5_categorisation'!$D$6,'5_categorisation'!$F$6,E49='5_categorisation'!$D$7,'5_categorisation'!$F$7,E49='5_categorisation'!$D$8,'5_categorisation'!$F$8,E49='5_categorisation'!$D$9,'5_categorisation'!$F$9,E49='5_categorisation'!$D$10,'5_categorisation'!$F$10,E49='5_categorisation'!$D$11,'5_categorisation'!$F$11,E49='5_categorisation'!$D$12,'5_categorisation'!$F$12,E49='5_categorisation'!$D$13,'5_categorisation'!$F$13,E49='5_categorisation'!$D$14,'5_categorisation'!$F$14,E49='5_categorisation'!$D$15,'5_categorisation'!$F$15,E49='5_categorisation'!$D$16,'5_categorisation'!$F$16,E49='5_categorisation'!$D$17,'5_categorisation'!$F$17,E49='5_categorisation'!$D$18,'5_categorisation'!$F$18,E49='5_categorisation'!$D$19,'5_categorisation'!$F$19,E49='5_categorisation'!$D$20,'5_categorisation'!$F$20,E49='5_categorisation'!$D$21,'5_categorisation'!$F$21,E49='5_categorisation'!$D$22,'5_categorisation'!$F$22) -> gauche | G49: L'HUMAIN D'ABORD | H49: pour une bretagne sociale et écologique: l'humain d'abord | I49: COMPAIN Xavier | J49: =IFERROR(__xludf.DUMMYFUNCTION("FILTER(candidats!M:M,candidats!P:P=I49)"),"M") -> M | K49: 44938
A50: Bretagne | B50: =IFERROR(__xludf.DUMMYFUNCTION("FILTER('5_categorisation'!C:C,'5_categorisation'!A:A=A50)"),"Bretagne") -> Bretagne | C50: =IFS(A50='5_categorisation'!$A$2,'5_categorisation'!$B$2,A50='5_categorisation'!$A$3,'5_categorisation'!$B$3,A50='5_categorisation'!$A$4,'5_categorisation'!$B$4,A50='5_categorisation'!$A$5,'5_categorisation'!$B$5,A50='5_categorisation'!$A$6,'5_categorisation'!$B$6,A50='5_categorisation'!$A$7,'5_categorisation'!$B$7,A50='5_categorisation'!$A$8,'5_categorisation'!$B$8,A50='5_categorisation'!$A$9,'5_categorisation'!$B$9,A50='5_categorisation'!$A58,'5_categorisation'!$B$10,A50='5_categorisation'!$A$12,'5_categorisation'!$B$12,A50='5_categorisation'!$A$12,'5_categorisation'!$B$12,A50='5_categorisation'!$A$13,'5_categorisation'!$B$13,A50='5_categorisation'!$A$14,'5_categorisation'!$B$14,A50='5_categorisation'!$A$15,'5_categorisation'!$B$15,A50='5_categorisation'!$A$16,'5_categorisation'!$B$16,A50='5_categorisation'!$A$17,'5_categorisation'!$B$17,A50='5_categorisation'!$A$11,'5_categorisation'!$B$11) -> ouest | D50: 11 | E50: LEXG | F50: =ifs(E50='5_categorisation'!$D$2,'5_categorisation'!$F$2,E50='5_categorisation'!$D$3,'5_categorisation'!$F$3,E50='5_categorisation'!$D$4,'5_categorisation'!$F$4,E50='5_categorisation'!$D$5,'5_categorisation'!$F$5,E50='5_categorisation'!$D$6,'5_categorisation'!$F$6,E50='5_categorisation'!$D$7,'5_categorisation'!$F$7,E50='5_categorisation'!$D$8,'5_categorisation'!$F$8,E50='5_categorisation'!$D$9,'5_categorisation'!$F$9,E50='5_categorisation'!$D$10,'5_categorisation'!$F$10,E50='5_categorisation'!$D$11,'5_categorisation'!$F$11,E50='5_categorisation'!$D$12,'5_categorisation'!$F$12,E50='5_categorisation'!$D$13,'5_categorisation'!$F$13,E50='5_categorisation'!$D$14,'5_categorisation'!$F$14,E50='5_categorisation'!$D$15,'5_categorisation'!$F$15,E50='5_categorisation'!$D$16,'5_categorisation'!$F$16,E50='5_categorisation'!$D$17,'5_categorisation'!$F$17,E50='5_categorisation'!$D$18,'5_categorisation'!$F$18,E50='5_categorisation'!$D$19,'5_categorisation'!$F$19,E50='5_categorisation'!$D$20,'5_categorisation'!$F$20,E50='5_categorisation'!$D$21,'5_categorisation'!$F$21,E50='5_categorisation'!$D$22,'5_categorisation'!$F$22) -> gauche | G50: LUTTE OUVRIERE | H50: LUTTE OUVRIERE - FAIRE ENTENDRE LE CAMP DES TRAVAILLEURS | I50: HAMON Valérie | J50: =IFERROR(__xludf.DUMMYFUNCTION("FILTER(candidats!M:M,candidats!P:P=I50)"),"F") -> F | K50: 16445
A51: Centre-Val de Loire | B51: =IFERROR(__xludf.DUMMYFUNCTION("FILTER('5_categorisation'!C:C,'5_categorisation'!A:A=A51)"),"Centre-Val de Loire") -> Centre-Val de Loire | C51: =IFS(A51='5_categorisation'!$A$2,'5_categorisation'!$B$2,A51='5_categorisation'!$A$3,'5_categorisation'!$B$3,A51='5_categorisation'!$A$4,'5_categorisation'!$B$4,A51='5_categorisation'!$A$5,'5_categorisation'!$B$5,A51='5_categorisation'!$A$6,'5_categorisation'!$B$6,A51='5_categorisation'!$A$7,'5_categorisation'!$B$7,A51='5_categorisation'!$A$8,'5_categorisation'!$B$8,A51='5_categorisation'!$A$9,'5_categorisation'!$B$9,A51='5_categorisation'!$A59,'5_categorisation'!$B$10,A51='5_categorisation'!$A$12,'5_categorisation'!$B$12,A51='5_categorisation'!$A$12,'5_categorisation'!$B$12,A51='5_categorisation'!$A$13,'5_categorisation'!$B$13,A51='5_categorisation'!$A$14,'5_categorisation'!$B$14,A51='5_categorisation'!$A$15,'5_categorisation'!$B$15,A51='5_categorisation'!$A$16,'5_categorisation'!$B$16,A51='5_categorisation'!$A$17,'5_categorisation'!$B$17,A51='5_categorisation'!$A$11,'5_categorisation'!$B$11) -> centre | D51: 1 | E51: LFN | F51: =ifs(E51='5_categorisation'!$D$2,'5_categorisation'!$F$2,E51='5_categorisation'!$D$3,'5_categorisation'!$F$3,E51='5_categorisation'!$D$4,'5_categorisation'!$F$4,E51='5_categorisation'!$D$5,'5_categorisation'!$F$5,E51='5_categorisation'!$D$6,'5_categorisation'!$F$6,E51='5_categorisation'!$D$7,'5_categorisation'!$F$7,E51='5_categorisation'!$D$8,'5_categorisation'!$F$8,E51='5_categorisation'!$D$9,'5_categorisation'!$F$9,E51='5_categorisation'!$D$10,'5_categorisation'!$F$10,E51='5_categorisation'!$D$11,'5_categorisation'!$F$11,E51='5_categorisation'!$D$12,'5_categorisation'!$F$12,E51='5_categorisation'!$D$13,'5_categorisation'!$F$13,E51='5_categorisation'!$D$14,'5_categorisation'!$F$14,E51='5_categorisation'!$D$15,'5_categorisation'!$F$15,E51='5_categorisation'!$D$16,'5_categorisation'!$F$16,E51='5_categorisation'!$D$17,'5_categorisation'!$F$17,E51='5_categorisation'!$D$18,'5_categorisation'!$F$18,E51='5_categorisation'!$D$19,'5_categorisation'!$F$19,E51='5_categorisation'!$D$20,'5_categorisation'!$F$20,E51='5_categorisation'!$D$21,'5_categorisation'!$F$21,E51='5_categorisation'!$D$22,'5_categorisation'!$F$22) -> droite | G51: LISTE FRONT NATIONAL | H51: LISTE FRONT NATIONAL PRESENTEE PAR MARINE LE PEN | I51: LOISEAU Philippe | J51: =IFERROR(__xludf.DUMMYFUNCTION("FILTER(candidats!M:M,candidats!P:P=I51)"),"M") -> M | K51: 262156
A52: Centre-Val de Loire | B52: =IFERROR(__xludf.DUMMYFUNCTION("FILTER('5_categorisation'!C:C,'5_categorisation'!A:A=A52)"),"Centre-Val de Loire") -> Centre-Val de Loire | C52: =IFS(A52='5_categorisation'!$A$2,'5_categorisation'!$B$2,A52='5_categorisation'!$A$3,'5_categorisation'!$B$3,A52='5_categorisation'!$A$4,'5_categorisation'!$B$4,A52='5_categorisation'!$A$5,'5_categorisation'!$B$5,A52='5_categorisation'!$A$6,'5_categorisation'!$B$6,A52='5_categorisation'!$A$7,'5_categorisation'!$B$7,A52='5_categorisation'!$A$8,'5_categorisation'!$B$8,A52='5_categorisation'!$A$9,'5_categorisation'!$B$9,A52='5_categorisation'!$A60,'5_categorisation'!$B$10,A52='5_categorisation'!$A$12,'5_categorisation'!$B$12,A52='5_categorisation'!$A$12,'5_categorisation'!$B$12,A52='5_categorisation'!$A$13,'5_categorisation'!$B$13,A52='5_categorisation'!$A$14,'5_categorisation'!$B$14,A52='5_categorisation'!$A$15,'5_categorisation'!$B$15,A52='5_categorisation'!$A$16,'5_categorisation'!$B$16,A52='5_categorisation'!$A$17,'5_categorisation'!$B$17,A52='5_categorisation'!$A$11,'5_categorisation'!$B$11) -> centre | D52: 2 | E52: LDIV | F52: =ifs(E52='5_categorisation'!$D$2,'5_categorisation'!$F$2,E52='5_categorisation'!$D$3,'5_categorisation'!$F$3,E52='5_categorisation'!$D$4,'5_categorisation'!$F$4,E52='5_categorisation'!$D$5,'5_categorisation'!$F$5,E52='5_categorisation'!$D$6,'5_categorisation'!$F$6,E52='5_categorisation'!$D$7,'5_categorisation'!$F$7,E52='5_categorisation'!$D$8,'5_categorisation'!$F$8,E52='5_categorisation'!$D$9,'5_categorisation'!$F$9,E52='5_categorisation'!$D$10,'5_categorisation'!$F$10,E52='5_categorisation'!$D$11,'5_categorisation'!$F$11,E52='5_categorisation'!$D$12,'5_categorisation'!$F$12,E52='5_categorisation'!$D$13,'5_categorisation'!$F$13,E52='5_categorisation'!$D$14,'5_categorisation'!$F$14,E52='5_categorisation'!$D$15,'5_categorisation'!$F$15,E52='5_categorisation'!$D$16,'5_categorisation'!$F$16,E52='5_categorisation'!$D$17,'5_categorisation'!$F$17,E52='5_categorisation'!$D$18,'5_categorisation'!$F$18,E52='5_categorisation'!$D$19,'5_categorisation'!$F$19,E52='5_categorisation'!$D$20,'5_categorisation'!$F$20,E52='5_categorisation'!$D$21,'5_categorisation'!$F$21,E52='5_categorisation'!$D$22,'5_categorisation'!$F$22) -> autre | G52: L'UPR | H52: L'UPR, avec François ASSELINEAU - LE PARTI QUI MONTE malgré le silence des médias | I52: FOUQUIAU Thierry | J52: =IFERROR(__xludf.DUMMYFUNCTION("FILTER(candidats!M:M,candidats!P:P=I52)"),"M") -> M | K52: 12759
A53: Centre-Val de Loire | B53: =IFERROR(__xludf.DUMMYFUNCTION("FILTER('5_categorisation'!C:C,'5_categorisation'!A:A=A53)"),"Centre-Val de Loire") -> Centre-Val de Loire | C53: =IFS(A53='5_categorisation'!$A$2,'5_categorisation'!$B$2,A53='5_categorisation'!$A$3,'5_categorisation'!$B$3,A53='5_categorisation'!$A$4,'5_categorisation'!$B$4,A53='5_categorisation'!$A$5,'5_categorisation'!$B$5,A53='5_categorisation'!$A$6,'5_categorisation'!$B$6,A53='5_categorisation'!$A$7,'5_categorisation'!$B$7,A53='5_categorisation'!$A$8,'5_categorisation'!$B$8,A53='5_categorisation'!$A$9,'5_categorisation'!$B$9,A53='5_categorisation'!$A61,'5_categorisation'!$B$10,A53='5_categorisation'!$A$12,'5_categorisation'!$B$12,A53='5_categorisation'!$A$12,'5_categorisation'!$B$12,A53='5_categorisation'!$A$13,'5_categorisation'!$B$13,A53='5_categorisation'!$A$14,'5_categorisation'!$B$14,A53='5_categorisation'!$A$15,'5_categorisation'!$B$15,A53='5_categorisation'!$A$16,'5_categorisation'!$B$16,A53='5_categorisation'!$A$17,'5_categorisation'!$B$17,A53='5_categorisation'!$A$11,'5_categorisation'!$B$11) -> centre | D53: 3 | E53: LEXG | F53: =ifs(E53='5_categorisation'!$D$2,'5_categorisation'!$F$2,E53='5_categorisation'!$D$3,'5_categorisation'!$F$3,E53='5_categorisation'!$D$4,'5_categorisation'!$F$4,E53='5_categorisation'!$D$5,'5_categorisation'!$F$5,E53='5_categorisation'!$D$6,'5_categorisation'!$F$6,E53='5_categorisation'!$D$7,'5_categorisation'!$F$7,E53='5_categorisation'!$D$8,'5_categorisation'!$F$8,E53='5_categorisation'!$D$9,'5_categorisation'!$F$9,E53='5_categorisation'!$D$10,'5_categorisation'!$F$10,E53='5_categorisation'!$D$11,'5_categorisation'!$F$11,E53='5_categorisation'!$D$12,'5_categorisation'!$F$12,E53='5_categorisation'!$D$13,'5_categorisation'!$F$13,E53='5_categorisation'!$D$14,'5_categorisation'!$F$14,E53='5_categorisation'!$D$15,'5_categorisation'!$F$15,E53='5_categorisation'!$D$16,'5_categorisation'!$F$16,E53='5_categorisation'!$D$17,'5_categorisation'!$F$17,E53='5_categorisation'!$D$18,'5_categorisation'!$F$18,E53='5_categorisation'!$D$19,'5_categorisation'!$F$19,E53='5_categorisation'!$D$20,'5_categorisation'!$F$20,E53='5_categorisation'!$D$21,'5_categorisation'!$F$21,E53='5_categorisation'!$D$22,'5_categorisation'!$F$22) -> gauche | G53: LUTTE OUVRIERE | H53: LUTTE OUVRIERE - Faire entendre le camp des travailleurs | I53: MEGDOUD Farida | J53: =IFERROR(__xludf.DUMMYFUNCTION("FILTER(candidats!M:M,candidats!P:P=I53)"),"F") -> F | K53: 14612
