Workbook

Sheet donnees-du-repertoire-national-
A1: Nom de l'élu | B1: Prénom de l'élu | C1: Code sexe | D1: Date de naissance | E1: Code profession | F1: Libellé de la profession | G1: Date de début du mandat | H1: Fonction | I1: Date de début de la fonction | J1: Nationalité de l'élu | K1: Type de fonction | L1: Code commune | M1: Commune | N1: Code département | O1: Département | P1: Code EPCI | Q1: Nom de l'EPCI | R1: Région | S1: code postal | T1: population
A2: PAIN | B2: Cédric | C2: M | D2: 27475 | E2: 105 | F2: Industriels-Chefs entreprise (obsolète) | G2: 41728 | H2: Maire | I2: 41763 | J2: Française | K2: Municipal | L2: 284 | M2: Mios | N2: 33 | O2: GIRONDE | P2: 243301504 | Q2: CA du Bassin d'Arcachon Nord | R2: AQUITAINE | S2: =N2*1000+L2 -> 33284 | T2: {=iferror(index('Copie de Feuille tri Amandine'!B:C,MATCH(S2,'Copie de Feuille tri Amandine'!B:B,0),2),"")} -> 9959
A3: ALAMINOS | B3: Gilbert | C3: M | D3: 20432 | E3: 101 | F3: Agriculteurs propriétaires exploit. (obsolète) | G3: 41721 | H3: Maire | I3: 41721 | J3: Française | K3: Municipal | L3: 306 | M3: Noaillac | N3: 33 | O3: GIRONDE | P3: 200044394 | Q3: CC du Réolais en Sud Gironde | R3: AQUITAINE | S3: =N3*1000+L3 -> 33306 | T3: {=iferror(index('Copie de Feuille tri Amandine'!B:C,MATCH(S3,'Copie de Feuille tri Amandine'!B:B,0),2),"")} -> 466
A4: RAYNAL | B4: Franck | C4: M | D4: 26254 | E4: 147 | F4: Fonctionnaires de catégorie A (obsolète) | G4: 41728 | H4: Maire | I4: 41763 | J4: Française | K4: Municipal | L4: 318 | M4: Pessac | N4: 33 | O4: GIRONDE | P4: 243300316 | Q4: Bordeaux Métropole | R4: AQUITAINE | S4: =N4*1000+L4 -> 33318 | T4: {=iferror(index('Copie de Feuille tri Amandine'!B:C,MATCH(S4,'Copie de Feuille tri Amandine'!B:B,0),2),"")} -> 63808
A5: MAU | B5: Didier | C5: M | D5: 18884 | E5: 150 | F5: Cadres sup. (entreprises publiques) (obsolète) | G5: 41721 | H5: Maire | I5: 41721 | J5: Française | K5: Municipal | L5: 322 | M5: Le Pian-Médoc | N5: 33 | O5: GIRONDE | P5: 243301447 | Q5: CC Médoc Estuaire | R5: AQUITAINE | S5: =N5*1000+L5 -> 33322 | T5: {=iferror(index('Copie de Feuille tri Amandine'!B:C,MATCH(S5,'Copie de Feuille tri Amandine'!B:B,0),2),"")}
A6: BARBEYRON | B6: Jean-Luc | C6: M | D6: 21357 | E6: 110 | F6: Artisans (obsolète) | G6: 41721 | H6: Maire | I6: 41721 | J6: Française | K6: Municipal | L6: 328 | M6: Pomerol | N6: 33 | O6: GIRONDE | P6: 200070092 | Q6: CA du Libournais | R6: AQUITAINE | S6: =N6*1000+L6 -> 33328 | T6: {=iferror(index('Copie de Feuille tri Amandine'!B:C,MATCH(S6,'Copie de Feuille tri Amandine'!B:B,0),2),"")} -> 607
A7: BURTIN-DAUZAN | B7: Nathalie | C7: F | D7: 25776 | E7: 147 | F7: Fonctionnaires de catégorie A (obsolète) | G7: 41728 | H7: Maire | I7: 41728 | J7: Française | K7: Municipal | L7: 474 | M7: Saint-Selve | N7: 33 | O7: GIRONDE | P7: 243301264 | Q7: CC de Montesquieu | R7: AQUITAINE | S7: =N7*1000+L7 -> 33474 | T7: {=iferror(index('Copie de Feuille tri Amandine'!B:C,MATCH(S7,'Copie de Feuille tri Amandine'!B:B,0),2),"")} -> 3026
A8: BONNAMY | B8: Nicole | C8: F | D8: 16710 | E8: 163 | F8: Retraités fonct.publique (sf enseig.) (obsolète) | G8: 41728 | H8: Maire | I8: 41728 | J8: Française | K8: Municipal | L8: 482 | M8: Saint-Sulpice-de-Pommiers | N8: 33 | O8: GIRONDE | P8: 200069599 | Q8: CC rurales de l'Entre-Deux-Mers | R8: AQUITAINE | S8: =N8*1000+L8 -> 33482 | T8: {=iferror(index('Copie de Feuille tri Amandine'!B:C,MATCH(S8,'Copie de Feuille tri Amandine'!B:B,0),2),"")} -> 225
A9: CIMBRON | B9: Segundo | C9: M | D9: 21221 | E9: 115 | F9: Contremaitres (obsolète) | G9: 41721 | H9: Maire | I9: 41728 | J9: Française | K9: Municipal | L9: 493 | M9: Saint-Yzans-de-Médoc | N9: 33 | O9: GIRONDE | P9: 200069995 | Q9: CC Médoc Coeur de Presqu'île | R9: AQUITAINE | S9: =N9*1000+L9 -> 33493 | T9: {=iferror(index('Copie de Feuille tri Amandine'!B:C,MATCH(S9,'Copie de Feuille tri Amandine'!B:B,0),2),"")} -> 374
A10: FOSTIER | B10: Danielle | C10: F | D10: 24543 | E10: 134 | F10: Experts comptables (obsolète) | G10: 41721 | H10: Maire | I10: 43010 | J10: Française | K10: Municipal | L10: 520 | M10: Taillecavat | N10: 33 | O10: GIRONDE | P10: 200069599 | Q10: CC rurales de l'Entre-Deux-Mers | R10: AQUITAINE | S10: =N10*1000+L10 -> 33520 | T10: {=iferror(index('Copie de Feuille tri Amandine'!B:C,MATCH(S10,'Copie de Feuille tri Amandine'!B:B,0),2),"")} -> 300
A11: TRAVAILLOT | B11: Josette | C11: F | D11: 18700 | E11: 161 | F11: Retraités salariés privés (obsolète) | G11: 41728 | H11: Maire | I11: 41728 | J11: Française | K11: Municipal | L11: 531 | M11: Tizac-de-Curton | N11: 33 | O11: GIRONDE | P11: 200070092 | Q11: CA du Libournais | R11: AQUITAINE | S11: =N11*1000+L11 -> 33531 | T11: {=iferror(index('Copie de Feuille tri Amandine'!B:C,MATCH(S11,'Copie de Feuille tri Amandine'!B:B,0),2),"")} -> 330
A12: BAUP | B12: Jeanne-Marie | C12: F | D12: 15101 | E12: 162 | F12: Retraités de l'enseignement (obsolète) | G12: 41728 | H12: Maire | I12: 41728 | J12: Française | K12: Municipal | L12: 537 | M12: Uzeste | N12: 33 | O12: GIRONDE | P12: 200043974 | Q12: CC du Sud Gironde | R12: AQUITAINE | S12: =N12*1000+L12 -> 33537 | T12: {=iferror(index('Copie de Feuille tri Amandine'!B:C,MATCH(S12,'Copie de Feuille tri Amandine'!B:B,0),2),"")} -> 430
A13: FAUBET | B13: Dominique | C13: M | D13: 19163 | E13: 162 | F13: Retraités de l'enseignement (obsolète) | G13: 41721 | H13: Maire | I13: 41721 | J13: Française | K13: Municipal | L13: 552 | M13: Virelade | N13: 33 | O13: GIRONDE | P13: 200069581 | Q13: CC Convergence Garonne | R13: AQUITAINE | S13: =N13*1000+L13 -> 33552 | T13: {=iferror(index('Copie de Feuille tri Amandine'!B:C,MATCH(S13,'Copie de Feuille tri Amandine'!B:B,0),2),"")} -> 1062
... A536: DUBO | B536: Gérard | C536: M | D536: 17432 | E536: 124 | F536: Médecins (obsolète) | G536: 41721 | H536: Maire | I536: 41721 | J536: Française | K536: Municipal | L536: 12 | M536: Arsac | N536: 33 | O536: GIRONDE | P536: 243301447 | Q536: CC Médoc Estuaire | R536: AQUITAINE | S536: =N536*1000+L536 -> 33012 | T536: {=iferror(index('Copie de Feuille tri Amandine'!B:C,MATCH(S536,'Copie de Feuille tri Amandine'!B:B,0),2),"")}

Sheet Copie de Feuille tri Amandine
A1: commune | B1: code postal | C1: pop
A2: Saint-Antoine-du-Queyret | B2: 33372 | C2: 59 | D2: 33790 | E2: 59 (2017) | F2: =SUBSTITUTE(E2, "(2017)", " ") -> 59 | G2: 59 | H2: =SUBSTITUTE(G2, " ", "") -> 59
A3: Saint-Avit-de-Soulège | B3: 33377 | C3: 78 | D3: 33220 | E3: 78 (2017) | F3: =SUBSTITUTE(E3, "(2017)", " ") -> 78 | G3: 78 | H3: =SUBSTITUTE(G3, " ", "") -> 78
A4: Saint-Hilaire-du-Bois | B4: 33419 | C4: 78 | D4: 33540 | E4: 78 (2017) | F4: =SUBSTITUTE(E4, "(2017)", " ") -> 78 | G4: 78 | H4: =SUBSTITUTE(G4, " ", "") -> 78
A5: Mouillac | B5: 33295 | C5: 88 | D5: 33240 | E5: 88 (2017) | F5: =SUBSTITUTE(E5, "(2017)", " ") -> 88 | G5: 88 | H5: =SUBSTITUTE(G5, " ", "") -> 88
A6: Saint-Genis-du-Bois | B6: 33409 | C6: 89 | D6: 33760 | E6: 89 (2017) | F6: =SUBSTITUTE(E6, "(2017)", " ") -> 89 | G6: 89 | H6: =SUBSTITUTE(G6, " ", "") -> 89
A7: Saint-Laurent-du-Plan | B7: 33428 | C7: 92 | D7: 33190 | E7: 92 (2017) | F7: =SUBSTITUTE(E7, "(2017)", " ") -> 92 | G7: 92 | H7: =SUBSTITUTE(G7, " ", "") -> 92
A8: Martres | B8: 33275 | C8: 113 | D8: 33760 | E8: 113 (2017) | F8: =SUBSTITUTE(E8, "(2017)", " ") -> 113 | G8: 113 | H8: =SUBSTITUTE(G8, " ", "") -> 113
A9: Sillas | B9: 33513 | C9: 118 | D9: 33690 | E9: 118 (2017) | F9: =SUBSTITUTE(E9, "(2017)", " ") -> 118 | G9: 118 | H9: =SUBSTITUTE(G9, " ", "") -> 118
A10: Sainte-Foy-la-Longue | B10: 33403 | C10: 122 | D10: 33490 | E10: 122 (2017) | F10: =SUBSTITUTE(E10, "(2017)", " ") -> 122 | G10: 122 | H10: =SUBSTITUTE(G10, " ", "") -> 122
A11: Tayac | B11: 33526 | C11: 133 | D11: 33570 | E11: 133 (2017) | F11: =SUBSTITUTE(E11, "(2017)", " ") -> 133 | G11: 133 | H11: =SUBSTITUTE(G11, " ", "") -> 133
A12: Saint-Hippolyte | B12: 33420 | C12: 134 | D12: 33330 | E12: 134 (2017) | F12: =SUBSTITUTE(E12, "(2017)", " ") -> 134 | G12: 134 | H12: =SUBSTITUTE(G12, " ", "") -> 134
A13: Montignac | B13: 33292 | C13: 139 | D13: 33760 | E13: 139 (2017) | F13: =SUBSTITUTE(E13, "(2017)", " ") -> 139 | G13: 139 | H13: =SUBSTITUTE(G13, " ", "") -> 139
... A197: Roaillan | B197: 33357 | C197: 1700 | D197: 33210 | E197: 1 700 (2017) | F197: =SUBSTITUTE(E197, "(2017)", " ") -> 1 700 | G197: 1 700 | H197: =SUBSTITUTE(G197, " ", "") -> 1700
A198: Val-de-Livenne | B198: 33380 | C198: 1744 | D198: 33820 33860 | E198: 1 744 (2017) | F198: =SUBSTITUTE(E198, "(2017)", " ") -> 1 744 | G198: 1 744 | H198: =SUBSTITUTE(G198, " ", "") -> 1744
A199: Saint-Vivien-de-Médoc | B199: 33490 | C199: 1777 | D199: 33590 | E199: 1 777 (2017) | F199: =SUBSTITUTE(E199, "(2017)", " ") -> 1 777 | G199: 1 777 | H199: =SUBSTITUTE(G199, " ", "") -> 1777
A200: Sauveterre-de-Guyenne | B200: 33506 | C200: 1788 | D200: 33540 | E200: 1 788 (2017) | F200: =SUBSTITUTE(E200, "(2017)", " ") -> 1 788 | G200: 1 788 | H200: =SUBSTITUTE(G200, " ", "") -> 1788
A201: Moulis-en-Médoc | B201: 33297 | C201: 1830 | D201: 33480 | E201: 1 830 (2017) | F201: =SUBSTITUTE(E201, "(2017)", " ") -> 1 830 | G201: 1 830 | H201: =SUBSTITUTE(G201, " ", "") -> 1830
A202: Saint-Symphorien | B202: 33484 | C202: 1837 | D202: 33113 | E202: 1 837 (2017) | F202: =SUBSTITUTE(E202, "(2017)", " ") -> 1 837 | G202: 1 837 | H202: =SUBSTITUTE(G202, " ", "") -> 1837
A203: Saint-Émilion | B203: 33394 | C203: 1874 | D203: 33330 | E203: 1 874 (2017) | F203: =SUBSTITUTE(E203, "(2017)", " ") -> 1 874 | G203: 1 874 | H203: =SUBSTITUTE(G203, " ", "") -> 1874
A204: Saint-Gervais | B204: 33415 | C204: 1878 | D204: 33240 | E204: 1 878 (2017) | F204: =SUBSTITUTE(E204, "(2017)", " ") -> 1 878 | G204: 1 878 | H204: =SUBSTITUTE(G204, " ", "") -> 1878
A205: Sainte-Terre | B205: 33485 | C205: 1883 | D205: 33350 | E205: 1 883 (2017) | F205: =SUBSTITUTE(E205, "(2017)", " ") -> 1 883 | G205: 1 883 | H205: =SUBSTITUTE(G205, " ", "") -> 1883
A206: Saint-Maixant | B206: 33438 | C206: 1919 | D206: 33490 | E206: 1 919 (2017) | F206: =SUBSTITUTE(E206, "(2017)", " ") -> 1 919 | G206: 1 919 | H206: =SUBSTITUTE(G206, " ", "") -> 1919
A207: Saint-Christoly-de-Blaye | B207: 33382 | C207: 1973 | D207: 33920 | E207: 1 973 (2017) | F207: =SUBSTITUTE(E207, "(2017)", " ") -> 1 973 | G207: 1 973 | H207: =SUBSTITUTE(G207, " ", "") -> 1973
A208: Saint-Magne-de-Castillon | B208: 33437 | C208: 1998 | D208: 33350 | E208: 1 998 (2017) | F208: =SUBSTITUTE(E208, "(2017)", " ") -> 1 998 | G208: 1 998 | H208: =SUBSTITUTE(G208, " ", "") -> 1998
A209: Saint-Macaire | B209: 33435 | C209: 2076 | D209: 33490 | E209: 2 076 (2017) | F209: =SUBSTITUTE(E209, "(2017)", " ") -> 2 076 | G209: 2 076 | H209: =SUBSTITUTE(G209, " ", "") -> 2076
A210: Targon | B210: 33523 | C210: 2077 | D210: 33760 | E210: 2 077 (2017) | F210: =SUBSTITUTE(E210, "(2017)", " ") -> 2 077 | G210: 2 077 | H210: =SUBSTITUTE(G210, " ", "") -> 2077
... A264: Mérignac | B264: 33281 | C264: 70105 | D264: 33700 | E264: 70 105 (2017) | F264: =SUBSTITUTE(E264, "(2017)", " ") -> 70 105 | G264: 70 105 | H264: =SUBSTITUTE(G264, " ", "") -> 70105
A265: Gironde | B265: 33 | C265: 1583384 | E265: 1 583 384 (2017) | F265: =SUBSTITUTE(E265, "(2017)", " ") -> 1 583 384 | G265: 1 583 384 | H265: =SUBSTITUTE(G265, " ", "") -> 1583384
A266: Nom | B266: Code Insee | D266: Code postal | E266: Population (dernière pop. légale)
